id,nombre,tipo,comuna,barrio,longitud_m,geometry
10650,"PERON, JUAN DOMINGO, TTE. GENERAL",Ciclovías mano única,1,San Nicolas,52.98,"LINESTRING (-58.3802625790606 -34.60605608516321, -58.38069531139327 -34.60607701299656, -58.38083915848382 -34.60608358926493)"
14588,RINCON,Ciclovías,3,San Cristobal,118.72,"LINESTRING (-58.395928300929576 -34.61956183463126, -58.39591782883968 -34.61966028073997, -58.395808265065234 -34.62062734443633)"
7180,NUEVA YORK,Ciclovías,15,Agronomia,129.98,"LINESTRING (-58.49641933160354 -34.59071404109298, -58.497398949418056 -34.5913204013154, -58.497553801891044 -34.591415852521045)"
15268,ESTADOS UNIDOS,Ciclovías,5,Boedo,71.0,"LINESTRING (-58.42270933136431 -34.62306774122645, -58.4234776919029 -34.62314609398324)"
17386,ESTRADA,Ciclovías,7,Parque Chacabuco,132.34,"LINESTRING (-58.42598142884307 -34.630450698797084, -58.42740394142368 -34.63065211374757)"
2235,"FIGUEROA ALCORTA, PRES. AV.",Ciclovías,14,Palermo,88.27,"LINESTRING (-58.42337067154399 -34.562678856054404, -58.42357590629876 -34.56240753617473, -58.42372484007852 -34.56223357660537, -58.42390464227646 -34.56201732505123)"
32401,DEL LIBERTADOR AV.,Ciclovías,14,Palermo,174.07,"LINESTRING (-58.413161479160635 -34.57579669686849, -58.41370938726835 -34.57535589896259, -58.414395860714755 -34.57501749088829, -58.41463133295556 -34.57482212162811)"
13775,CHACO,Ciclovías,6,Caballito,26.08,"LINESTRING (-58.43149450778304 -34.61756873205811, -58.43176826073047 -34.617632254626166)"
14804,"CEVALLOS, VIRREY",Ciclovías,1,Constitucion,148.33,"LINESTRING (-58.38884143804591 -34.62005152362587, -58.388829262390715 -34.620235743743216, -58.388744837151386 -34.62138619872847)"
14229,FRAY CAYETANO RODRIGUEZ,Ciclovías,7,Flores,126.83,"LINESTRING (-58.46780846759825 -34.619281266929804, -58.468425821111076 -34.61825820164046)"
14153,"GONZALEZ, ELPIDIO",Ciclovías,10,Monte Castro,113.14,"LINESTRING (-58.496526348831864 -34.618241389955905, -58.49739594037219 -34.61896475054716)"
17058,BOLIVAR,Ciclovías,4,Barracas,18.81,"LINESTRING (-58.372030538358516 -34.62926788226507, -58.371986055831655 -34.62943341405067)"
6841,FRENCH,Ciclovías,2,Recoleta,113.17,"LINESTRING (-58.40088806969391 -34.589879604098506, -58.40189647387159 -34.589292147868136)"
17020,"BLANES, JUAN MANUEL",Ciclovías,4,La Boca,103.99,"LINESTRING (-58.359943091437 -34.62854837227924, -58.360650490391315 -34.62928101937719)"
7825,ARENALES,Ciclovías,2,Recoleta,117.05,"LINESTRING (-58.3872937790394 -34.59464394521585, -58.38744041195993 -34.594656290176815, -58.38846256359619 -34.594672344099436, -58.38856866910028 -34.59467557819012)"
5268,GODOY CRUZ,Ciclovías,14,Palermo,139.77,"LINESTRING (-58.42889126932933 -34.58280748830656, -58.427997655757196 -34.58178707348349)"
32400,DEL LIBERTADOR AV.,Ciclovías,14,Palermo,250.94,"LINESTRING (-58.413161479160635 -34.57579669686849, -58.41343218599782 -34.57600572222287, -58.414762556685446 -34.57541892552351, -58.41484544767245 -34.575436846164806, -58.41495645133545 -34.57545775910172, -58.415091980979504 -34.575450656791816, -58.41515542662002 -34.57543637102879, -58.41524739657545 -34.57541912816006, -58.41557610912088 -34.57554308242817)"
9556,TUCUMAN,Ciclovías,1,San Nicolas,36.99,"LINESTRING (-58.3909001167731 -34.601888785982624, -58.39116905862251 -34.60190528353649, -58.39130233786311 -34.601912827152105)"
9796,"MOREAU DE JUSTO, ALICIA AV.",Ciclovías,1,Puerto Madero,122.41,"LINESTRING (-58.367363596196874 -34.60166960214689, -58.36723907545113 -34.6027682304699)"
8802,CORDOBA AV.,Ciclovías mano única,1,Retiro,39.69,"LINESTRING (-58.38209271744201 -34.59906946729082, -58.38252464835826 -34.59908954301711)"
20969,QUILMES,Ciclovías,4,Nueva Pompeya,127.44,"LINESTRING (-58.41794889415632 -34.64191484586334, -58.417888700910524 -34.64213855776237, -58.417646559844336 -34.64303615096719)"
19214,RONDEAU,Ciclovías,4,Parque Patricios,168.77,"LINESTRING (-58.40914406034333 -34.63667331975281, -58.40930336252637 -34.63671317948915, -58.41092966579978 -34.63704170862011)"
22442,QUILMES,Ciclovías,4,Nueva Pompeya,62.33,"LINESTRING (-58.41741991731151 -34.64734504397737, -58.4174295778085 -34.6479068828576)"
5105,ROSETI,Ciclovías,15,Chacarita,98.5,"LINESTRING (-58.45945905443102 -34.58186162687652, -58.46053257783448 -34.581853275502276)"
31866,GODOY CRUZ,Ciclovías,14,Palermo,72.65,"LINESTRING (-58.43064020227634 -34.58480359438891, -58.430175302671465 -34.584273504040894)"
10575,"GARCIA, JUAN AGUSTIN",Ciclovías,11,Villa Gral. Mitre,124.24,"LINESTRING (-58.47243849408413 -34.60528687506274, -58.47359287659506 -34.60587270720382)"
29710,"ROLDAN, BELISARIO AV.",Ciclovías,14,Palermo,18.25,"LINESTRING (-58.41789762070706 -34.566582767755335, -58.41796079949435 -34.56673874325249)"
3114,"GARCIA, TEODORO",Ciclovías,14,Palermo,189.2,"LINESTRING (-58.444445161406165 -34.56820080760357, -58.44570628191435 -34.56955003784114)"
16708,MORON,Ciclovías,10,Floresta,117.52,"LINESTRING (-58.487192774430454 -34.62791608272016, -58.487825038752376 -34.628070888500005, -58.48842169175094 -34.62821647288527)"
14513,"CALVO, CARLOS",Ciclovías,3,San Cristobal,153.29,"LINESTRING (-58.39162590750209 -34.62022340471038, -58.39185623600527 -34.62023811746066, -58.3930943224295 -34.62031718275204, -58.393133451557425 -34.62033986013431, -58.39316849884358 -34.620461205537126)"
20423,PRIMERA JUNTA,Ciclovías,7,Flores,72.93,"LINESTRING (-58.46033157879443 -34.640807246453214, -58.460936191201185 -34.641234446522795)"
19293,PICHEUTA,Ciclovías,7,Parque Chacabuco,101.53,"LINESTRING (-58.43510311996953 -34.63639574319731, -58.43478714687841 -34.6372728611105)"
2814,"GARCIA, TEODORO",Ciclovías,14,Palermo,107.95,"LINESTRING (-58.44305175659102 -34.5666309037354, -58.44374496179126 -34.56741701914318)"
32921,"MOREAU DE JUSTO, ALICIA AV.",Ciclovías,1,Puerto Madero,9.09,"LINESTRING (-58.36571924622075 -34.61797561020558, -58.365717087137305 -34.61805748501452)"
11121,BOLIVAR,Ciclovías,1,Monserrat,10.77,"LINESTRING (-58.37357498279493 -34.60793954586973, -58.37351765547804 -34.60802429359989)"
18587,LAS CASAS,Ciclovías,5,Boedo,139.75,"LINESTRING (-58.412736866909256 -34.634282444935366, -58.414168734272494 -34.63471402024473)"
3865,CERETTI,Ciclovías,12,Villa Urquiza,99.83,"LINESTRING (-58.49564164325537 -34.57497628524841, -58.49624362198957 -34.57422667289365)"
27773,CHIVILCOY AV.,Ciclovías mano única,11,Villa Devoto,116.75,"LINESTRING (-58.51712015483071 -34.59412386283441, -58.51787606501024 -34.593277226218696)"
12809,"VALLESE, FELIPE",Ciclovías,6,Caballito,114.52,"LINESTRING (-58.44744139586257 -34.61389032085099, -58.44855903170865 -34.61435053751393)"
14079,DOBLAS,Ciclovías,6,Caballito,123.76,"LINESTRING (-58.43149450778304 -34.61756873205811, -58.43130727835836 -34.618673556075436)"
15887,CONSTITUCION,Ciclovías,1,Constitucion,154.75,"LINESTRING (-58.38965623479029 -34.625065104236604, -58.39133221329164 -34.625227303541045)"
14208,CHIVILCOY,Ciclovías,10,Floresta,67.69,"LINESTRING (-58.49344041034247 -34.61917706219037, -58.49397359385869 -34.6187551635085)"
11858,"GARCIA, JUAN AGUSTIN",Ciclovías,11,Villa Santa Rita,27.33,"LINESTRING (-58.482725484606995 -34.61067314188909, -58.48297695410412 -34.61080521608491)"
1058,GARCIA DEL RIO,Ciclovías,12,Saavedra,111.25,"LINESTRING (-58.47958979917443 -34.552032720739625, -58.47968496207483 -34.55205031405288, -58.480106125594496 -34.552102581978495, -58.480571255608936 -34.55212560812411, -58.48078672657392 -34.55217220634374)"
17214,"HUGO, VICTOR",Ciclovías,10,Villa Luro,125.54,"LINESTRING (-58.51008905500127 -34.63006095064349, -58.51110644995883 -34.629303717168376)"
128,DEL LIBERTADOR AV.,Ciclovías,13,Nuñez,29.09,"LINESTRING (-58.46318234066247 -34.54158479247798, -58.46336529040063 -34.54137062760331)"
8149,"ALVEAR, MARCELO T. DE",Ciclovías,1,Retiro,63.74,"LINESTRING (-58.376263456323365 -34.59626998268777, -58.37695818936537 -34.596278856646734)"
31263,PASEO INTERNO AGRONOMIA (NO OFICIAL),Ciclovías,15,Agronomia,242.53,"LINESTRING (-58.490299432216055 -34.59297141327881, -58.4898908628271 -34.592947747287, -58.48765847554281 -34.59287664725476)"
13166,"CEVALLOS, VIRREY",Ciclovías,1,Monserrat,97.07,"LINESTRING (-58.38897271295549 -34.614695058461514, -58.38897411807748 -34.614838793554036, -58.38897718514413 -34.61541154920802, -58.38897712903365 -34.6155700723133)"
8929,CORDOBA AV.,Ciclovías mano única,2,Recoleta,126.66,"LINESTRING (-58.39155628079883 -34.59956364536317, -58.392934176571934 -34.5996364206646)"
2227,"PEDRAZA, MANUELA",Ciclovías,12,Villa Urquiza,102.25,"LINESTRING (-58.48622080500501 -34.56218413890017, -58.48637660701047 -34.56226087178199, -58.48718456495405 -34.562646569830854)"
12472,"DIAZ, CESAR, GRAL.",Ciclovías,11,Villa Gral. Mitre,134.76,"LINESTRING (-58.47522261666743 -34.61241983383174, -58.476459751077805 -34.613075208427865)"
18338,"HUGO, VICTOR",Ciclovías,10,Villa Luro,118.95,"LINESTRING (-58.504972975349155 -34.63388436771625, -58.50594137517798 -34.63317095371222)"
30734,SARMIENTO AV.,Ciclovías,14,Palermo,60.18,"LINESTRING (-58.412318664692926 -34.57217262538671, -58.41202271464176 -34.571979654863014, -58.41178332344347 -34.57186125448317)"
11860,"ALSINA, ADOLFO",Ciclovías mano única,1,Monserrat,37.35,"LINESTRING (-58.380597180519636 -34.610729827600736, -58.38100271937791 -34.61076053797962)"
6668,GRIVEO,Ciclovías,11,Villa Devoto,89.32,"LINESTRING (-58.510357477652434 -34.5886465397931, -58.51113724539546 -34.58912863932122)"
9383,PADILLA,Ciclovías,15,Villa Crespo,97.64,"LINESTRING (-58.44109040499388 -34.601297882654436, -58.44182452976848 -34.600660539485865)"
14966,"CALVO, CARLOS",Ciclovías,3,San Cristobal,113.78,"LINESTRING (-58.406154023932736 -34.62181778459456, -58.40736267167513 -34.62204912217659)"
15272,BOLIVAR,Ciclovías,1,San Telmo,138.59,"LINESTRING (-58.37280180804787 -34.62188879912949, -58.37279045657595 -34.622065623723856, -58.372739884963906 -34.623057851008745, -58.37273571009352 -34.62313686288638)"
5905,ROSETI,Ciclovías,15,Chacarita,105.39,"LINESTRING (-58.44746453700283 -34.58576537900431, -58.44849033175703 -34.58533789449492)"
4704,LA PAMPA,Ciclovías,12,Villa Urquiza,33.61,"LINESTRING (-58.480183223454816 -34.579819988480516, -58.48048339216559 -34.57999368225919)"
28882,COMPLEJO PARQUE DE LOS NIÑOS (SIN NOMBRE OFICIAL),Ciclovías,13,Nuñez,53.91,"LINESTRING (-58.45402462942493 -34.53097784649646, -58.454521148669066 -34.53071837367023)"
21292,"RODO, JOSE E.",Ciclovías,9,Parque Avellaneda,92.18,"LINESTRING (-58.486405837282504 -34.64355884973845, -58.487101486175554 -34.64415872092402)"
27299,"ROCA, CNEL. AV.",Ciclovías,8,Villa Riachuelo,33.6,"LINESTRING (-58.46159349012648 -34.690460603836705, -58.461838501787504 -34.69068596487203)"
6738,GORRITI,Ciclovías,14,Palermo,113.53,"LINESTRING (-58.43120968026304 -34.589389222885096, -58.43218696966454 -34.588761436919185)"
20669,"RODO, JOSE E.",Ciclovías,9,Parque Avellaneda,265.21,"LINESTRING (-58.48111272641526 -34.640368372224174, -58.48168823677591 -34.64088786886256, -58.48199180079681 -34.64114895176411, -58.48210130926512 -34.64122787928274, -58.482195305094926 -34.64128392158289, -58.48266817373685 -34.64152349737444, -58.48273907611394 -34.64156658505914, -58.48279532325492 -34.64161108350883, -58.482856858232246 -34.641676567181605, -58.482887968556916 -34.64171768930519, -58.482914648643806 -34.641760995250635, -58.48293826271966 -34.64181035807404, -58.483017484776106 -34.64208231946461)"
2916,ECHEVERRIA,Ciclovías,13,Belgrano,125.58,"LINESTRING (-58.46358782879948 -34.56753231984561, -58.46470076497778 -34.568190917429355)"
5821,GRIVEO,Ciclovías,12,Villa Pueyrredon,73.01,"LINESTRING (-58.504395969271904 -34.58496327579519, -58.50503282819104 -34.585357925910145)"
7129,GRIVEO,Ciclovías,11,Villa Devoto,51.85,"LINESTRING (-58.51387834746302 -34.59082826731505, -58.514139873367625 -34.590990907874996, -58.51433120410603 -34.591107872246724)"
14689,"CALVO, CARLOS",Ciclovías,3,San Cristobal,87.0,"LINESTRING (-58.3998305233568 -34.620906196936424, -58.40077518240158 -34.620978164502695)"
19643,USPALLATA,Ciclovías,4,Parque Patricios,156.0,"LINESTRING (-58.39800644836189 -34.6381798513462, -58.3996670047447 -34.638485943069256)"
11561,"ARTIGAS, JOSE GERVASIO, GRAL.",Ciclovías,11,Villa Gral. Mitre,133.33,"LINESTRING (-58.475523408911975 -34.609725119212776, -58.47615127993106 -34.60893680421688, -58.476323552976396 -34.60872171249707)"
31702,SENDERO PARQUE CHACABUCO (NO OFICIAL),Ciclovías,7,Parque Chacabuco,254.31,"LINESTRING (-58.44465156739825 -34.63431155736229, -58.44435249072173 -34.63458718197864, -58.44425663161157 -34.63467905726466, -58.4441492666741 -34.634793111006886, -58.44406106643533 -34.634919842029504, -58.44399970235425 -34.63504023987997, -58.443957508120086 -34.63515113480973, -58.44392680880794 -34.6352873803849, -58.44392295166107 -34.63539194397019, -58.44396507766774 -34.63558523574431, -58.44409918281798 -34.63590211739802, -58.444187307301476 -34.63612076497461, -58.44422562243849 -34.636215829116054, -58.44407975201152 -34.63631671276265)"
1043,GARCIA DEL RIO,Ciclovías,12,Saavedra,103.23,"LINESTRING (-58.47854298571659 -34.55170651022488, -58.47868582211427 -34.55177529674284, -58.47893633483538 -34.55187005587645, -58.47921765906184 -34.551959810364345, -58.479374959290745 -34.55199302997239, -58.47958979917443 -34.552032720739625)"
16861,LINIERS VIRREY,Ciclovías,5,Boedo,117.01,"LINESTRING (-58.413350168078075 -34.62768748883079, -58.41325318332098 -34.628739220960135)"
17994,USPALLATA,Ciclovías,4,Barracas,134.63,"LINESTRING (-58.37428888249098 -34.63181394306264, -58.375205879931485 -34.63276173078304)"
9895,CORRIENTES AV.,Ciclovías mano única,1,San Nicolas,63.08,"LINESTRING (-58.3704125010713 -34.603013905923156, -58.37061924196509 -34.60302487238801, -58.37109827562857 -34.60305643294922)"
7167,SUIPACHA,Ciclovías,1,Retiro,165.9,"LINESTRING (-58.38014179898945 -34.59145169378096, -58.380147100706125 -34.59134408997433, -58.3793969545921 -34.59010267527129)"
27862,"BORGES, JORGE LUIS",Ciclovías,14,Palermo,47.65,"LINESTRING (-58.42995582604729 -34.588871835548886, -58.42979232501645 -34.58846410763337)"
17247,"BLANES, JUAN MANUEL",Ciclovías,4,La Boca,118.57,"LINESTRING (-58.360650490391315 -34.62928101937719, -58.36130829570605 -34.62996235271591, -58.361456090896326 -34.63011698480269)"
23251,"RODO, JOSE E.",Ciclovías,9,Mataderos,59.53,"LINESTRING (-58.4948915263354 -34.650868552421116, -58.49534511202232 -34.65125252128901)"
16624,TACUARI,Ciclovías,1,Constitucion,125.23,"LINESTRING (-58.37726613439525 -34.62682595757079, -58.37663337180342 -34.62782632385455)"
14030,MENDEZ DE ANDES,Ciclovías,6,Caballito,106.78,"LINESTRING (-58.456201335062005 -34.61820641200381, -58.457295235066304 -34.61853605234435)"
30282,SARMIENTO AV.,Ciclovías,14,Palermo,294.18,"LINESTRING (-58.407862748355534 -34.567268177780505, -58.40761973639957 -34.566989302654925, -58.4074864425542 -34.56686239991619, -58.40735205186331 -34.566750539651814, -58.40719637128887 -34.566668169742705, -58.40691239655075 -34.56659142158246, -58.406642552747655 -34.566577197565465, -58.40636904036021 -34.566593723302006, -58.40599234691139 -34.56670780960738, -58.40546184680834 -34.56696746379832, -58.405163250279564 -34.56711922409597)"
11037,"ARTIGAS, JOSE GERVASIO, GRAL.",Ciclovías,11,Villa Gral. Mitre,55.39,"LINESTRING (-58.477128021406 -34.607717173103495, -58.47746446782468 -34.60730255111356)"
13347,"GARCIA, JUAN AGUSTIN",Ciclovías,11,Villa Santa Rita,98.2,"LINESTRING (-58.49115682963852 -34.61547009332588, -58.49190450576277 -34.61610373130493)"
6150,LOYOLA,Ciclovías,15,Chacarita,45.65,"LINESTRING (-58.4450587921736 -34.58692140173696, -58.44540320789139 -34.586624405213804)"
28872,COMPLEJO CIUDAD UNIVERSITARIA (SIN NOMBRE OFICIAL),Ciclovías,13,Belgrano,61.93,"LINESTRING (-58.447534106362745 -34.540393606494796, -58.44798867652129 -34.539981135673216)"
16780,MORON,Ciclovías,10,Floresta,83.19,"LINESTRING (-58.48842169175094 -34.62821647288527, -58.489285029361184 -34.62844664663067)"
5663,"ALVAREZ, JULIAN",Ciclovías,14,Palermo,126.54,"LINESTRING (-58.411737661807265 -34.584655424006854, -58.410717208283 -34.58388814383104)"
30438,LA RABIDA (N) AV.,Ciclovías,1,San Nicolas,16.88,"LINESTRING (-58.36902858703982 -34.6064302191855, -58.36918898685305 -34.606355620487705)"
7249,MONTEVIDEO,Ciclovías,2,Recoleta,135.48,"LINESTRING (-58.387953572544234 -34.59164768560481, -58.387881837246745 -34.59159087978601, -58.386921086859736 -34.59077463484016)"
20532,MIRO,Ciclovías,7,Parque Chacabuco,22.49,"LINESTRING (-58.44260356374537 -34.64138912309586, -58.44253194153432 -34.641583056266754)"
2040,TRONADOR,Ciclovías,12,Coghlan,57.93,"LINESTRING (-58.4806754283221 -34.56093037876604, -58.48099387003406 -34.5604794780342)"
692,VILELA,Ciclovías,12,Saavedra,111.41,"LINESTRING (-58.47925166672131 -34.549081287019284, -58.47958777897416 -34.54909089076482, -58.47993164032373 -34.54911936622088, -58.48032929926724 -34.54917748181366, -58.48045305899974 -34.549204789087575)"
28003,"RODO, JOSE E.",Ciclovías,9,Parque Avellaneda,25.19,"LINESTRING (-58.482978423971964 -34.64229197545835, -58.48312674236915 -34.642314234971124, -58.48323634215467 -34.64226629954575)"
20999,"HORNOS, GRAL.",Ciclovías,4,Barracas,67.36,"LINESTRING (-58.37549037642358 -34.642525051233235, -58.37544804707162 -34.642910939361414, -58.375420634973835 -34.64312951291736)"
4763,GUATEMALA,Ciclovías,14,Palermo,129.61,"LINESTRING (-58.43196046942752 -34.58034939618741, -58.43297696532032 -34.57953815882484)"
28163,PATRICIAS ARGENTINAS AV.,Ciclovías,6,Caballito,38.23,"LINESTRING (-58.434276416822065 -34.604798969468874, -58.43464780996631 -34.60464250564615)"
9349,"OROÑO, NICASIO",Ciclovías,15,Paternal,118.42,"LINESTRING (-58.460657643399344 -34.60112937973726, -58.46037296625317 -34.600209359034345, -58.46033728620838 -34.60009527189483)"
32550,"FERNANDEZ, SARA BEATRIZ",Ciclovías,1,Retiro,28.4,"LINESTRING (-58.37720327522374 -34.58637279320912, -58.377203101845474 -34.58632179627061, -58.37716139411663 -34.586215631111166, -58.37709423641701 -34.586140555429665)"
8362,"ALVEAR, MARCELO T. DE",Ciclovías,2,Recoleta,143.15,"LINESTRING (-58.38978635559838 -34.59719509034136, -58.391346675310764 -34.59721235865723)"
19723,IRALA,Ciclovías,4,La Boca,95.36,"LINESTRING (-58.36647925904101 -34.637922839298085, -58.36634373105733 -34.63877513342691)"
14453,"CEVALLOS, VIRREY",Ciclovías,1,Constitucion,131.09,"LINESTRING (-58.388917027762695 -34.618871555531285, -58.38890870904686 -34.61902965096734, -58.38884143804591 -34.62005152362587)"
11654,"CEVALLOS, VIRREY",Ciclovías,1,Monserrat,111.58,"LINESTRING (-58.38917566322734 -34.60907785375123, -58.38905314402993 -34.61007856758463)"
3302,DEL LIBERTADOR AV.,Ciclovías,14,Palermo,85.29,"LINESTRING (-58.42324699857255 -34.57116828888843, -58.42352552964472 -34.571055772051245, -58.42386671281048 -34.57091661320284, -58.42407726279497 -34.57082298184812)"
23113,POLA,Ciclovías,9,Mataderos,137.27,"LINESTRING (-58.50054543017763 -34.64979927284436, -58.499575830839056 -34.65054400712466, -58.49944864519327 -34.650641580801924)"
14778,"GONZALEZ, ELPIDIO",Ciclovías,10,Monte Castro,110.72,"LINESTRING (-58.49975215737392 -34.620777894189324, -58.50076279273825 -34.62132386217003)"
27687,CALZADA CIRCULAR PLAZA ITALIA,Ciclovías,14,Palermo,78.95,"LINESTRING (-58.420119387376985 -34.5813704483093, -58.42014767295455 -34.5812430555625, -58.42023130068796 -34.581109181874844, -58.420403726700854 -34.580940783695624, -58.42058658574377 -34.58079398621544)"
21557,PEDERNERA,Ciclovías,7,Flores,120.95,"LINESTRING (-58.45135170446322 -34.64418440216372, -58.45050734286798 -34.64485171635212, -58.45039595967748 -34.64493586023148)"
18971,USPALLATA,Ciclovías,4,Barracas,109.55,"LINESTRING (-58.38732480372935 -34.63584427748398, -58.38827749154191 -34.63607015101281, -58.38847341394308 -34.63611590559896)"
3525,LA PAMPA,Ciclovías,13,Belgrano,27.57,"LINESTRING (-58.46711803014052 -34.572354542462136, -58.46736467746902 -34.57249643875848)"
7490,SERRANO,Ciclovías,15,Villa Crespo,124.49,"LINESTRING (-58.43670772866236 -34.59285060350887, -58.43560847985717 -34.59219267195113)"
14829,"CALVO, CARLOS",Ciclovías,3,San Cristobal,159.23,"LINESTRING (-58.402804714264654 -34.621132710809746, -58.404318934877125 -34.62144465320805, -58.40448928293621 -34.62148022883052)"
2132,ECHEVERRIA,Ciclovías,13,Belgrano,102.33,"LINESTRING (-58.45304121597196 -34.56130929109858, -58.45394705855146 -34.56184712210226)"
9014,TUCUMAN,Ciclovías,5,Almagro,117.3,"LINESTRING (-58.41372141148655 -34.599938754538286, -58.41384534430226 -34.59990788886062, -58.4149325637405 -34.59959972834054)"
19242,"ALCORTA, AMANCIO AV.",Ciclovías,4,Barracas,147.17,"LINESTRING (-58.38561397689087 -34.635919608915714, -58.38625188193234 -34.636740502065976, -58.38647809338654 -34.63703755202242)"
12112,TRES ARROYOS,Ciclovías,11,Villa Gral. Mitre,72.68,"LINESTRING (-58.46507754246237 -34.611336445056864, -58.46519968669463 -34.61140073987015, -58.46574490887223 -34.611689607344346)"
16907,"BONIFACIO, JOSE",Ciclovías,6,Caballito,76.06,"LINESTRING (-58.447995470039174 -34.62881810622565, -58.448808283468765 -34.62895468584747)"
827,CUBA,Ciclovías,13,Nuñez,100.95,"LINESTRING (-58.46439235194694 -34.550270521451765, -58.464962515125464 -34.549492327474866)"
13439,CHILE,Ciclovías,1,Monserrat,40.07,"LINESTRING (-58.38074747748405 -34.616447256892876, -58.38118367090443 -34.616468396611054)"
2290,AMENABAR,Ciclovías,13,Belgrano,129.0,"LINESTRING (-58.45856701700959 -34.563141642109265, -58.45938155759848 -34.562193903921)"
16130,DOBLAS,Ciclovías,6,Caballito,81.08,"LINESTRING (-58.43008543543563 -34.62543309839464, -58.42995751379519 -34.625985182383566, -58.42992004840709 -34.6261510894868)"
3505,LA PAMPA,Ciclovías,13,Belgrano,125.42,"LINESTRING (-58.46600025207929 -34.571703995809045, -58.46711803014052 -34.572354542462136)"
18099,15 DE NOVIEMBRE DE 1889,Ciclovías,4,Parque Patricios,118.63,"LINESTRING (-58.39561765965015 -34.63274800476968, -58.39583180499382 -34.632800799992175, -58.39685995118278 -34.633046437233276)"
6259,HUMBOLDT,Ciclovías,14,Palermo,153.91,"LINESTRING (-58.438327086830384 -34.5874257117865, -58.43717103926225 -34.586420381569674)"
14732,"CALVO, CARLOS",Ciclovías,3,San Cristobal,95.45,"LINESTRING (-58.40176831135222 -34.62105374080397, -58.402804714264654 -34.621132710809746)"
18254,ESTRADA,Ciclovías,7,Parque Chacabuco,54.49,"LINESTRING (-58.439672266776725 -34.63329950058966, -58.440175548253606 -34.63356072642193)"
16534,MORON,Ciclovías,10,Floresta,120.39,"LINESTRING (-58.48469790684567 -34.62731245476511, -58.48595875417718 -34.62761490644847)"
5932,DEL LIBERTADOR AV.,Ciclovías,2,Recoleta,127.0,"LINESTRING (-58.38744385423386 -34.585902905469524, -58.38863781324082 -34.585323737716074)"
27282,"ROCA, CNEL. AV.",Ciclovías,8,Villa Riachuelo,110.81,"LINESTRING (-58.46078297203317 -34.68971932167692, -58.46159349012648 -34.690460603836705)"
15545,"GARAY, JUAN DE AV.",Ciclovías,1,San Telmo,69.15,"LINESTRING (-58.36586747769097 -34.62399465282504, -58.36609435172497 -34.62400901466555, -58.36662045962842 -34.62402661606588)"
17767,TREINTA Y TRES ORIENTALES,Ciclovías,5,Boedo,122.47,"LINESTRING (-58.42182126683151 -34.630896613182706, -58.421775839064864 -34.63110406466078, -58.421616931799896 -34.63198747022265)"
9605,TUCUMAN,Ciclovías,3,Balvanera,118.81,"LINESTRING (-58.40230650271802 -34.60209009422003, -58.40346119537121 -34.60196988949528, -58.40359167986319 -34.60195713632234)"
8990,CUCHA CUCHA,Ciclovías,15,Paternal,147.64,"LINESTRING (-58.46657619440863 -34.59987011953404, -58.466725997554526 -34.59983807266739, -58.46813409035263 -34.59953597804174)"
4029,FOREST AV.,Ciclovías mano única,13,Colegiales,126.92,"LINESTRING (-58.46237665299592 -34.57603206588399, -58.46318767010503 -34.57510529984539)"
15216,"CALVO, CARLOS",Ciclovías,3,San Cristobal,136.89,"LINESTRING (-58.41059085961378 -34.62269260954073, -58.41178649963333 -34.622922277911265, -58.41204424720904 -34.622973654686355)"
8560,CORDOBA AV.,Ciclovías mano única,2,Recoleta,139.62,"LINESTRING (-58.40662899593521 -34.59804521476855, -58.40815066745208 -34.598068377123596)"
31090,"BEIRO, FRANCISCO AV.",Ciclovías,15,Agronomia,130.52,"LINESTRING (-58.48859330461209 -34.5915324067974, -58.48973666117512 -34.59223252838094)"
269,DEL LIBERTADOR AV.,Ciclovías,13,Nuñez,92.74,"LINESTRING (-58.46062311075981 -34.543951822519965, -58.46129513504072 -34.54332766496807)"
3286,DEL LIBERTADOR AV.,Ciclovías,14,Palermo,677.37,"LINESTRING (-58.42407726279497 -34.57082298184812, -58.42443014529509 -34.57067703782091, -58.4247745714015 -34.570506239382176, -58.425891379641875 -34.56985057998308, -58.430176975500494 -34.567391415133464)"
7260,"MANSILLA, LUCIO NORBERTO, GENERAL",Ciclovías,14,Palermo,94.65,"LINESTRING (-58.4137492183116 -34.59169116819227, -58.41452668158805 -34.59113027476369)"
14326,MEXICO,Ciclovías,5,Almagro,122.63,"LINESTRING (-58.41264444332856 -34.61939351061508, -58.413941217598506 -34.61966298914265)"
21417,HERRERA,Ciclovías,4,Barracas,97.08,"LINESTRING (-58.37623071904687 -34.64369566187193, -58.37600563721136 -34.64455078937598)"
21738,PRIMERA JUNTA,Ciclovías,9,Parque Avellaneda,123.77,"LINESTRING (-58.466571489259174 -34.64491896371657, -58.46764594487341 -34.64559435815637)"
6705,FRENCH,Ciclovías,2,Recoleta,128.39,"LINESTRING (-58.40189647387159 -34.589292147868136, -58.4030404847215 -34.58862566440547)"
13776,DOBLAS,Ciclovías,6,Caballito,140.99,"LINESTRING (-58.43221277169429 -34.61641566312665, -58.43176826073047 -34.617632254626166)"
12572,CHIVILCOY,Ciclovías,10,Monte Castro,118.9,"LINESTRING (-58.49979179936905 -34.613451451576864, -58.49991754238771 -34.61330225699118, -58.50039641628074 -34.61273154133375, -58.50053109574238 -34.612571075624444)"
28683,"OBLIGADO RAFAEL, AV.COSTANERA",Ciclovías,13,Belgrano,90.63,"LINESTRING (-58.4350970707367 -34.5428858404941, -58.435126864725476 -34.542876603397694, -58.43605025102078 -34.542673286740886)"
19972,PEDERNERA,Ciclovías,7,Flores,73.11,"LINESTRING (-58.45736182612356 -34.6391801516115, -58.456794752508245 -34.63964350715733)"
5384,GORRITI,Ciclovías,14,Palermo,129.55,"LINESTRING (-58.43928315136564 -34.58335343629561, -58.44033025792441 -34.58257010236521)"
8324,"URIBURU JOSE E., PRES.",Ciclovías,2,Recoleta,186.84,"LINESTRING (-58.39887212689948 -34.59704811068338, -58.39852476329968 -34.59538853412721)"
14640,"CALVO, CARLOS",Ciclovías,3,San Cristobal,127.36,"LINESTRING (-58.397115032148754 -34.620712145934284, -58.39828099641456 -34.62078819639316, -58.3984991446143 -34.62080479153952)"
1237,QUESADA,Ciclovías,13,Nuñez,66.33,"LINESTRING (-58.46131387653235 -34.55331868040025, -58.461925352533044 -34.55363735818729)"
1724,"OBLIGADO RAFAEL, AV.COSTANERA",Ciclovías,14,Palermo,278.47,"LINESTRING (-58.410815741469946 -34.557515186120526, -58.41176762738373 -34.55682524464502, -58.412651805021675 -34.55628802879643, -58.4131998612302 -34.55596687205611)"
5666,CORDOBA AV.,Ciclovías mano única,14,Palermo,24.93,"LINESTRING (-58.444587048462864 -34.58466565619218, -58.44478692702912 -34.584513430402396)"
13091,RINCON,Ciclovías,3,Balvanera,124.19,"LINESTRING (-58.39613805181527 -34.61413568512822, -58.3961365368865 -34.614324489557994, -58.39612275475176 -34.61525512774744)"
26200,"ROCA, CNEL. AV.",Ciclovías,8,Villa Soldati,285.18,"LINESTRING (-58.442530667611614 -34.6686952487108, -58.44299877883306 -34.669248170779795, -58.443065328471576 -34.669327477943604, -58.44350580700266 -34.66989501782419, -58.44389699025701 -34.670345856667126, -58.44428539099192 -34.67081753941886)"
12448,TACUARI,Ciclovías,1,Monserrat,134.04,"LINESTRING (-58.37905746637239 -34.61173632278245, -58.37905044975654 -34.611852446233094, -58.37902691240245 -34.612723638606546, -58.379021578846455 -34.612944201180596)"
30464,CHIVILCOY AV.,Ciclovías mano única,11,Villa Devoto,117.61,"LINESTRING (-58.506733018629276 -34.60542536295382, -58.50749884294267 -34.60457508087205)"
797,DEL LIBERTADOR AV.,Ciclovías,13,Belgrano,144.15,"LINESTRING (-58.45300747509259 -34.55050474598696, -58.45339437275685 -34.5500534996678, -58.454024018612806 -34.54951938146963)"
4768,LA PAMPA,Ciclovías,12,Villa Urquiza,72.33,"LINESTRING (-58.48048339216559 -34.57999368225919, -58.480993468979605 -34.58028896704968, -58.48112895086215 -34.58036789247865)"
5814,ROSETI,Ciclovías,15,Chacarita,109.71,"LINESTRING (-58.44849033175703 -34.58533789449492, -58.44940456269643 -34.584956868392084, -58.44955469240659 -34.584887517945035)"
31122,"RABANAL, FRANCISCO, INTENDENTE AV.",Ciclovías,4,Nueva Pompeya,10.25,"LINESTRING (-58.42322013379454 -34.657398424499505, -58.42331700866572 -34.65744456286735)"
17533,ESTRADA,Ciclovías,7,Parque Chacabuco,64.6,"LINESTRING (-58.43015528087541 -34.63103057241538, -58.43036851438293 -34.63106358826182, -58.43084933695728 -34.63113040796533)"
2726,AMENABAR,Ciclovías,13,Belgrano,110.27,"LINESTRING (-58.455434166775945 -34.566785079276066, -58.45613069150394 -34.5659751050851)"
165,DEL LIBERTADOR AV.,Ciclovías,13,Nuñez,79.17,"LINESTRING (-58.46260281310515 -34.54211328288775, -58.46318234066247 -34.54158479247798)"
2321,11 DE SEPTIEMBRE DE 1888,Ciclovías,13,Belgrano,126.59,"LINESTRING (-58.447115398452745 -34.56347749928973, -58.44791227777157 -34.56254603288294)"
17089,BRASIL,Ciclovías,4,Parque Patricios,75.75,"LINESTRING (-58.39092851425889 -34.62932696799827, -58.39164673311867 -34.6294923937479, -58.3917251847845 -34.629507228695275)"
30232,BLANCO ENCALADA,Ciclovías,13,Belgrano,42.22,"LINESTRING (-58.47043885144768 -34.566228210812234, -58.47089804615924 -34.56625177514279)"
6045,ESTADO PLURINACIONAL DE BOLIVIA,Ciclovías,12,Villa Pueyrredon,99.8,"LINESTRING (-58.496741719256235 -34.58643824508381, -58.49739282895623 -34.58571762958513)"
10764,PATRICIAS ARGENTINAS AV.,Ciclovías,6,Caballito,224.67,"LINESTRING (-58.435564728427394 -34.604433277807395, -58.435754318853185 -34.60442191213699, -58.435854478014505 -34.60442137131905, -58.435922357471405 -34.60442258376962, -58.4360152758457 -34.6044263370329, -58.43608289883647 -34.60443050712697, -58.43617581589882 -34.604438344835145, -58.43625953436027 -34.60444723678794, -58.43636914274037 -34.60446092320362, -58.43644110442002 -34.60448058724338, -58.43653810492984 -34.60450328494885, -58.43661347431405 -34.60452027353836, -58.43667010746872 -34.60453415935616, -58.43672665502425 -34.60454945360052, -58.436782520842854 -34.60456601529482, -58.43684571006515 -34.604586311000965, -58.43690021233052 -34.6046056892886, -58.43696944666111 -34.60463225393648, -58.43706771945228 -34.60467269823553, -58.43712732978466 -34.6046991198769, -58.43719341162694 -34.60473004998255, -58.43728018587355 -34.60477330859193, -58.43734413793424 -34.60480635086854, -58.43740085141463 -34.60483685632665, -58.43746318443234 -34.60487285598689, -58.43752372837446 -34.60491068624996, -58.43760862477815 -34.60496845148332, -58.437658948631736 -34.60500578656138, -58.43770739808108 -34.60504544520305, -58.43778070849815 -34.60511348972574)"
5639,GRIVEO,Ciclovías,12,Villa Pueyrredon,128.75,"LINESTRING (-58.50262000190426 -34.58386257342039, -58.50374293316373 -34.58455848666315)"
416,SUPERI,Ciclovías,12,Saavedra,100.38,"LINESTRING (-58.48391712375214 -34.54631967664414, -58.48449899658854 -34.54555357237674)"
33029,DEL LIBERTADOR AV.,Ciclovías,14,Palermo,122.92,"LINESTRING (-58.41679292104583 -34.57409386940613, -58.417465483021026 -34.57376729280402, -58.41795165995246 -34.573537962811685)"
6088,"BORGES, JORGE LUIS",Ciclovías,14,Palermo,118.18,"LINESTRING (-58.42707858546403 -34.58670090710878, -58.426065665879904 -34.58604277371702)"
8295,"ALVEAR, MARCELO T. DE",Ciclovías,1,Retiro,139.05,"LINESTRING (-58.38266703794984 -34.59680248898296, -58.3829903673153 -34.59683206886453, -58.38417779225646 -34.59690171889556)"
4879,"RAVIGNANI, EMILIO, DR.",Ciclovías,14,Palermo,90.71,"LINESTRING (-58.43839775632837 -34.580882016036306, -58.43771779846155 -34.5802884135983)"
10333,SARMIENTO,Ciclovías,1,San Nicolas,126.72,"LINESTRING (-58.37801038581062 -34.604743456557394, -58.37909272925539 -34.604818505177626, -58.379387141585 -34.604837299827125)"
2530,ECHEVERRIA,Ciclovías,13,Belgrano,100.61,"LINESTRING (-58.458640825147796 -34.56461547946043, -58.45953465185299 -34.56514059192991)"
17163,ACHAVAL,Ciclovías,6,Caballito,142.25,"LINESTRING (-58.448808283468765 -34.62895468584747, -58.448346279702754 -34.62987787938708, -58.44822303961699 -34.63014216278947)"
1972,ECHEVERRIA,Ciclovías,13,Belgrano,103.15,"LINESTRING (-58.45034903756587 -34.559710901354, -58.451262165544925 -34.56025304905941)"
10175,CORRIENTES AV.,Ciclovías mano única,3,Balvanera,102.33,"LINESTRING (-58.407814673083486 -34.604256699106244, -58.408743351785766 -34.60413310197648, -58.40891736152724 -34.60411824986078)"
7515,ECUADOR,Ciclovías,2,Recoleta,93.22,"LINESTRING (-58.40304931479007 -34.59290820582625, -58.40300060182023 -34.5927943770673, -58.40278957715645 -34.59209630328107)"
12797,LINIERS VIRREY,Ciclovías,5,Almagro,139.08,"LINESTRING (-58.41478634857669 -34.61305232854091, -58.41453205089922 -34.61428822934522)"
32309,MACHU PICCHU,Ciclovías,1,Retiro,37.34,"LINESTRING (-58.37658363528035 -34.5850067832347, -58.37637266915418 -34.58487927104558, -58.376270836994216 -34.58479312437443)"
12779,"GARCIA, JUAN AGUSTIN",Ciclovías,11,Villa Santa Rita,67.52,"LINESTRING (-58.48887641486545 -34.61392507953333, -58.489493214505025 -34.614257276992696)"
13574,CHILE,Ciclovías,3,Balvanera,139.36,"LINESTRING (-58.39167844463043 -34.61687762005496, -58.39192239167565 -34.616893889992156, -58.39301036181923 -34.61696332537903, -58.39319315115453 -34.61697667016241)"
14384,"CALVO, CARLOS",Ciclovías,1,Constitucion,125.53,"LINESTRING (-58.38298055138298 -34.61976392889251, -58.38315185874564 -34.61976326690621, -58.38414968279616 -34.61979617231157, -58.38434824149469 -34.61980383628213)"
7810,ARENALES,Ciclovías,1,Retiro,84.71,"LINESTRING (-58.37686876480777 -34.594557639214045, -58.37761772777748 -34.59411096465476)"
8946,CORDOBA AV.,Ciclovías mano única,2,Recoleta,130.32,"LINESTRING (-58.39439939787759 -34.59967331370357, -58.394715010456885 -34.59968116768312, -58.39581957461181 -34.599702699343275)"
13838,"VERA PEÑALOZA,  ROSARIO",Ciclovías,1,Puerto Madero,47.1,"LINESTRING (-58.36328714237592 -34.617833020860665, -58.363081799192685 -34.61772680571893, -58.362883997467286 -34.61757331151814)"
13081,"ARTIGAS, JOSE GERVASIO, GRAL.",Ciclovías,11,Villa Gral. Mitre,66.57,"LINESTRING (-58.47112252857801 -34.615250273588856, -58.47152163388787 -34.61474911403226)"
122,DEL LIBERTADOR AV.,Ciclovías,13,Nuñez,85.63,"LINESTRING (-58.46336529040063 -34.54137062760331, -58.46382483684968 -34.540698952321236)"
3202,MILLER,Ciclovías,12,Villa Urquiza,25.37,"LINESTRING (-58.48173438302466 -34.570196687607165, -58.4818950634819 -34.570010590188616)"
18564,BARCO CENTENERA DEL,Ciclovías,7,Parque Chacabuco,195.33,"LINESTRING (-58.43672352587778 -34.633075088647175, -58.43570881059434 -34.634623258977285)"
11073,"PERON, JUAN DOMINGO, TTE. GENERAL",Ciclovías,3,Balvanera,84.7,"LINESTRING (-58.41186661260069 -34.6078106382968, -58.41276529054813 -34.60763495500253)"
26829,"ROCA, CNEL. AV.",Ciclovías,8,Villa Riachuelo,230.31,"LINESTRING (-58.4503191902932 -34.68042617759608, -58.45083196404548 -34.68090580966181, -58.45143408536012 -34.68137270175781, -58.45215522083661 -34.68183481304192)"
31106,PUENTE PEATONAL CARLOS SANCHEZ VIAMONTE,Ciclovías,2,Recoleta,32.23,"LINESTRING (-58.391446499509925 -34.58411587767203, -58.391286253828014 -34.583857338703915)"
28713,PUENTE CABALLITO,Ciclovías,6,Caballito,437.8,"LINESTRING (-58.449848000076756 -34.62233093057352, -58.44978577530392 -34.62232713566687, -58.44951018211221 -34.6223069149465, -58.449327964057474 -34.62219048020785, -58.44921616438157 -34.62202611816572, -58.44922033735651 -34.621841225808424, -58.44931977528244 -34.62162552892568, -58.44982525161027 -34.62047856525024, -58.44998274835817 -34.61976982645025, -58.45009757168329 -34.61916052452322, -58.450230649908065 -34.618867053474524)"
4804,DEL LIBERTADOR AV.,Ciclovías,14,Palermo,5.62,"LINESTRING (-58.40464765686781 -34.58051517538289, -58.40469178657435 -34.58047998465964)"
2372,"GARCIA, TEODORO",Ciclovías,14,Palermo,117.43,"LINESTRING (-58.439850318600215 -34.563042859896, -58.44060065043184 -34.563900273707986)"
17436,"HUGO, VICTOR",Ciclovías,10,Villa Luro,124.96,"LINESTRING (-58.50907862682558 -34.63081669404251, -58.509969405350844 -34.630150011499005, -58.51008905500127 -34.63006095064349)"
5072,ROSETI,Ciclovías,15,Villa Ortuzar,130.74,"LINESTRING (-58.464758380553164 -34.5817316057656, -58.46618236173347 -34.58169003037639)"
28897,"GUIRALDES, INT.",Ciclovías,13,Belgrano,31.89,"LINESTRING (-58.43921713906984 -34.54538280303895, -58.43905906764153 -34.54533115170239, -58.43892007187549 -34.54523982603617)"
11182,SUIPACHA,Ciclovías,1,San Nicolas,126.69,"LINESTRING (-58.37922098061339 -34.608296882051796, -58.37927662001655 -34.6072610609291, -58.37928055866359 -34.60715592132667)"
11907,TRES ARROYOS,Ciclovías,11,Villa Gral. Mitre,170.1,"LINESTRING (-58.462850189392604 -34.61016299030273, -58.464414185020935 -34.610986941083766)"
15090,FRAY CAYETANO RODRIGUEZ,Ciclovías,7,Flores,50.93,"LINESTRING (-58.465678694765096 -34.622516295787484, -58.4659906398229 -34.62213649606529)"
13589,MEXICO,Ciclovías,3,Balvanera,137.28,"LINESTRING (-58.402689154723554 -34.61674450119365, -58.40285532434546 -34.6167721191971, -58.40414129158317 -34.61704387974939)"
9648,"URIBURU JOSE E., PRES.",Ciclovías,3,Balvanera,125.88,"LINESTRING (-58.3985002253691 -34.60220278179626, -58.39862357146964 -34.6010726893811)"
17672,"BILBAO, FRANCISCO",Ciclovías,7,Parque Chacabuco,97.97,"LINESTRING (-58.45010422248343 -34.63133556232475, -58.45110131827007 -34.63165264123458)"
20687,BALBASTRO,Ciclovías,7,Flores,116.85,"LINESTRING (-58.44628815470183 -34.64135146956613, -58.44715176956086 -34.64212608411674)"
2160,"ALSINA, VALENTIN AV.",Ciclovías,14,Palermo,334.34,"LINESTRING (-58.43486032802045 -34.56208952525301, -58.43413470004106 -34.56188491298683, -58.433255843072786 -34.56169821692704, -58.4324501565919 -34.561623436899495, -58.43177401139736 -34.5616046722128, -58.431292789838196 -34.56162271640699)"
2337,"LACROZE, FEDERICO",Ciclovías,14,Palermo,98.59,"LINESTRING (-58.438177601891816 -34.562946820840445, -58.438811161318036 -34.563664570685035)"
724,CUBA,Ciclovías,13,Nuñez,100.56,"LINESTRING (-58.464962515125464 -34.549492327474866, -58.46553053995925 -34.54871715901672)"
8045,CHIVILCOY AV.,Ciclovías mano única,11,Villa Devoto,117.84,"LINESTRING (-58.515442574206084 -34.595748887422815, -58.516067212095095 -34.5950545936174, -58.516209754514385 -34.59489692370523)"
11088,ECUADOR,Ciclovías,3,Balvanera,141.37,"LINESTRING (-58.409116585380666 -34.607899519707225, -58.40912905716199 -34.60758092919877, -58.408807069547265 -34.606853592389264, -58.40874100407209 -34.60668095476721)"
6643,LOYOLA,Ciclovías,15,Chacarita,128.08,"LINESTRING (-58.442275515223706 -34.589029512040966, -58.443305037459474 -34.588249812334524)"
10157,TRES ARROYOS,Ciclovías,15,Villa Crespo,113.09,"LINESTRING (-58.4505986788313 -34.60354145991818, -58.450705299524685 -34.60360788041421, -58.451585012285705 -34.60415304659565)"
15996,TACUARI,Ciclovías,1,Constitucion,232.63,"LINESTRING (-58.378590893840055 -34.62361783536943, -58.37805934016725 -34.62559347292971, -58.37801003780684 -34.62565414335572)"
7711,ARENALES,Ciclovías,1,Retiro,137.33,"LINESTRING (-58.37854081931573 -34.59409838209589, -58.38003772578129 -34.5941104691435)"
2142,TRONADOR,Ciclovías,12,Coghlan,132.34,"LINESTRING (-58.47995002954295 -34.5619614179146, -58.48059322181102 -34.56104680144611, -58.4806754283221 -34.56093037876604)"
449,DEL LIBERTADOR AV.,Ciclovías,13,Nuñez,105.33,"LINESTRING (-58.45729461045678 -34.54672029331228, -58.45804447077806 -34.54611791883502, -58.45811758374383 -34.54605862473628)"
33027,"LUGONES, LEOPOLDO AV.",Ciclovías,13,Nuñez,105.2,"LINESTRING (-58.45081471638271 -34.54285493664972, -58.45075699350867 -34.54296390159644, -58.450643961564374 -34.54308154080764, -58.450388754951355 -34.54316598138329, -58.45022104718479 -34.543223280626684, -58.45010437611949 -34.54329265192071, -58.45005514981848 -34.543357505403065, -58.45004419617609 -34.543463088325154)"
28079,SAN MARTIN,Ciclovías,1,Retiro,80.22,"LINESTRING (-58.37434911079011 -34.59578100252997, -58.37440364086871 -34.595059256641036)"
17575,"BILBAO, FRANCISCO",Ciclovías,7,Parque Chacabuco,104.06,"LINESTRING (-58.44904511468563 -34.63099881992427, -58.45010422248343 -34.63133556232475)"
10937,BULNES,Ciclovías,5,Almagro,56.46,"LINESTRING (-58.41866690779988 -34.60728612490446, -58.41861667243497 -34.60677891617411)"
10171,MONTEVIDEO,Ciclovías,1,San Nicolas,134.08,"LINESTRING (-58.389395118444014 -34.60421805892092, -58.389402584891826 -34.60405784984096, -58.38946261887158 -34.603010687722474)"
9358,HUMAHUACA,Ciclovías,5,Almagro,144.55,"LINESTRING (-58.42838667481215 -34.60115856893092, -58.429950979117635 -34.601001539297535)"
17119,TREINTA Y TRES ORIENTALES,Ciclovías,5,Boedo,92.56,"LINESTRING (-58.422270834047566 -34.6288470957594, -58.422090753678496 -34.62966802969854)"
13277,TREINTA Y TRES ORIENTALES,Ciclovías,5,Almagro,118.31,"LINESTRING (-58.42456813195935 -34.61483084952564, -58.42453610290671 -34.615017179805115, -58.42449029357557 -34.61589464136764)"
17984,ESTRADA,Ciclovías,7,Parque Chacabuco,27.28,"LINESTRING (-58.438343884572944 -34.63261014456472, -58.438595861502925 -34.63274090141099)"
23723,POLA,Ciclovías,9,Mataderos,27.1,"LINESTRING (-58.49615560470588 -34.65317900899947, -58.49593981029359 -34.653345899059396)"
11017,PATRICIAS ARGENTINAS AV.,Ciclovías,6,Caballito,127.73,"LINESTRING (-58.43310738174675 -34.60761527586424, -58.43300497578349 -34.60745968488114, -58.432966168896 -34.60737256131922, -58.43294225772712 -34.6073114981615, -58.43291418078035 -34.60722951816887, -58.4328850897853 -34.60712570661728, -58.432864684412664 -34.607027319836895, -58.43285219790199 -34.60693485060586, -58.43284601687327 -34.60683484762656, -58.43284716053602 -34.60673505774439, -58.43287775082188 -34.60650376330095)"
19576,ZAÑARTU,Ciclovías,7,Parque Chacabuco,133.54,"LINESTRING (-58.424045171751615 -34.638072982753165, -58.42546923518117 -34.63832512524684)"
15920,PUAN,Ciclovías,6,Caballito,108.87,"LINESTRING (-58.448267173293054 -34.624460485807916, -58.44788671469813 -34.6253900968396)"
524,"GUIRALDES, INT.",Ciclovías,13,Belgrano,120.22,"LINESTRING (-58.4378617595699 -34.54763654589255, -58.43845952746513 -34.54667234982398)"
8702,LOYOLA,Ciclovías,15,Villa Crespo,117.78,"LINESTRING (-58.43299471593525 -34.598658212304855, -58.43378004855183 -34.59781832112871)"
9432,HUMAHUACA,Ciclovías,5,Almagro,135.1,"LINESTRING (-58.425465609710905 -34.6014480547063, -58.42692806048529 -34.601304553547244)"
15908,VALLE,Ciclovías,6,Caballito,117.01,"LINESTRING (-58.44332461904374 -34.62525387014771, -58.44459623808339 -34.625339988227246)"
29916,COMPLEJO CIUDAD UNIVERSITARIA (SIN NOMBRE OFICIAL),Ciclovías,13,Belgrano,107.19,"LINESTRING (-58.443881013550175 -34.54215667752474, -58.444850652676784 -34.54161838894923)"
6707,NUEVA YORK,Ciclovías,15,Agronomia,65.21,"LINESTRING (-58.49357910814203 -34.588956016243415, -58.49414814831871 -34.58930827419182)"
12553,DON BOSCO,Ciclovías,5,Almagro,126.59,"LINESTRING (-58.42063461031723 -34.61317050140085, -58.42198866284637 -34.613391392881184)"
8958,ESTADO DE ISRAEL AV.,Ciclovías mano única,15,Villa Crespo,68.0,"LINESTRING (-58.4296483821731 -34.599320162615214, -58.43015194847563 -34.59977002576182)"
15353,ESTADOS UNIDOS,Ciclovías,5,Boedo,133.58,"LINESTRING (-58.42485937346165 -34.623304567224125, -58.42630213744762 -34.62347001526639)"
8544,CORDOBA AV.,Ciclovías mano única,2,Recoleta,122.5,"LINESTRING (-58.41192137209617 -34.59800248677594, -58.41209349158559 -34.59799305193402, -58.41298635771904 -34.59795807068214, -58.41325505164461 -34.597948181017884)"
17779,LINIERS VIRREY,Ciclovías,5,Boedo,77.79,"LINESTRING (-58.413010869696954 -34.631316753898965, -58.41296226696696 -34.631807161392175, -58.41296512253707 -34.63201631962345)"
22263,PEPIRI,Ciclovías,4,Parque Patricios,127.69,"LINESTRING (-58.40947139999185 -34.64617868689475, -58.40919739246174 -34.64730723628134)"
8736,CORDOBA AV.,Ciclovías mano única,2,Recoleta,69.74,"LINESTRING (-58.40308568698046 -34.59879543087409, -58.40372440078465 -34.598454471462254)"
7359,NUEVA YORK,Ciclovías,15,Agronomia,147.06,"LINESTRING (-58.497553801891044 -34.591415852521045, -58.49883939747425 -34.592207681331104)"
6746,GRIVEO,Ciclovías,11,Villa Devoto,64.63,"LINESTRING (-58.51113724539546 -34.58912863932122, -58.511701419911134 -34.58947750737649)"
3438,BLANCO ENCALADA,Ciclovías,12,Villa Urquiza,104.6,"LINESTRING (-58.4793201917672 -34.57132965700713, -58.48009876590382 -34.571804984493745, -58.480237128984264 -34.57188975581706)"
1810,MILLER,Ciclovías,12,Saavedra,97.53,"LINESTRING (-58.49132731120655 -34.558512217785484, -58.49185685245056 -34.557749965317505)"
17495,ESTRADA,Ciclovías,7,Parque Chacabuco,133.97,"LINESTRING (-58.42871383962106 -34.63083397297742, -58.428939596562834 -34.63086537513798, -58.43015528087541 -34.63103057241538)"
19736,ZAVALETA,Ciclovías,4,Parque Patricios,100.62,"LINESTRING (-58.403528048205175 -34.637976905931204, -58.40349077539403 -34.63814977655211, -58.40332913768984 -34.63886885858361)"
10774,ROSALES AV.,Ciclovías,1,San Nicolas,155.82,"LINESTRING (-58.36918898685303 -34.60635562048768, -58.36918215221671 -34.60619252753317, -58.36920015700668 -34.60591460914715, -58.369072793554324 -34.605902808441435, -58.36895249669119 -34.6058997898762, -58.36900437826361 -34.605389312247965, -58.368846955694366 -34.60536432285732, -58.368853919016495 -34.605251719780384)"
9933,HUMAHUACA,Ciclovías,5,Almagro,128.11,"LINESTRING (-58.4129751703451 -34.60323385109574, -58.41431930523901 -34.60292023845898)"
20635,QUILMES,Ciclovías,4,Nueva Pompeya,127.63,"LINESTRING (-58.418250710065024 -34.64079170860586, -58.41794889415632 -34.64191484586334)"
11810,FRAGATA PRES. SARMIENTO,Ciclovías,6,Caballito,125.94,"LINESTRING (-58.45566272950555 -34.61067466058071, -58.456353925951944 -34.60969370236871)"
10708,"PERON, JUAN DOMINGO, TTE. GENERAL",Ciclovías mano única,1,San Nicolas,42.4,"LINESTRING (-58.38499601675031 -34.606346613235026, -58.38545676357869 -34.60637775357027)"
33000,SAN JUAN AV.,Ciclovías,1,San Telmo,114.42,"LINESTRING (-58.367072103474136 -34.6216009644001, -58.36707271767203 -34.62160103080195, -58.36803695038646 -34.62167178841721, -58.36831532426055 -34.62168630142967)"
15501,"SASTRE, MARCOS",Ciclovías,10,Monte Castro,52.54,"LINESTRING (-58.51890554154505 -34.623610911737124, -58.519312967717234 -34.6239438981655)"
16757,"GARCIA, MARTIN AV.",Ciclovías,1,San Telmo,113.04,"LINESTRING (-58.36861720721662 -34.62756971469076, -58.36875182949332 -34.62767861202578, -58.36944859028488 -34.62832168784518)"
29762,MELIAN AV.,Ciclovías,13,Belgrano,28.83,"LINESTRING (-58.47043885144768 -34.566228210812234, -58.47071721666549 -34.56610769871301)"
20319,MARTINEZ CASTRO,Ciclovías,9,Parque Avellaneda,131.46,"LINESTRING (-58.47695523072169 -34.640109892204045, -58.476103873150386 -34.64077830034586, -58.47591652684458 -34.640926701459314)"
11094,"PERON, JUAN DOMINGO, TTE. GENERAL",Ciclovías,3,Balvanera,127.71,"LINESTRING (-58.41047268323069 -34.60793518532507, -58.41063843052946 -34.60793349638978, -58.411862741702386 -34.60787246852362)"
7374,"DIAZ, CNEL. AV.",Ciclovías,14,Palermo,65.87,"LINESTRING (-58.41288041591801 -34.59231927355084, -58.412465486326106 -34.591834656693905)"
4905,LA PAMPA,Ciclovías,12,Villa Urquiza,114.05,"LINESTRING (-58.48112895086215 -34.58036789247865, -58.48214528598358 -34.580959722698225)"
17642,IRALA,Ciclovías,4,La Boca,105.18,"LINESTRING (-58.36839061571248 -34.63060180798793, -58.36809947608342 -34.63151884373313)"
8513,CORDOBA AV.,Ciclovías mano única,2,Recoleta,126.02,"LINESTRING (-58.41463028672758 -34.59789739844581, -58.41566494817817 -34.597859214578115, -58.41600287580789 -34.59785420510173)"
20878,PEPIRI,Ciclovías,4,Parque Patricios,118.33,"LINESTRING (-58.40912359905199 -34.64167208770792, -58.409308496269865 -34.64272774198806)"
23273,PATRON,Ciclovías,9,Liniers,107.26,"LINESTRING (-58.51826662359447 -34.650600747224395, -58.51905748266049 -34.65131321004213)"
8696,SAN MARTIN,Ciclovías,1,Retiro,78.02,"LINESTRING (-58.37419136586643 -34.598621833593086, -58.37420381239468 -34.598450431598025, -58.37423180183596 -34.59791931708168)"
12584,AZOPARDO,Ciclovías,1,Monserrat,137.59,"LINESTRING (-58.3679668285966 -34.612221195215206, -58.36782461727603 -34.61345588871546)"
10085,BRAVARD,Ciclovías,15,Villa Crespo,55.47,"LINESTRING (-58.43902276342479 -34.603866823345456, -58.43940872575851 -34.60348195699623)"
8510,ESTADO DE ISRAEL AV.,Ciclovías mano única,15,Villa Crespo,136.45,"LINESTRING (-58.42495609534066 -34.59785129050779, -58.42630471519307 -34.59788149603761, -58.42644130808698 -34.5978991432857)"
2460,ECHEVERRIA,Ciclovías,13,Belgrano,100.28,"LINESTRING (-58.45774990392103 -34.56409205071085, -58.458640825147796 -34.56461547946043)"
7607,"ALVAREZ, JULIAN",Ciclovías,14,Palermo,109.26,"LINESTRING (-58.42520070825754 -34.59350369112474, -58.4242883653164 -34.592870575471466)"
14900,GRANADEROS,Ciclovías,7,Flores,101.01,"LINESTRING (-58.46180028197454 -34.62183256923288, -58.46217571097728 -34.62109566301033, -58.46222469439517 -34.62099242276799)"
30271,"COLECTORA CANTILO, INT.",Ciclovías,13,Belgrano,956.93,"LINESTRING (-58.45067303888262 -34.54073628018105, -58.45079336754698 -34.540770127938565, -58.45098239552432 -34.54071926498825, -58.45171119158089 -34.54041027428617, -58.45243769659255 -34.540165352856604, -58.45430516930818 -34.53965479845736, -58.45501116560598 -34.539396668498604, -58.45626601608103 -34.53882196707216, -58.457379657277855 -34.53825101498247, -58.457563110388094 -34.538156958781315, -58.45798999474914 -34.537862830809786, -58.45842042180959 -34.53748782818475, -58.45911273850026 -34.536931290633184, -58.4595348074056 -34.53652173409426)"
10842,"PERON, JUAN DOMINGO, TTE. GENERAL",Ciclovías,5,Almagro,123.44,"LINESTRING (-58.4172772891274 -34.606887363526184, -58.41861667243497 -34.60677891617411)"
30117,CERETTI,Ciclovías,12,Villa Urquiza,40.02,"LINESTRING (-58.493064354400786 -34.57820474990131, -58.493134496990216 -34.57817017447722, -58.49330750621021 -34.577982790964725, -58.493302567807994 -34.57792553131179)"
2950,AMENABAR,Ciclovías,13,Colegiales,168.54,"LINESTRING (-58.453283652863725 -34.568408054261845, -58.454787947304204 -34.56753653055233)"
12496,DON BOSCO,Ciclovías,5,Almagro,142.09,"LINESTRING (-58.41914665084924 -34.612816023592465, -58.42048155804101 -34.61314551787136, -58.42063461031723 -34.61317050140085)"
15649,"FALCON, RAMON L.,CNEL.",Ciclovías,6,Caballito,50.12,"LINESTRING (-58.44778589148778 -34.62424633857224, -58.4480698049696 -34.624372080025694, -58.448267173293054 -34.624460485807916)"
15315,FRAGATA PRES. SARMIENTO,Ciclovías,6,Caballito,139.83,"LINESTRING (-58.44812289890907 -34.62332186318587, -58.44868969277465 -34.62215170732348)"
20842,DON PEDRO DE MENDOZA AV.,Ciclovías,4,La Boca,108.18,"LINESTRING (-58.35865425953127 -34.64172577438418, -58.358489463455925 -34.64188445299432, -58.35836516723597 -34.64204891550925, -58.358188790972136 -34.642320660738655, -58.35806544093068 -34.64256393639316)"
27767,CHIVILCOY AV.,Ciclovías mano única,11,Villa Devoto,99.64,"LINESTRING (-58.51362894699363 -34.59799071075226, -58.514274741207714 -34.597268514811546)"
27839,"VEDIA, AGUSTIN DE",Ciclovías,4,Nueva Pompeya,53.89,"LINESTRING (-58.42190745731939 -34.65633192311931, -58.42149744867728 -34.65668002481587)"
13206,FRAGATA PRES. SARMIENTO,Ciclovías,6,Caballito,120.0,"LINESTRING (-58.45203654955898 -34.615716207667255, -58.452708743475824 -34.614788157191114)"
9474,TUCUMAN,Ciclovías,3,Balvanera,94.23,"LINESTRING (-58.40694585290641 -34.6016252053963, -58.40776251520053 -34.60111000864295)"
26917,"ROCA, CNEL. AV.",Ciclovías,8,Villa Riachuelo,395.9,"LINESTRING (-58.45215522083661 -34.68183481304192, -58.452878390728706 -34.68245311768774, -58.45358341066913 -34.68309303629351, -58.45428093829769 -34.683743372753824, -58.455074632958066 -34.684464697711554)"
18035,ESTRADA,Ciclovías,7,Parque Chacabuco,30.88,"LINESTRING (-58.438595861502925 -34.63274090141099, -58.4388810614915 -34.63288891808538)"
19657,ZAÑARTU,Ciclovías,7,Parque Chacabuco,115.8,"LINESTRING (-58.42546923518117 -34.63832512524684, -58.42653539273881 -34.63851397414907, -58.42670399823404 -34.638544236401856)"
3512,"GARCIA, TEODORO",Ciclovías,13,Colegiales,63.05,"LINESTRING (-58.44723167703714 -34.571915296321244, -58.4475613149778 -34.57241394085316)"
15561,GRANADEROS,Ciclovías,7,Flores,131.28,"LINESTRING (-58.46064677807416 -34.62409659031758, -58.46120241015504 -34.623005954609226)"
17091,PAVON,Ciclovías,5,Boedo,51.78,"LINESTRING (-58.41263836507823 -34.62939538256936, -58.41318072176602 -34.629525115039755)"
8122,"ALVEAR, MARCELO T. DE",Ciclovías,1,Retiro,62.1,"LINESTRING (-58.37244680002485 -34.59614228443399, -58.373122398339284 -34.59617748919449)"
5146,LA PAMPA,Ciclovías,12,Villa Urquiza,110.66,"LINESTRING (-58.48313378893164 -34.5815352105889, -58.48412051693751 -34.58210871885186)"
4790,DEL LIBERTADOR AV.,Ciclovías,14,Palermo,112.12,"LINESTRING (-58.40469178657435 -34.58047998465964, -58.405300483186736 -34.579994421311106, -58.40556900862605 -34.579776445951666)"
20168,HERRERA,Ciclovías,4,Barracas,248.78,"LINESTRING (-58.3776727801893 -34.638162058960326, -58.37757300712073 -34.6384100896538, -58.37715887920809 -34.640011572324106, -58.377093345924365 -34.640350824684575)"
4579,"MARTINEZ, ENRIQUE, GRAL.",Ciclovías,13,Colegiales,92.99,"LINESTRING (-58.44910996195841 -34.579351942166745, -58.44998351819131 -34.5789270325332)"
20297,PRIMERA JUNTA,Ciclovías,7,Flores,73.3,"LINESTRING (-58.45972390526802 -34.640377860148504, -58.46033157879443 -34.640807246453214)"
18756,LAS CASAS,Ciclovías,5,Boedo,94.68,"LINESTRING (-58.41520782494993 -34.63502711347618, -58.41617792253171 -34.635319466781425)"
15081,MORON,Ciclovías,7,Flores,106.35,"LINESTRING (-58.4659906398229 -34.62213649606529, -58.46707755973093 -34.62247062614586)"
16939,BRASIL,Ciclovías,1,Constitucion,112.28,"LINESTRING (-58.38809810956557 -34.628836799972355, -58.38929643618108 -34.62904436605133)"
10215,CORRIENTES AV.,Ciclovías mano única,3,Balvanera,108.66,"LINESTRING (-58.40664511150247 -34.60441236112221, -58.407814673083486 -34.604256699106244)"
1034,AMENABAR,Ciclovías,13,Nuñez,105.3,"LINESTRING (-58.46870442112474 -34.55195727754343, -58.469317451841526 -34.55115490604322)"
17635,"HUGO, VICTOR",Ciclovías,10,Villa Luro,116.99,"LINESTRING (-58.508133245157545 -34.631524798971064, -58.50825434598796 -34.63143369712598, -58.50907862682558 -34.63081669404251)"
11955,MISIONES,Ciclovías,3,Balvanera,126.35,"LINESTRING (-58.40457707362534 -34.61004146313378, -58.404510572469576 -34.610979119945114, -58.4044932265191 -34.61117826921092)"
32393,AZOPARDO,Ciclovías,1,Monserrat,242.14,"LINESTRING (-58.368202343903334 -34.611100237533805, -58.368304759189336 -34.610905776156144, -58.36834214332005 -34.61056626014006, -58.36838701709885 -34.61014721682198, -58.3684326574138 -34.60972578883738, -58.36851760927901 -34.609177626256894, -58.368733320310774 -34.60902738137383)"
18612,RONDEAU,Ciclovías,4,Parque Patricios,133.77,"LINESTRING (-58.39787147312801 -34.63450678701159, -58.39929820833785 -34.634758250675134)"
8341,LOYOLA,Ciclovías,15,Villa Crespo,132.56,"LINESTRING (-58.43444447633701 -34.59710769408988, -58.43532834623318 -34.59616239175176)"
14557,"GONZALEZ, ELPIDIO",Ciclovías,10,Monte Castro,127.15,"LINESTRING (-58.49829383662568 -34.61970781528368, -58.49927406727746 -34.620518385091394)"
2103,11 DE SEPTIEMBRE DE 1888,Ciclovías,13,Belgrano,128.6,"LINESTRING (-58.44872131459647 -34.561601252431245, -58.44953433387414 -34.56065710073444)"
8522,SAN MARTIN,Ciclovías,1,Retiro,54.94,"LINESTRING (-58.37423180183596 -34.59791931708168, -58.37425223069296 -34.597529818913884, -58.374258134060355 -34.597424539895954)"
3078,"PEDRAZA, MANUELA",Ciclovías,12,Villa Urquiza,52.99,"LINESTRING (-58.4997400376538 -34.56904296907101, -58.50021996525134 -34.5693085345498)"
15651,VALLE,Ciclovías,6,Caballito,125.99,"LINESTRING (-58.433120759455825 -34.6243100715022, -58.434482888630065 -34.62445821949662)"
1726,MILLER,Ciclovías,12,Saavedra,97.66,"LINESTRING (-58.49185685245056 -34.557749965317505, -58.49231713026196 -34.557087306654985, -58.492386553862715 -34.556986513211186)"
9652,TUCUMAN,Ciclovías,3,Balvanera,129.33,"LINESTRING (-58.40090414130736 -34.6022103024619, -58.402146206556154 -34.60210677480166, -58.40230650271802 -34.60209009422003)"
7608,GORRITI,Ciclovías,14,Palermo,113.41,"LINESTRING (-58.42520070825754 -34.59350369112474, -58.42608479722341 -34.59278909291613)"
17015,CHICLANA AV.,Ciclovías,4,Parque Patricios,15.23,"LINESTRING (-58.40545659862197 -34.62918324234404, -58.40555219422042 -34.62929554234576)"
18211,USPALLATA,Ciclovías,4,Barracas,153.12,"LINESTRING (-58.37579331646197 -34.63325286263698, -58.377458589304716 -34.633354539959605)"
7809,MAIPU AV.,Ciclovías,1,Retiro,248.16,"LINESTRING (-58.37686876480777 -34.594557639214045, -58.37684760074853 -34.59443628424629, -58.37572800680641 -34.59298391316289, -58.37533517996532 -34.59276462993534)"
7522,DEL LIBERTADOR AV.,Ciclovías,1,Retiro,163.56,"LINESTRING (-58.373842227962754 -34.59356776800097, -58.37456189928386 -34.59321974236833, -58.37533517996532 -34.59276462993534)"
7685,CHIVILCOY AV.,Ciclovías mano única,11,Villa Devoto,117.02,"LINESTRING (-58.51698202691155 -34.594042206288584, -58.51774560374982 -34.59319720622214)"
5715,ROSETI,Ciclovías,15,Chacarita,129.33,"LINESTRING (-58.44955469240659 -34.584887517945035, -58.44974561138709 -34.58479936869311, -58.45077232996875 -34.584300314442224)"
31865,SOLER,Ciclovías,14,Palermo,55.85,"LINESTRING (-58.42940625595752 -34.58339560090001, -58.42984565130802 -34.58304725682171)"
7991,"MANSILLA, LUCIO NORBERTO, GENERAL",Ciclovías,2,Recoleta,44.2,"LINESTRING (-58.40623632580707 -34.59553259744787, -58.4064930556585 -34.59544849052178, -58.40668428239432 -34.59538590232481)"
20038,BALBASTRO,Ciclovías,7,Parque Chacabuco,103.6,"LINESTRING (-58.443323223067274 -34.63960760761536, -58.44440620543706 -34.639873979773505)"
1922,ECHEVERRIA,Ciclovías,13,Belgrano,7.33,"LINESTRING (-58.450284094253405 -34.55967237246602, -58.45034903756587 -34.559710901354)"
8105,"MANSILLA, LUCIO NORBERTO, GENERAL",Ciclovías,2,Recoleta,100.75,"LINESTRING (-58.404585542233654 -34.59607337232229, -58.40560659445588 -34.5957388539629)"
17368,BOLIVAR,Ciclovías,4,Barracas,124.21,"LINESTRING (-58.371986055831655 -34.62943341405067, -58.37166674243065 -34.6305214954905)"
10728,TRES ARROYOS,Ciclovías,6,Caballito,109.26,"LINESTRING (-58.45446762394179 -34.605913174369846, -58.455442945882645 -34.606478530977)"
9549,TUCUMAN,Ciclovías,1,San Nicolas,125.9,"LINESTRING (-58.38953216516856 -34.60179895121942, -58.38966731172137 -34.60181332883788, -58.3909001167731 -34.601888785982624)"
13525,CHILE,Ciclovías,1,Monserrat,143.38,"LINESTRING (-58.387491485847626 -34.6167042428782, -58.38771065587391 -34.616707054965644, -58.38880539654825 -34.61672371448557, -58.389054288755005 -34.616733655070014)"
1865,VERTIZ VIRREY AV.,Ciclovías,13,Belgrano,134.14,"LINESTRING (-58.44939932213107 -34.55914705198759, -58.450586299945485 -34.558441531801805)"
4063,BLANCO ENCALADA,Ciclovías,12,Villa Urquiza,112.42,"LINESTRING (-58.486621603068585 -34.57568786287949, -58.4876187626022 -34.576276552993136)"
13566,TREINTA Y TRES ORIENTALES,Ciclovías,5,Almagro,114.69,"LINESTRING (-58.42449029357557 -34.61589464136764, -58.424436403741254 -34.61692752471948)"
2976,DORREGO AV.,Ciclovías,14,Palermo,249.91,"LINESTRING (-58.42185571772011 -34.56859481415464, -58.420644573769565 -34.566577141071555)"
6608,CORDOBA AV.,Ciclovías mano única,14,Palermo,29.28,"LINESTRING (-58.43825138319738 -34.58885663676766, -58.43849922876373 -34.58869034646916)"
6577,DEL LIBERTADOR AV.,Ciclovías,1,Retiro,95.26,"LINESTRING (-58.381972268502025 -34.58869872611618, -58.38283949729489 -34.58822661682256)"
4674,"RAVIGNANI, EMILIO, DR.",Ciclovías,14,Palermo,85.99,"LINESTRING (-58.437200430821015 -34.57983695754751, -58.43655572944099 -34.57927441299739)"
1468,CONGRESO,Ciclovías,13,Nuñez,128.12,"LINESTRING (-58.46135461168259 -34.554862801261805, -58.462533754977635 -34.55548092712768)"
18094,ITUZAINGO,Ciclovías,4,Barracas,78.84,"LINESTRING (-58.37931155984464 -34.63286392383042, -58.379945894204404 -34.63300076876851, -58.3801469329948 -34.63303020205423)"
11793,"LAMAS, ANDRES",Ciclovías,11,Villa Gral. Mitre,94.88,"LINESTRING (-58.46656111452294 -34.61061605241002, -58.46669159623516 -34.61043893372957, -58.467112081954724 -34.60989222358968)"
12847,"DIAZ, CESAR, GRAL.",Ciclovías,11,Villa Santa Rita,135.95,"LINESTRING (-58.477770846735105 -34.613769083293434, -58.47902139482857 -34.61442696541526)"
11364,"IRIGOYEN, BERNARDO DE",Ciclovías,1,Monserrat,69.56,"LINESTRING (-58.38071671336646 -34.60837543991764, -58.380685686031605 -34.6090019063979)"
18249,"RODRIGUEZ, MARTIN",Ciclovías,4,La Boca,103.4,"LINESTRING (-58.36235671558673 -34.63262930744322, -58.36197702146292 -34.633302661021155, -58.36187312950283 -34.6334712382419)"
10052,CHIVILCOY AV.,Ciclovías mano única,11,Villa Devoto,106.54,"LINESTRING (-58.508377351992415 -34.603744273064216, -58.50856603973494 -34.60354028136477, -58.50906486167436 -34.60297028493243)"
6452,"DIAZ, CNEL. AV.",Ciclovías,14,Palermo,85.68,"LINESTRING (-58.409500538944854 -34.58822677485399, -58.40903144131909 -34.58755894991608)"
6546,FRENCH,Ciclovías,2,Recoleta,114.14,"LINESTRING (-58.4030404847215 -34.58862566440547, -58.40389458349317 -34.58812811679715, -58.404057377558345 -34.588032983014564)"
7334,ECUADOR,Ciclovías,2,Recoleta,128.31,"LINESTRING (-58.40278957715645 -34.59209630328107, -58.40242575107267 -34.59097955434305)"
555,DEL LIBERTADOR AV.,Ciclovías,13,Nuñez,78.25,"LINESTRING (-58.45574097143999 -34.548039041779795, -58.45632953298088 -34.54752872011885)"
8037,"MANSILLA, LUCIO NORBERTO, GENERAL",Ciclovías,2,Recoleta,62.14,"LINESTRING (-58.40560659445588 -34.5957388539629, -58.40623632580707 -34.59553259744787)"
12239,RAWSON,Ciclovías,5,Almagro,131.85,"LINESTRING (-58.425576008805564 -34.612130354906846, -58.425802993095026 -34.611779504649455, -58.42585602141367 -34.61148198169083, -58.42592633956294 -34.610995588175015)"
8524,CORDOBA AV.,Ciclovías mano única,2,Recoleta,126.28,"LINESTRING (-58.41325505164461 -34.597948181017884, -58.41463028672758 -34.59789739844581)"
12305,"GARCIA, JUAN AGUSTIN",Ciclovías,11,Villa Santa Rita,136.76,"LINESTRING (-58.48477891974581 -34.61175098142207, -58.486037755807544 -34.61241167774165)"
19529,"ARAOZ DE LAMADRID, GREGORIO, GRAL.",Ciclovías,4,La Boca,145.46,"LINESTRING (-58.35938705843548 -34.6375455910949, -58.36081529607184 -34.63811624121496)"
15221,ESTADOS UNIDOS,Ciclovías,5,Boedo,69.83,"LINESTRING (-58.421301675162916 -34.622909868499406, -58.42205691306836 -34.622989986271655)"
10170,CORRIENTES AV.,Ciclovías mano única,1,San Nicolas,137.28,"LINESTRING (-58.38790510672277 -34.604102286485826, -58.38923058376845 -34.604204789944355, -58.389395118444014 -34.60421805892092)"
26671,UNANUE,Ciclovías mano única,8,Villa Lugano,137.44,"LINESTRING (-58.470409707985624 -34.677764401259914, -58.47051780734792 -34.677876085350675, -58.47130254983919 -34.678586953729834, -58.47141039457319 -34.678686735591434)"
10922,"ACUÑA DE FIGUEROA, FRANCISCO",Ciclovías,5,Almagro,140.98,"LINESTRING (-58.42291589816364 -34.60726823879774, -58.42281671892417 -34.60611995000568, -58.422814477345874 -34.606000370067605)"
21968,"RODO, JOSE E.",Ciclovías,9,Parque Avellaneda,58.64,"LINESTRING (-58.48915499944061 -34.6459410637367, -58.48959506821055 -34.64632463464542)"
11899,"ALSINA, ADOLFO",Ciclovías mano única,1,Monserrat,138.19,"LINESTRING (-58.38186483530629 -34.610831315473874, -58.38210279774194 -34.61085034756976, -58.383367333337446 -34.610921958201104)"
18560,TREINTA Y TRES ORIENTALES,Ciclovías,5,Boedo,142.85,"LINESTRING (-58.42137625784284 -34.63332521810943, -58.42119307717332 -34.6343436157696, -58.4211419989212 -34.63459817807705)"
8164,CORRIENTES AV.,Ciclovías mano única,15,Villa Crespo,130.73,"LINESTRING (-58.44259166170722 -34.59635137875842, -58.44353937103008 -34.59547131037595)"
5393,CERETTI,Ciclovías,12,Villa Urquiza,78.59,"LINESTRING (-58.48889771146309 -34.58339473545251, -58.488992443320555 -34.58327260064083, -58.48936149561802 -34.58279913344306)"
3260,MOLDES,Ciclovías,13,Colegiales,44.3,"LINESTRING (-58.4511949441071 -34.57064460115285, -58.45159085273647 -34.57041604355836)"
21593,"RODO, JOSE E.",Ciclovías,9,Parque Avellaneda,40.66,"LINESTRING (-58.48777668014356 -34.64474274209381, -58.4880836965341 -34.6450072645919)"
7438,GRIVEO,Ciclovías,11,Villa Devoto,147.49,"LINESTRING (-58.515635351215415 -34.59190515023375, -58.5169275120842 -34.59269622214902)"
13594,CHILE,Ciclovías,3,Balvanera,124.9,"LINESTRING (-58.39319315115453 -34.61697667016241, -58.39454967809271 -34.61707575326978)"
6897,DEL LIBERTADOR AV.,Ciclovías,1,Retiro,166.24,"LINESTRING (-58.3793969545921 -34.59010267527129, -58.37954331128589 -34.59002083806721, -58.38090932694877 -34.58927731875665)"
12263,BELGRANO AV.,Ciclovías,1,Monserrat,76.9,"LINESTRING (-58.36713165210457 -34.612160116417854, -58.3679668285966 -34.612221195215206)"
1987,VERTIZ VIRREY AV.,Ciclovías,13,Belgrano,149.93,"LINESTRING (-58.4466935224913 -34.5604005445352, -58.44819291398488 -34.55986403727328)"
12242,"MOREAU DE JUSTO, ALICIA AV.",Ciclovías,1,Puerto Madero,15.98,"LINESTRING (-58.36695719332821 -34.60514771051369, -58.366946841496784 -34.60529146632776)"
23680,POLA,Ciclovías,9,Mataderos,97.9,"LINESTRING (-58.49693545627393 -34.65257611623932, -58.49615560470588 -34.65317900899947)"
2945,"ROLDAN, BELISARIO AV.",Ciclovías,14,Palermo,291.38,"LINESTRING (-58.41229905772708 -34.56819108067426, -58.41229340899423 -34.568100971768274, -58.412293132193014 -34.56799660329743, -58.412275408340115 -34.56788405835022, -58.41226059575342 -34.56774411968167, -58.41222805550546 -34.567498185477056, -58.41222519138943 -34.56744853536016, -58.412226751569754 -34.56740304210985, -58.412236916129125 -34.56734755225076, -58.412256103904305 -34.56729319294761, -58.412290618030895 -34.56723433291011, -58.412325549342185 -34.56718927614072, -58.412364222350064 -34.567150840778446, -58.41240757478803 -34.56711691449076, -58.412477154463694 -34.56707166084499, -58.41252271521355 -34.56704597504364, -58.412573808382874 -34.567022052124294, -58.412646268678394 -34.566999335259524, -58.41271046180449 -34.566992178630706, -58.41278324646343 -34.56699608209237, -58.41287365133402 -34.56700316187066, -58.413015641884364 -34.5670164601542, -58.41310476830816 -34.56702607449881, -58.413169123648345 -34.56703229825621, -58.41322922565393 -34.56703316801091, -58.41330159188335 -34.567025098911316, -58.41336195681389 -34.56701336281169, -58.41343781956386 -34.566994942733025, -58.41350329810589 -34.566973490139425, -58.413557880858384 -34.56695034289524, -58.41361902431628 -34.56691769105612, -58.413668759769074 -34.566885738788606, -58.41371602822819 -34.56685068684243, -58.413758189633896 -34.566814224325086, -58.4137935398728 -34.566778885815005, -58.41383451625844 -34.566730802829056, -58.41386876698135 -34.566683210073805, -58.413900723094244 -34.56662892609923, -58.41392995923236 -34.56656745776685)"
9624,SAN MARTIN,Ciclovías,1,San Nicolas,129.98,"LINESTRING (-58.373910230538456 -34.60213013148894, -58.37391863883763 -34.60199281167572, -58.373997756229976 -34.60096074157834)"
16270,CABOTO,Ciclovías,4,La Boca,72.21,"LINESTRING (-58.36275896367823 -34.626249715795595, -58.36214517547938 -34.62665752253743)"
32949,"MOREAU DE JUSTO, ALICIA AV.",Ciclovías,1,Puerto Madero,105.82,"LINESTRING (-58.36671473394094 -34.60709555522154, -58.36660584178717 -34.608045153145596)"
23416,PATRON,Ciclovías,9,Liniers,103.56,"LINESTRING (-58.51905748266049 -34.65131321004213, -58.519821154092774 -34.652001102613255)"
14852,AZOPARDO,Ciclovías,1,San Telmo,110.57,"LINESTRING (-58.36702723950308 -34.62048450311954, -58.36691329129803 -34.62147672943694)"
4354,LA PAMPA,Ciclovías,12,Villa Urquiza,173.14,"LINESTRING (-58.475594335384045 -34.57719048677904, -58.477150271044174 -34.57807336528863)"
12002,"ALSINA, ADOLFO",Ciclovías mano única,1,Monserrat,134.5,"LINESTRING (-58.3874820272835 -34.611180362705994, -58.388942873276896 -34.611285981505496)"
2225,ECHEVERRIA,Ciclovías,13,Belgrano,45.57,"LINESTRING (-58.45486891559168 -34.562394384269936, -58.455272306325874 -34.562633853284346)"
620,DEL LIBERTADOR AV.,Ciclovías,13,Nuñez,92.95,"LINESTRING (-58.455041548556565 -34.54864492655139, -58.455740971440015 -34.548039041779795)"
13039,"DIAZ, CESAR, GRAL.",Ciclovías,11,Villa Santa Rita,65.58,"LINESTRING (-58.47971141961045 -34.6147900483251, -58.48031472765504 -34.6151073641897)"
21168,POLA,Ciclovías,9,Liniers,147.72,"LINESTRING (-58.50955146359813 -34.64278543058135, -58.509407777784794 -34.64289520421892, -58.50836602089495 -34.64368714950372)"
4143,LA PAMPA,Ciclovías,12,Villa Urquiza,25.83,"LINESTRING (-58.474619050409615 -34.57663634504155, -58.47485090722852 -34.57676836813349)"
27657,MILLER,Ciclovías,12,Saavedra,15.43,"LINESTRING (-58.49387716634728 -34.55482842380605, -58.493961548189034 -34.554708131067116)"
13278,MENDEZ DE ANDES,Ciclovías,6,Caballito,16.95,"LINESTRING (-58.448995234858565 -34.615841806085996, -58.449162859903744 -34.61590612223154)"
7881,"ALVAREZ, JULIAN",Ciclovías,14,Palermo,134.86,"LINESTRING (-58.42737303595698 -34.59501458608686, -58.426248680847884 -34.594231420170786)"
14873,"DIAZ, CESAR, GRAL.",Ciclovías,10,Floresta,114.87,"LINESTRING (-58.489330839639756 -34.62100422779585, -58.48946674772983 -34.621119552220506, -58.49021139093415 -34.62174066526653)"
8840,"MOREAU DE JUSTO, ALICIA AV.",Ciclovías,1,Puerto Madero,91.38,"LINESTRING (-58.36812071533131 -34.598436401596636, -58.367854950117504 -34.599230290623154)"
16347,MORON,Ciclovías,10,Floresta,136.8,"LINESTRING (-58.481885460619125 -34.626623189759556, -58.48204460831789 -34.62666436304892, -58.48331361766111 -34.62697923535929)"
31105,"FIGUEROA ALCORTA, PRES. AV.",Ciclovías,2,Recoleta,40.43,"LINESTRING (-58.391286253828014 -34.583857338703915, -58.39167219460553 -34.583681406718036)"
3658,LA PAMPA,Ciclovías,12,Villa Urquiza,94.31,"LINESTRING (-58.468287930849144 -34.573026767265034, -58.46913414297723 -34.573509274594464)"
6038,HUMBOLDT,Ciclovías,14,Palermo,121.43,"LINESTRING (-58.43717103926225 -34.586420381569674, -58.43625890501118 -34.58562721100198)"
4367,DEL LIBERTADOR AV.,Ciclovías,14,Palermo,73.95,"LINESTRING (-58.407910014253794 -34.57815292269849, -58.40861937235455 -34.57783661680978)"
12669,FRAGATA PRES. SARMIENTO,Ciclovías,6,Caballito,127.3,"LINESTRING (-58.4534289711329 -34.61379390870236, -58.45414202561532 -34.61280937369936)"
5185,"DIAZ, CNEL. AV.",Ciclovías,14,Palermo,94.02,"LINESTRING (-58.40558707416474 -34.58234157235353, -58.405187087366755 -34.58156129782663)"
17959,ESTRADA,Ciclovías,7,Parque Chacabuco,27.2,"LINESTRING (-58.438092675108194 -34.63247973947012, -58.438343884572944 -34.63261014456472)"
11506,TRES ARROYOS,Ciclovías,6,Caballito,96.17,"LINESTRING (-58.46077169629307 -34.6090375971023, -58.461458530314204 -34.60942120633324, -58.46164097167826 -34.609522337125846)"
11819,"JAURETCHE, ARTURO",Ciclovías,6,Caballito,100.11,"LINESTRING (-58.43570008127743 -34.61029635006454, -58.43650232350975 -34.61063301242296, -58.43667384438476 -34.61070403686809)"
5736,ESTADO PLURINACIONAL DE BOLIVIA,Ciclovías,12,Villa Pueyrredon,113.12,"LINESTRING (-58.49804409768715 -34.58499694006153, -58.498654673156594 -34.584321189164896, -58.49878412491129 -34.58418143076039)"
4740,"MARTINEZ, ENRIQUE, GRAL.",Ciclovías,13,Colegiales,105.06,"LINESTRING (-58.44748442000356 -34.5801445038003, -58.448317035310886 -34.5797375589253, -58.44847039293304 -34.57966299878139)"
11053,"LAMAS, ANDRES",Ciclovías,11,Villa Gral. Mitre,133.5,"LINESTRING (-58.46875283423923 -34.60774931418475, -58.469444624482755 -34.606842226038964, -58.46952936203461 -34.6067315159191)"
11399,BOLIVAR,Ciclovías,1,Monserrat,6.96,"LINESTRING (-58.373502862579066 -34.60902753590106, -58.373504839273494 -34.60909021426581)"
6172,GRIVEO,Ciclovías,12,Villa Pueyrredon,75.69,"LINESTRING (-58.507039690370085 -34.586596681800735, -58.5075450560716 -34.586907561454765, -58.50770136015243 -34.58700419653044)"
11673,TRES ARROYOS,Ciclovías,11,Villa Gral. Mitre,131.74,"LINESTRING (-58.46164097167826 -34.609522337125846, -58.46182639456428 -34.609625087420916, -58.46269321234153 -34.61008031241883, -58.462850189392604 -34.61016299030273)"
29974,SOLER,Ciclovías,14,Palermo,107.48,"LINESTRING (-58.42984565130802 -34.58304725682171, -58.43069127790776 -34.582376847824925)"
6554,GRIVEO,Ciclovías,11,Villa Devoto,153.17,"LINESTRING (-58.50902037663713 -34.58781978014747, -58.510357477652434 -34.5886465397931)"
3445,"FIGUEROA ALCORTA, PRES. AV.",Ciclovías,14,Palermo,431.99,"LINESTRING (-58.40760925484662 -34.5745051802867, -58.407870839817825 -34.57431818301043, -58.41115613083103 -34.572052402623854, -58.41122192824616 -34.57200854892337)"
10803,"LAMAS, ANDRES",Ciclovías,11,Villa Gral. Mitre,132.97,"LINESTRING (-58.46952936203461 -34.6067315159191, -58.47030476409047 -34.605718783102766)"
2443,"PEDRAZA, MANUELA",Ciclovías,12,Villa Urquiza,100.08,"LINESTRING (-58.49004278671613 -34.56401107702648, -58.49098734602185 -34.5644619324492)"
2508,MILLER,Ciclovías,12,Villa Urquiza,144.14,"LINESTRING (-58.48637583633653 -34.565018396048906, -58.487327536834876 -34.563984739651104)"
10238,SARMIENTO,Ciclovías,1,San Nicolas,128.74,"LINESTRING (-58.3723924321223 -34.60435559184317, -58.37363656283802 -34.60445299271163, -58.373789770247434 -34.60446416169888)"
29708,"FIGUEROA ALCORTA, PRES. AV.",Ciclovías,14,Palermo,143.95,"LINESTRING (-58.415537690814446 -34.56895731752613, -58.41634800448891 -34.5683919707778, -58.41672870207107 -34.56811295591134)"
27233,"ROCA, CNEL. AV.",Ciclovías,8,Villa Riachuelo,112.06,"LINESTRING (-58.45920400799574 -34.688275193079356, -58.46002361997666 -34.68902479602674)"
7713,SUIPACHA,Ciclovías,1,Retiro,138.89,"LINESTRING (-58.38003772578129 -34.5941104691435, -58.38008570085479 -34.59296935657611, -58.38008180828194 -34.59285921127661)"
8553,CORDOBA AV.,Ciclovías mano única,2,Recoleta,106.4,"LINESTRING (-58.40372440078465 -34.598454471462254, -58.40450955921771 -34.598035338665646, -58.404734813765955 -34.59803636249119)"
7435,LOYOLA,Ciclovías,15,Villa Crespo,77.51,"LINESTRING (-58.43858634959514 -34.59268571396925, -58.439104095291235 -34.5921335549396)"
10353,"GALLARDO, ANGEL AV.",Ciclovías mano única,15,Villa Crespo,86.17,"LINESTRING (-58.43717600749618 -34.604552438004, -58.437976390652004 -34.60495909160835)"
1107,"FIGUEROA ALCORTA, PRES. AV.",Ciclovías,13,Belgrano,127.63,"LINESTRING (-58.435934508861926 -34.55254645700394, -58.43674281543774 -34.55161027554232)"
11521,"URIBURU JOSE E., PRES.",Ciclovías,3,Balvanera,135.18,"LINESTRING (-58.39759275188539 -34.609580712193626, -58.397729644111045 -34.60836745919238)"
13821,GAONA AV.,Ciclovías,11,Villa Gral. Mitre,32.07,"LINESTRING (-58.46879683924988 -34.617644163671805, -58.46909362644067 -34.61779710961601)"
6212,ESTADO PLURINACIONAL DE BOLIVIA,Ciclovías,12,Villa Pueyrredon,99.66,"LINESTRING (-58.49609144944572 -34.587157870868104, -58.496741719256235 -34.58643824508381)"
8575,CORRIENTES AV.,Ciclovías mano única,15,Villa Crespo,132.28,"LINESTRING (-58.44069413899061 -34.5981121968946, -58.44165347296987 -34.59722200456786)"
19553,MIRO,Ciclovías,7,Parque Chacabuco,134.79,"LINESTRING (-58.44390917572226 -34.637058805474084, -58.4436347973695 -34.638252505062496)"
9783,CORRIENTES AV.,Ciclovías mano única,5,Almagro,134.8,"LINESTRING (-58.425646529667695 -34.602709115667004, -58.427105681052005 -34.6025648367385)"
11084,"ANCHORENA, TOMAS MANUEL DE, DR.",Ciclovías,3,Balvanera,6.87,"LINESTRING (-58.411862741702386 -34.60787246852362, -58.41186661260069 -34.6078106382968)"
1308,"OBLIGADO RAFAEL, AV.COSTANERA",Ciclovías,14,Palermo,212.89,"LINESTRING (-58.41886817221468 -34.55404661217817, -58.4196471148828 -34.55395339992695, -58.4205875345737 -34.55376173749768, -58.42114651096686 -34.553700159446144)"
14587,"CALVO, CARLOS",Ciclovías,3,San Cristobal,120.44,"LINESTRING (-58.3944988579342 -34.62054492184616, -58.395808265065234 -34.62062734443633)"
5345,LA PAMPA,Ciclovías,12,Villa Urquiza,96.9,"LINESTRING (-58.485094995451256 -34.582675038038175, -58.485823883028665 -34.583098645868134, -58.48595920360635 -34.583177072960055)"
29832,SENDERO ZAPATA (NO OFICIAL),Ciclovías,14,Palermo,85.66,"LINESTRING (-58.43662266225923 -34.57589651855524, -58.43755455411386 -34.57594188770163)"
12682,TREINTA Y TRES ORIENTALES,Ciclovías,5,Almagro,72.96,"LINESTRING (-58.42494026774466 -34.613196649820445, -58.424793122168595 -34.61384295005251)"
12388,"ARTIGAS, JOSE GERVASIO, GRAL.",Ciclovías,11,Villa Gral. Mitre,133.25,"LINESTRING (-58.47312541660111 -34.612735799658196, -58.47392442594752 -34.61173262053087)"
17734,"BILBAO, FRANCISCO",Ciclovías,7,Parque Chacabuco,58.19,"LINESTRING (-58.45110131827007 -34.63165264123458, -58.451230641407825 -34.63169371086182, -58.45169332610135 -34.63184150376995)"
12666,"DIAZ, CESAR, GRAL.",Ciclovías,11,Villa Santa Rita,142.78,"LINESTRING (-58.476459751077805 -34.613075208427865, -58.47761120734048 -34.6136850869245, -58.477770846735105 -34.613769083293434)"
10071,BILLINGHURST,Ciclovías,5,Almagro,129.05,"LINESTRING (-58.41566308698492 -34.60380402306387, -58.41547160743154 -34.60265153662506)"
9348,TUCUMAN,Ciclovías,3,Balvanera,133.45,"LINESTRING (-58.40776251520053 -34.60111000864295, -58.40918112469975 -34.600843458913246)"
22133,POLA,Ciclovías,9,Liniers,71.66,"LINESTRING (-58.504918672965914 -34.64634719889156, -58.50435640939433 -34.64679584368032)"
6837,CORRIENTES AV.,Ciclovías mano única,15,Chacarita,114.58,"LINESTRING (-58.44951716723846 -34.589889291989564, -58.45033894256723 -34.58911155169611)"
8257,"ALVEAR, MARCELO T. DE",Ciclovías,1,Retiro,140.49,"LINESTRING (-58.379904606741796 -34.59651259964583, -58.38001147330769 -34.596523236180396, -58.38121380436429 -34.596669475726, -58.381421068290734 -34.596688418087574)"
2097,SUPERI,Ciclovías,12,Coghlan,104.34,"LINESTRING (-58.472034979192664 -34.56154068230869, -58.4723240294001 -34.56120825963447, -58.472699553040954 -34.56077751760824)"
16891,DEAN FUNES,Ciclovías,3,San Cristobal,101.11,"LINESTRING (-58.40530436012296 -34.627953086521224, -58.40518045399284 -34.62885874144673)"
7505,SUIPACHA,Ciclovías,1,Retiro,156.27,"LINESTRING (-58.38008180828194 -34.59285921127661, -58.38007775025012 -34.592744206627735, -58.38014179898945 -34.59145169378096)"
28881,COMPLEJO PARQUE DE LOS NIÑOS (SIN NOMBRE OFICIAL),Ciclovías,13,Nuñez,60.03,"LINESTRING (-58.45419354882786 -34.53133241311797, -58.453967505253935 -34.53123573666715, -58.45387709450362 -34.531139070336295, -58.45393620923081 -34.5310334037322, -58.45402462942493 -34.53097784649646)"
12999,OTAMENDI,Ciclovías,6,Caballito,80.84,"LINESTRING (-58.432097293891715 -34.61497434743161, -58.432367656887195 -34.614280745231255)"
3143,SUPERI,Ciclovías,13,Belgrano,129.19,"LINESTRING (-58.46491907432524 -34.569752003329924, -58.46573871530772 -34.56880520962464)"
17034,BRASIL,Ciclovías,1,Constitucion,82.17,"LINESTRING (-58.39005148386897 -34.62917510486473, -58.39092851425889 -34.62932696799827)"
363,SUPERI,Ciclovías,12,Saavedra,100.68,"LINESTRING (-58.48449899658854 -34.54555357237674, -58.48508264545302 -34.54478521134855)"
15538,RINCON,Ciclovías,3,San Cristobal,119.95,"LINESTRING (-58.39494684071011 -34.62294506094691, -58.39481233927987 -34.62396908171645, -58.39480531193674 -34.62401999384104)"
17149,PUAN,Ciclovías,6,Caballito,143.11,"LINESTRING (-58.44657089804002 -34.62859784636182, -58.44647492252419 -34.628831568079825, -58.44606178264138 -34.62981729558767)"
10490,CHIVILCOY AV.,Ciclovías mano única,11,Villa Devoto,117.53,"LINESTRING (-58.506813586625796 -34.60547280981608, -58.5075813259269 -34.604624648227905)"
11529,"LAMAS, ANDRES",Ciclovías,11,Villa Gral. Mitre,109.45,"LINESTRING (-58.46731393358825 -34.60962988951489, -58.46786727307795 -34.6089104233475, -58.46795371815245 -34.60879710862505)"
9426,CUCHA CUCHA,Ciclovías,15,Paternal,138.56,"LINESTRING (-58.45919473435534 -34.6014405412447, -58.460657643399344 -34.60112937973726)"
13873,"CEVALLOS, VIRREY",Ciclovías,1,Monserrat,140.36,"LINESTRING (-58.389054288755005 -34.616733655070014, -58.38906047281928 -34.61686774501411, -58.38896772598239 -34.61799615320831)"
31053,"PERETTE, CARLOS H.",Ciclovías,1,Retiro,103.6,"LINESTRING (-58.376379495868626 -34.58378885681468, -58.377216966500036 -34.58330634421255, -58.37730734148567 -34.58325669002735)"
7834,BILLINGHURST,Ciclovías,2,Recoleta,135.91,"LINESTRING (-58.41353596315082 -34.59473056829714, -58.41274656832329 -34.59369381841241)"
17677,DEAN FUNES,Ciclovías,4,Parque Patricios,108.13,"LINESTRING (-58.40491908256671 -34.63067701592363, -58.40477476272233 -34.63164442144348)"
17921,15 DE NOVIEMBRE DE 1889,Ciclovías,4,Parque Patricios,310.48,"LINESTRING (-58.39139639321926 -34.631708395848186, -58.394641231613235 -34.63250759749253)"
1814,DEL LIBERTADOR AV.,Ciclovías,13,Belgrano,130.36,"LINESTRING (-58.44604831263923 -34.55859421776273, -58.446871975618286 -34.557636915520774)"
6750,AZCUENAGA,Ciclovías,2,Recoleta,125.14,"LINESTRING (-58.396627174895826 -34.58948671017335, -58.39586120285952 -34.5885533860074)"
18628,"SAMPERIO, MANUEL J.",Ciclovías,4,Barracas,144.48,"LINESTRING (-58.37713726475054 -34.63471172069617, -58.37734641723638 -34.63472510783444, -58.37870773634971 -34.63481753934552)"
13958,MEXICO,Ciclovías,3,Balvanera,143.63,"LINESTRING (-58.40657493271277 -34.617811242389294, -58.40674594331385 -34.61786519569677, -58.408034144398776 -34.61828128420019)"
21128,MARTINEZ CASTRO,Ciclovías,9,Parque Avellaneda,11.74,"LINESTRING (-58.47263091312638 -34.64351680806511, -58.47254102582384 -34.64359216765243)"
11108,ESTIVAO,Ciclovías,6,Caballito,80.9,"LINESTRING (-58.4323552490327 -34.607776639016095, -58.43288410748243 -34.607990910666054, -58.4331712921892 -34.60803907131889)"
16988,PAVON,Ciclovías,3,San Cristobal,88.2,"LINESTRING (-58.41092220893463 -34.628979089913585, -58.41109197387324 -34.62902261386085, -58.41184463878361 -34.62920427364875)"
370,CUBA,Ciclovías,13,Nuñez,83.55,"LINESTRING (-58.46779700280131 -34.54563399362142, -58.46787853142002 -34.54552321322745, -58.46827034234637 -34.54499072003414)"
16250,"D'ESPOSITO, ARNALDO",Ciclovías,4,La Boca,124.96,"LINESTRING (-58.36275896367823 -34.626249715795595, -58.364057813106776 -34.62659029011718)"
14251,AZOPARDO,Ciclovías,1,San Telmo,124.0,"LINESTRING (-58.367288073143584 -34.61819531533902, -58.36727181050194 -34.61833685353836, -58.367161229864415 -34.61930818649642)"
18157,"BONIFACIO, JOSE",Ciclovías,7,Flores,129.04,"LINESTRING (-58.46262148031275 -34.632819458483965, -58.462780715462024 -34.632871361200344, -58.46380207424237 -34.63318439260467, -58.463941374235986 -34.63322263177362)"
15855,RUIZ DE LOS LLANOS,Ciclovías,10,Versalles,6.76,"LINESTRING (-58.521419098186264 -34.625165109806694, -58.52147282420335 -34.62512339358788)"
28113,"FIGUEROA ALCORTA, PRES. AV.",Ciclovías,2,Recoleta,28.25,"LINESTRING (-58.39029625018862 -34.58430863085016, -58.39056593794797 -34.58418569107978)"
5323,DEL LIBERTADOR AV.,Ciclovías,2,Recoleta,184.26,"LINESTRING (-58.39731474899214 -34.583078872657936, -58.39927817508175 -34.582730123309354)"
1828,"OBLIGADO RAFAEL, AV.COSTANERA",Ciclovías,14,Palermo,156.28,"LINESTRING (-58.40956702799057 -34.55847211312832, -58.410297904507956 -34.557884761295654, -58.410815741469946 -34.557515186120526)"
26461,"ROCA, CNEL. AV.",Ciclovías,8,Villa Soldati,92.88,"LINESTRING (-58.44428539099192 -34.67081753941886, -58.444832589068355 -34.67152226214589)"
7875,"MANSILLA, LUCIO NORBERTO, GENERAL",Ciclovías,2,Recoleta,110.41,"LINESTRING (-58.407872527087235 -34.59498975127322, -58.40810805166752 -34.59490147630964, -58.40894353362712 -34.59453635242387)"
17462,TREINTA Y TRES ORIENTALES,Ciclovías,5,Boedo,138.52,"LINESTRING (-58.422090753678496 -34.62966802969854, -58.42182126683151 -34.630896613182706)"
14876,RINCON,Ciclovías,3,San Cristobal,125.01,"LINESTRING (-58.395808265065234 -34.62062734443633, -58.39579402239785 -34.620753112699134, -58.39566750977618 -34.62160748933444, -58.395644822886254 -34.62174599950547)"
5588,ROSETI,Ciclovías,15,Chacarita,103.76,"LINESTRING (-58.45077232996875 -34.584300314442224, -58.45174734786293 -34.58382638793162)"
6418,"BORGES, JORGE LUIS",Ciclovías,14,Palermo,60.05,"LINESTRING (-58.429150783158576 -34.588047302825, -58.42863609008443 -34.587712856098854)"
3707,BLANCO ENCALADA,Ciclovías,12,Villa Urquiza,123.11,"LINESTRING (-58.48249746235806 -34.573249871077735, -58.48358865505243 -34.573895552498634)"
6290,NUEVA YORK,Ciclovías,15,Agronomia,63.93,"LINESTRING (-58.490750501850705 -34.58720426027783, -58.491192445341134 -34.58747860152139, -58.49130785015704 -34.587550055220106)"
5127,DEL LIBERTADOR AV.,Ciclovías,14,Palermo,82.08,"LINESTRING (-58.40165686701603 -34.58200591211915, -58.40249030470685 -34.581737029500296)"
24261,POLA,Ciclovías,9,Mataderos,114.62,"LINESTRING (-58.493954098460904 -34.65491473459368, -58.493051013101585 -34.65562925862248)"
4433,"RAVIGNANI, EMILIO, DR.",Ciclovías,14,Palermo,83.55,"LINESTRING (-58.435630231243785 -34.57846693784146, -58.43500385116233 -34.577920375346075)"
19052,"BONIFACIO, JOSE",Ciclovías,10,Floresta,104.91,"LINESTRING (-58.472838307026606 -34.6360292599384, -58.47388905948661 -34.63640340217131)"
5107,ROSETI,Ciclovías,15,Chacarita,96.72,"LINESTRING (-58.45840494415051 -34.58186989916461, -58.45945905443102 -34.58186162687652)"
17871,ESTRADA,Ciclovías,7,Parque Chacabuco,50.96,"LINESTRING (-58.43736648056682 -34.63210282282315, -58.437837122034104 -34.63234707940474)"
16684,PAVON,Ciclovías,3,San Cristobal,12.63,"LINESTRING (-58.40678958519998 -34.62812843341926, -58.406652859249895 -34.62811449661025)"
9765,HUMAHUACA,Ciclovías,5,Almagro,100.23,"LINESTRING (-58.41547160743154 -34.60265153662506, -58.41652381681793 -34.60240785636323)"
29816,CHIVILCOY AV.,Ciclovías mano única,11,Villa Devoto,24.27,"LINESTRING (-58.514932334362605 -34.596553097249675, -58.515089857682376 -34.5963772957108)"
1879,"FIGUEROA ALCORTA, PRES. AV.",Ciclovías,14,Palermo,16.13,"LINESTRING (-58.42735707975071 -34.55928354151012, -58.427484552009595 -34.559183506327784)"
6891,"ALVAREZ, JULIAN",Ciclovías,14,Palermo,135.29,"LINESTRING (-58.420244493936735 -34.590067196649265, -58.41904623537421 -34.58935640372332)"
3625,BLANCO ENCALADA,Ciclovías,12,Villa Urquiza,96.57,"LINESTRING (-58.481637804852454 -34.57274766926928, -58.48249746235806 -34.573249871077735)"
11103,SAN MARTIN,Ciclovías,1,San Nicolas,129.81,"LINESTRING (-58.37357498279493 -34.60793954586973, -58.37364543499993 -34.606896062037926, -58.37365255326443 -34.60677120636694)"
8795,CORDOBA AV.,Ciclovías mano única,1,Retiro,77.09,"LINESTRING (-58.38125372284078 -34.59903052517611, -58.38166681584415 -34.59904972783063, -58.38209271744201 -34.59906946729082)"
17395,LINIERS VIRREY,Ciclovías,5,Boedo,127.58,"LINESTRING (-58.41318072176602 -34.629525115039755, -58.41312275170098 -34.63015354850518, -58.41307379281051 -34.6306717027573)"
15965,TREINTA Y TRES ORIENTALES,Ciclovías,5,Boedo,81.86,"LINESTRING (-58.4232220647295 -34.62487018503141, -58.423045116403834 -34.62559344479989)"
7986,CORDOBA AV.,Ciclovías mano única,14,Palermo,123.18,"LINESTRING (-58.42809080557664 -34.59551459215837, -58.42917090556817 -34.594854888276366)"
32946,"MOREAU DE JUSTO, ALICIA AV.",Ciclovías,1,Puerto Madero,64.43,"LINESTRING (-58.36742747293809 -34.60109118589257, -58.367363596196874 -34.60166960214689)"
29868,ARENALES,Ciclovías,1,Retiro,32.71,"LINESTRING (-58.38242099658561 -34.59426475051629, -58.382774795878085 -34.59430160480335)"
11348,FRAGATA PRES. SARMIENTO,Ciclovías,6,Caballito,172.38,"LINESTRING (-58.45688734745262 -34.6089364674384, -58.45783329068791 -34.60759374796066)"
16019,DEAN FUNES,Ciclovías,3,San Cristobal,171.63,"LINESTRING (-58.40581510702075 -34.62422765325086, -58.4057845444107 -34.62444503567972, -58.40560388072357 -34.625764894762916)"
28870,COMPLEJO CIUDAD UNIVERSITARIA (SIN NOMBRE OFICIAL),Ciclovías,13,Belgrano,190.73,"LINESTRING (-58.44565411658189 -34.5411825586748, -58.447393073259306 -34.54024164601168)"
17513,"BLANES, JUAN MANUEL",Ciclovías,4,La Boca,122.93,"LINESTRING (-58.361456090896326 -34.63011698480269, -58.3616232013507 -34.6302918442794, -58.362317832645054 -34.630965666119785)"
3860,BLANCO ENCALADA,Ciclovías,12,Villa Urquiza,63.83,"LINESTRING (-58.48483211475777 -34.57462697366664, -58.485396588882296 -34.57496321743395)"
19612,"BONIFACIO, JOSE",Ciclovías,9,Parque Avellaneda,158.32,"LINESTRING (-58.47759071273305 -34.63773169911065, -58.479098515948586 -34.63842708293376)"
8112,CORDOBA AV.,Ciclovías mano única,14,Palermo,121.47,"LINESTRING (-58.42702576594789 -34.5961651358037, -58.42809080557664 -34.59551459215837)"
3228,MOLDES,Ciclovías,13,Colegiales,54.9,"LINESTRING (-58.45159085273647 -34.57041604355836, -58.45208143587186 -34.57013277397895)"
28975,DEL LIBERTADOR AV.,Ciclovías,13,Belgrano,96.27,"LINESTRING (-58.443912758186606 -34.56125415018491, -58.44453539008345 -34.56055575691977)"
27069,UNANUE,Ciclovías mano única,8,Villa Lugano,102.83,"LINESTRING (-58.47886283763474 -34.68490355984997, -58.47962034646368 -34.68558733502175)"
19950,"HORNOS, GRAL.",Ciclovías,4,Barracas,173.46,"LINESTRING (-58.37627355517366 -34.63800916579329, -58.3762111119873 -34.63824320779914, -58.375909345937025 -34.63927483194986, -58.375844746400105 -34.63953197096319)"
12113,"LAMAS, ANDRES",Ciclovías,11,Villa Gral. Mitre,140.67,"LINESTRING (-58.46574490887223 -34.611689607344346, -58.46641376831465 -34.61081591816948, -58.46656111452294 -34.61061605241002)"
15066,TREINTA Y TRES ORIENTALES,Ciclovías,5,Boedo,100.41,"LINESTRING (-58.42372083121156 -34.62150629463425, -58.42358759729528 -34.62240464225665)"
14671,"CALVO, CARLOS",Ciclovías,3,San Cristobal,122.62,"LINESTRING (-58.3984991446143 -34.62080479153952, -58.3998305233568 -34.620906196936424)"
6859,ESTADO PLURINACIONAL DE BOLIVIA,Ciclovías,15,Agronomia,94.83,"LINESTRING (-58.49352941349478 -34.58999301826909, -58.49414814831871 -34.58930827419182)"
13136,"GARCIA, JUAN AGUSTIN",Ciclovías,11,Villa Santa Rita,134.39,"LINESTRING (-58.490134299407856 -34.614602423891256, -58.49115682963852 -34.61547009332588)"
12156,"IRIGOYEN, BERNARDO DE",Ciclovías,1,Monserrat,122.35,"LINESTRING (-58.380597180519636 -34.610729827600736, -58.38058710564617 -34.61092595015832, -58.38054344848492 -34.61183184809686)"
5328,DEL LIBERTADOR AV.,Ciclovías,2,Recoleta,8.65,"LINESTRING (-58.39722252140173 -34.58309523150809, -58.39731474899214 -34.583078872657936)"
13724,CHIVILCOY,Ciclovías,10,Monte Castro,136.82,"LINESTRING (-58.495597551400216 -34.61746874236787, -58.49655793610194 -34.61670699580245, -58.496674427992886 -34.61661520225618)"
19934,PRIMERA JUNTA,Ciclovías,7,Flores,105.16,"LINESTRING (-58.45782740972555 -34.63879967696434, -58.45840386636624 -34.63941034082938, -58.45855262726213 -34.63953253091407)"
19,PARQUE DEL VEGA,Ciclovías,13,Belgrano,758.36,"LINESTRING (-58.426941100240356 -34.55194030219146, -58.42598743231998 -34.549953947807865, -58.42600482717414 -34.54972856114947, -58.4261043253741 -34.54962126153767, -58.42705877291211 -34.54960890283891, -58.427420859841554 -34.549544133288066, -58.427649191134236 -34.549481232419765, -58.42783141109574 -34.54939160484996, -58.427928288969404 -34.54934011432647, -58.428096644067686 -34.54931726519752, -58.42829265189161 -34.54934403370254, -58.42843560847109 -34.5493975001321, -58.42848404138268 -34.54938606523586, -58.428520980422654 -34.54928494736012, -58.428587883101315 -34.54922199943988, -58.428687057872395 -34.54919149783103, -58.42881577736062 -34.54923418130778, -58.42898156822487 -34.5492992934414, -58.42919629114559 -34.54926408797199, -58.429300467593954 -34.549224104514906, -58.42935582391761 -34.54919931460824, -58.42941145733257 -34.54925075253552, -58.42968020451015 -34.54903235037963, -58.42975285931685 -34.54899993264975, -58.42981627580455 -34.5490028118645, -58.42996614807775 -34.54906391068646, -58.43003184946639 -34.549121170674084, -58.430025545638784 -34.5491991939421, -58.430226170578564 -34.54920277568241, -58.43040047345687 -34.5492358489272, -58.430545748313996 -34.549260692305566, -58.43074387263688 -34.549354670474834)"
30065,"CEVALLOS, VIRREY",Ciclovías,1,Constitucion,110.44,"LINESTRING (-58.388310994425055 -34.62620239578601, -58.38825072556916 -34.626258586745514, -58.388208053276195 -34.626808625119054, -58.388269130938305 -34.626914753333594, -58.38826899192792 -34.6270704193764, -58.38829879932809 -34.62716331420289)"
27770,CHIVILCOY AV.,Ciclovías mano única,11,Villa Devoto,55.18,"LINESTRING (-58.5152116083397 -34.59622667311013, -58.515577304813654 -34.595831717823124)"
8265,BILLINGHURST,Ciclovías,2,Recoleta,134.45,"LINESTRING (-58.41423732822002 -34.59677025137544, -58.41383137296558 -34.59560570259709)"
8065,CHARCAS,Ciclovías,2,Recoleta,140.48,"LINESTRING (-58.402825196249196 -34.59582426920664, -58.404063293910866 -34.59529430458658, -58.404179664866206 -34.595234219205494)"
503,"PEDRAZA, MANUELA",Ciclovías,13,Nuñez,157.81,"LINESTRING (-58.45729461045678 -34.54672029331228, -58.45876587369628 -34.547456219738855)"
8956,GURRUCHAGA,Ciclovías,15,Villa Crespo,130.38,"LINESTRING (-58.44474956553892 -34.59975368122528, -58.44373894253475 -34.598927313294205)"
18876,TREINTA Y TRES ORIENTALES,Ciclovías,5,Boedo,140.43,"LINESTRING (-58.4211419989212 -34.63459817807705, -58.421098607640715 -34.63481471447404, -58.42084188838815 -34.63583935355174)"
12255,DON BOSCO,Ciclovías,5,Almagro,137.86,"LINESTRING (-58.41533710490443 -34.61187562916196, -58.41677733155772 -34.612231191633754)"
21939,PEPIRI,Ciclovías,4,Parque Patricios,127.44,"LINESTRING (-58.409714725813906 -34.64504765839248, -58.40947139999185 -34.64617868689475)"
5480,"NEWBERY, JORGE AV.",Ciclovías,15,Chacarita,123.03,"LINESTRING (-58.44887522865068 -34.58275747116991, -58.44921733911666 -34.583829784262846)"
19217,CULPINA,Ciclovías,7,Flores,141.15,"LINESTRING (-58.464304352183795 -34.63585899333538, -58.463776707200694 -34.637054219208444)"
17277,USPALLATA,Ciclovías,4,Barracas,116.28,"LINESTRING (-58.371986055831655 -34.62943341405067, -58.37277798875318 -34.630252040849186)"
28682,"OBLIGADO RAFAEL, AV.COSTANERA",Ciclovías,13,Belgrano,174.54,"LINESTRING (-58.43337069729702 -34.54353671981241, -58.43338467199033 -34.54352958555006, -58.433454812751705 -34.54349460184472, -58.43352537873886 -34.543460322445355, -58.43359637000312 -34.54342660650271, -58.43366778652044 -34.543393524440376, -58.43373962829193 -34.543361076257575, -58.433811895318726 -34.543329261953566, -58.43388458757724 -34.54329815195192, -58.43395762001138 -34.54326760538285, -58.43403107770444 -34.543237692690376, -58.43410496063304 -34.54320848429816, -58.434179183716374 -34.543179909760745, -58.43425374695574 -34.543151969077584, -58.434342864904735 -34.54311966549522, -58.4350970707367 -34.5428858404941)"
13600,"DIAZ, CESAR, GRAL.",Ciclovías,11,Villa Santa Rita,137.1,"LINESTRING (-58.482839692415986 -34.61643566505945, -58.48410318364705 -34.617096168803826)"
8634,ESTADO DE ISRAEL AV.,Ciclovías mano única,15,Villa Crespo,14.06,"LINESTRING (-58.427854383221565 -34.59836351292565, -58.42798942641815 -34.59842341217611)"
16042,VALLE,Ciclovías,6,Caballito,73.09,"LINESTRING (-58.44532856684553 -34.625593199780276, -58.44604828562674 -34.62587612378878)"
15881,AZOPARDO,Ciclovías,1,San Telmo,130.03,"LINESTRING (-58.36662045962842 -34.62402661606588, -58.3665968826936 -34.624229275675994, -58.36651130661085 -34.62500252615653, -58.366492172111165 -34.62519392150992)"
15858,VALLE,Ciclovías,6,Caballito,83.46,"LINESTRING (-58.44164504588288 -34.62509055351631, -58.44254889326633 -34.62517845810315)"
8798,CORDOBA AV.,Ciclovías mano única,2,Recoleta,59.61,"LINESTRING (-58.402539747400766 -34.59908685491912, -58.40308568698046 -34.59879543087409)"
10034,CORRIENTES AV.,Ciclovías mano única,5,Almagro,118.75,"LINESTRING (-58.41674884583653 -34.60359767850516, -58.41803393618888 -34.6034683009398)"
19494,"HORNOS, GRAL.",Ciclovías,4,Barracas,202.91,"LINESTRING (-58.376784919678364 -34.63622979524432, -58.3766960395435 -34.63657191839081, -58.37632821459848 -34.63780378042286, -58.37627355517366 -34.63800916579329)"
20292,QUILMES,Ciclovías,4,Nueva Pompeya,153.33,"LINESTRING (-58.4186039335327 -34.639440840730806, -58.41851051285031 -34.63982482396222, -58.418250710065024 -34.64079170860586)"
5989,GODOY CRUZ,Ciclovías,14,Palermo,105.38,"LINESTRING (-58.4318372009353 -34.58616834395535, -58.431162763791406 -34.58539942211338)"
7662,NUEVA YORK,Ciclovías,15,Agronomia,151.84,"LINESTRING (-58.50016897071 -34.59302659633458, -58.50149635530157 -34.5938441593675)"
13886,"VERA PEÑALOZA,  ROSARIO",Ciclovías,1,Puerto Madero,72.32,"LINESTRING (-58.365717087137305 -34.61805748501452, -58.36555326064107 -34.618049358102375, -58.36493788773369 -34.617961820512775)"
1190,11 DE SEPTIEMBRE DE 1888,Ciclovías,13,Belgrano,119.3,"LINESTRING (-58.45577974126046 -34.55322656141141, -58.456490882051455 -34.55232644129281)"
4894,DORREGO,Ciclovías,13,Colegiales,31.33,"LINESTRING (-58.44251076553723 -34.580938772873424, -58.442283906596245 -34.58072767373911)"
7807,ARENALES,Ciclovías,1,Retiro,129.85,"LINESTRING (-58.384417302263294 -34.594431341654335, -58.385823665490726 -34.59456330110494)"
14660,CHIVILCOY,Ciclovías,10,Floresta,137.91,"LINESTRING (-58.491280032003786 -34.62089428792372, -58.49236389416634 -34.620032545181246)"
16007,CHIVILCOY,Ciclovías,10,Floresta,80.51,"LINESTRING (-58.485382943184746 -34.625714990910026, -58.48592332454983 -34.62514298399527)"
20926,PEDERNERA,Ciclovías,7,Flores,187.82,"LINESTRING (-58.45441910275209 -34.64165154407557, -58.453121087670134 -34.64278286080669, -58.45300408506369 -34.642875598250406)"
19989,"RODO, JOSE E.",Ciclovías,9,Parque Avellaneda,148.97,"LINESTRING (-58.478283314443175 -34.63906719166521, -58.47970303695249 -34.63972011347651)"
24866,"RABANAL, FRANCISCO, INTENDENTE AV.",Ciclovías,4,Nueva Pompeya,98.24,"LINESTRING (-58.4244820961712 -34.65800059693919, -58.42522609367091 -34.658390340863455, -58.42538405941652 -34.658478700462965)"
514,"FIGUEROA ALCORTA, PRES. AV.",Ciclovías,13,Belgrano,17.88,"LINESTRING (-58.44383115045278 -34.54753369740957, -58.44402282754242 -34.547504853882984)"
8961,CORDOBA AV.,Ciclovías mano única,2,Recoleta,110.96,"LINESTRING (-58.398726105316136 -34.599759625061814, -58.399923963223955 -34.599620884749)"
12646,OTAMENDI,Ciclovías,6,Caballito,79.97,"LINESTRING (-58.43256191487738 -34.613684941397686, -58.43273067314741 -34.61316744171227, -58.43279172576253 -34.61298956729703)"
13749,MATHEU,Ciclovías,3,Balvanera,122.61,"LINESTRING (-58.400227710302794 -34.61644881310366, -58.40013274962841 -34.617551242575466)"
26885,UNANUE,Ciclovías mano única,8,Villa Lugano,77.35,"LINESTRING (-58.47445042958634 -34.68139396653855, -58.47503172134935 -34.681899546828724)"
23343,POLA,Ciclovías,9,Mataderos,156.04,"LINESTRING (-58.49944864519327 -34.650641580801924, -58.49820113664701 -34.65159850028278)"
3819,DEL LIBERTADOR AV.,Ciclovías,14,Palermo,49.44,"LINESTRING (-58.41463133295556 -34.57482212162811, -58.414803853068605 -34.57465273004023, -58.415056121418246 -34.574570906523)"
13933,MENDEZ DE ANDES,Ciclovías,6,Caballito,100.32,"LINESTRING (-58.45517362891657 -34.61789669609284, -58.456201335062005 -34.61820641200381)"
5101,ROSETI,Ciclovías,15,Villa Ortuzar,126.56,"LINESTRING (-58.46053257783448 -34.581853275502276, -58.46071487584848 -34.581851800598976, -58.461911180232455 -34.58181597433955)"
32592,COMPLEJO CIUDAD UNIVERSITARIA (SIN NOMBRE OFICIAL),Ciclovías,13,Belgrano,14.48,"LINESTRING (-58.444850652676784 -34.54161838894923, -58.444981614915434 -34.541545685026655)"
31671,"PERETTE, CARLOS H.",Ciclovías,1,Retiro,115.67,"LINESTRING (-58.379307214770925 -34.58189594800359, -58.38035888799912 -34.581321047702225)"
3578,LA PAMPA,Ciclovías,13,Belgrano,80.15,"LINESTRING (-58.46736467746902 -34.57249643875848, -58.46808163672731 -34.57290909710977)"
30265,"COLECTORA CANTILO, INT.",Ciclovías,13,Belgrano,33.66,"LINESTRING (-58.45048445141267 -34.54047611007106, -58.45067303888262 -34.54073628018105)"
19862,"ARAOZ DE LAMADRID, GREGORIO, GRAL.",Ciclovías,4,La Boca,46.67,"LINESTRING (-58.36323654206859 -34.63909642925447, -58.36367816288873 -34.63930566581718)"
31089,"BEIRO, FRANCISCO AV.",Ciclovías,15,Agronomia,84.48,"LINESTRING (-58.49201006130202 -34.59363069999991, -58.49274587487659 -34.59408859897212)"
13359,OTAMENDI,Ciclovías,6,Caballito,138.17,"LINESTRING (-58.43163610516542 -34.61616001858402, -58.432097293891715 -34.61497434743161)"
15320,LINIERS VIRREY,Ciclovías,5,Boedo,138.56,"LINESTRING (-58.41368507396358 -34.622084745223646, -58.413732206903646 -34.62333315923942)"
5616,CERETTI,Ciclovías,12,Villa Urquiza,134.99,"LINESTRING (-58.48810307632773 -34.58441879137371, -58.48821117401596 -34.5842804569951, -58.48889771146309 -34.58339473545251)"
21309,PATRON,Ciclovías,9,Liniers,104.3,"LINESTRING (-58.51031600130245 -34.643474228467255, -58.51108291707818 -34.64416861006432)"
8757,PADILLA,Ciclovías,15,Villa Crespo,129.85,"LINESTRING (-58.44373894253475 -34.598927313294205, -58.44469347852934 -34.5980630123174)"
30016,"PEDRAZA, MANUELA",Ciclovías,13,Nuñez,25.17,"LINESTRING (-58.46283077678608 -34.54942701757679, -58.46298511888612 -34.549519208770235, -58.463021104738964 -34.549581890125076)"
8866,"ACUÑA DE FIGUEROA, FRANCISCO",Ciclovías,5,Almagro,129.1,"LINESTRING (-58.422040746572485 -34.59936325064811, -58.42202046069448 -34.59922514304463, -58.42186486008379 -34.598208595504914)"
13669,CHACO,Ciclovías,6,Caballito,12.51,"LINESTRING (-58.430209901647395 -34.6172707105643, -58.43034124075168 -34.617301169038505)"
13579,QUITO,Ciclovías,5,Almagro,131.62,"LINESTRING (-58.424436403741254 -34.61692752471948, -58.425867677737536 -34.617013677596084)"
17332,CABOTO,Ciclovías,4,La Boca,55.24,"LINESTRING (-58.35737050117256 -34.6300845610704, -58.35690067681918 -34.63039619749598)"
9495,ESTADO DE ISRAEL AV.,Ciclovías mano única,15,Villa Crespo,111.98,"LINESTRING (-58.431156035323234 -34.600880663657435, -58.43187435512363 -34.60169684916049)"
22816,PEPIRI,Ciclovías,4,Nueva Pompeya,30.03,"LINESTRING (-58.40870275161036 -34.6493554113021, -58.408668316333255 -34.649498072968484, -58.408575537043205 -34.64959711658889)"
30732,SARMIENTO AV.,Ciclovías,14,Palermo,63.98,"LINESTRING (-58.41286023375786 -34.57262423261117, -58.41246580714191 -34.57214866120296)"
2991,"PEDRAZA, MANUELA",Ciclovías,12,Villa Urquiza,61.15,"LINESTRING (-58.49858561822406 -34.56840421052651, -58.498723650300434 -34.568480510156775, -58.499139536373924 -34.568710675211115)"
32908,"VERA PEÑALOZA,  ROSARIO",Ciclovías,1,Puerto Madero,64.4,"LINESTRING (-58.3664157476747 -34.61811580220759, -58.365717087137305 -34.61805748501452)"
9165,GURRUCHAGA,Ciclovías,15,Villa Crespo,129.54,"LINESTRING (-58.445753737126225 -34.600574687553966, -58.44474956553892 -34.59975368122528)"
31623,"MOREAU DE JUSTO, ALICIA AV.",Ciclovías,1,Puerto Madero,165.39,"LINESTRING (-58.36660584178717 -34.608045153145596, -58.36644259622389 -34.60952985069187)"
5954,"BORGES, JORGE LUIS",Ciclovías,14,Palermo,79.67,"LINESTRING (-58.426065665879904 -34.58604277371702, -58.42538449429541 -34.58559741522322)"
26561,UNANUE,Ciclovías mano única,8,Villa Lugano,103.12,"LINESTRING (-58.46858213400948 -34.67605772870486, -58.46933035750924 -34.676751921383755)"
12639,"CEVALLOS, VIRREY",Ciclovías,1,Monserrat,129.89,"LINESTRING (-58.38894480182646 -34.61246663217725, -58.38895172959508 -34.612625863850326, -58.38894603354338 -34.6133779829129, -58.38895414984877 -34.613637287010796)"
3785,SARMIENTO AV.,Ciclovías,14,Palermo,300.58,"LINESTRING (-58.415056121418246 -34.574570906523, -58.414660144574334 -34.5744273469478, -58.41445906947652 -34.57433252258077, -58.41286023375786 -34.57262423261117)"
25324,"RABANAL, FRANCISCO, INTENDENTE AV.",Ciclovías,8,Villa Soldati,117.6,"LINESTRING (-58.42967763475472 -34.660882015859485, -58.4298678184673 -34.66098854760977, -58.43073856207555 -34.661478011254616)"
11225,BILLINGHURST,Ciclovías,5,Almagro,175.64,"LINESTRING (-58.41606734341177 -34.60853544559827, -58.41628968052785 -34.606962903576594)"
19390,RONDEAU,Ciclovías,5,Boedo,106.26,"LINESTRING (-58.42032482555532 -34.63744503263429, -58.42145920427327 -34.63764106269272)"
6708,ESTADO PLURINACIONAL DE BOLIVIA,Ciclovías,15,Agronomia,98.9,"LINESTRING (-58.49414814831871 -34.58930827419182, -58.49479351485085 -34.588594223749745)"
18092,ESTRADA,Ciclovías,7,Parque Chacabuco,31.1,"LINESTRING (-58.4388810614915 -34.63288891808538, -58.43916830695001 -34.63303799084288)"
10919,"URIBURU JOSE E., PRES.",Ciclovías,3,Balvanera,136.11,"LINESTRING (-58.39785292406743 -34.60723821376329, -58.397964591276775 -34.60614234253881, -58.39798053210631 -34.606015870389804)"
6244,"ALVAREZ, JULIAN",Ciclovías,14,Palermo,56.21,"LINESTRING (-58.415664132359886 -34.587352701327525, -58.41516599421766 -34.58705778239702)"
3714,LA PAMPA,Ciclovías,12,Villa Urquiza,88.24,"LINESTRING (-58.46913414297723 -34.573509274594464, -58.46992587399457 -34.57396072203392)"
18840,ALBERTI,Ciclovías,4,Parque Patricios,132.79,"LINESTRING (-58.39787147312801 -34.63450678701159, -58.397435114162576 -34.63564811232234)"
11696,"ALSINA, ADOLFO",Ciclovías mano única,1,Monserrat,128.45,"LINESTRING (-58.37205734647661 -34.610145281374606, -58.37218561140113 -34.61015319423797, -58.373452661921704 -34.6102444168078)"
10182,"GALLARDO, ANGEL AV.",Ciclovías mano única,15,Villa Crespo,155.91,"LINESTRING (-58.43514990350268 -34.603574367238316, -58.435339539813555 -34.603674553180205, -58.43661763839414 -34.604282806148774)"
468,CUBA,Ciclovías,13,Nuñez,92.27,"LINESTRING (-58.466750813139086 -34.5470550482499, -58.46727378476071 -34.5463447333743)"
10979,ESTIVAO,Ciclovías,6,Caballito,100.58,"LINESTRING (-58.430607537410246 -34.60704638408276, -58.43158549542277 -34.60745636637631)"
17486,"BILBAO, FRANCISCO",Ciclovías,7,Parque Chacabuco,104.36,"LINESTRING (-58.447982948587416 -34.6306610115766, -58.44904511468563 -34.63099881992427)"
3589,LA PAMPA,Ciclovías,12,Villa Urquiza,22.99,"LINESTRING (-58.46808163672731 -34.57290909710977, -58.468287930849144 -34.573026767265034)"
3603,ZAPATA,Ciclovías,13,Colegiales,127.81,"LINESTRING (-58.44170451565072 -34.57307418518735, -58.44261282296042 -34.572474541766105, -58.44279368220442 -34.57235611920113)"
20086,"FAVALORO, RENE DR.",Ciclovías,4,Parque Patricios,140.44,"LINESTRING (-58.40514763505326 -34.63962981641976, -58.405240011019245 -34.63961035321731, -58.405355131414055 -34.63959850645433, -58.40548460808899 -34.639649131729946, -58.40556729906156 -34.63971156581945, -58.40568236198207 -34.639782958891175, -58.40587648951894 -34.63986333284747, -58.40614984218198 -34.6399675466712, -58.40653686742072 -34.64006061555976)"
8263,"ALVEAR, MARCELO T. DE",Ciclovías,2,Recoleta,129.2,"LINESTRING (-58.400288425028 -34.596743493297765, -58.40042658263259 -34.59670912739453, -58.401609575303446 -34.596340781656345)"
32594,COMPLEJO CIUDAD UNIVERSITARIA (SIN NOMBRE OFICIAL),Ciclovías,13,Belgrano,145.8,"LINESTRING (-58.44349062787419 -34.542365133866454, -58.443409892858575 -34.54233650391168, -58.44259516011562 -34.54129392554414)"
31700,SENDERO PARQUE CHACABUCO (NO OFICIAL),Ciclovías,7,Parque Chacabuco,84.06,"LINESTRING (-58.44472847701967 -34.63288269501646, -58.44457290589049 -34.633012333603, -58.4445345223177 -34.63307069678829, -58.44449168273668 -34.63309795814966, -58.44437403826234 -34.6332703710687, -58.44413774489072 -34.63345109565883)"
5699,"FIGUEROA ALCORTA, PRES. AV.",Ciclovías,2,Recoleta,111.66,"LINESTRING (-58.389231544631016 -34.584796096616145, -58.389631993782196 -34.58461140612366, -58.39029625018862 -34.58430863085016)"
31266,"MOREAU DE JUSTO, ALICIA AV.",Ciclovías,1,Puerto Madero,134.27,"LINESTRING (-58.36628221465843 -34.61091996074294, -58.366196705666795 -34.61171221965687, -58.36619144263852 -34.61180262090342, -58.366206760050744 -34.61193653548242, -58.36629483631195 -34.61211192055326)"
7432,"RAMOS MEJIA, JOSE MARIA, DR. AV.",Ciclovías,1,Retiro,203.52,"LINESTRING (-58.37533517996532 -34.59276462993534, -58.37432720382179 -34.591510673607544, -58.374113992152964 -34.59123308614585)"
2196,DEL LIBERTADOR AV.,Ciclovías,13,Belgrano,106.09,"LINESTRING (-58.441299891033246 -34.56223061695886, -58.44192688408292 -34.56209331859735, -58.44241093565518 -34.56196763337045)"
19906,ZAÑARTU,Ciclovías,7,Parque Chacabuco,118.5,"LINESTRING (-58.43034859662479 -34.63920471817755, -58.43140659526912 -34.639397677237945, -58.431612439191426 -34.63942716777934)"
17234,"CEVALLOS, VIRREY",Ciclovías,1,Constitucion,142.59,"LINESTRING (-58.38809810956557 -34.628836799972355, -58.38794471120346 -34.63011587351005)"
13250,ESPINOSA,Ciclovías,6,Caballito,123.15,"LINESTRING (-58.44914685835537 -34.61583266872265, -58.44974686337877 -34.61483955491743)"
6389,NUEVA YORK,Ciclovías,15,Agronomia,65.75,"LINESTRING (-58.49130785015704 -34.587550055220106, -58.491881640687225 -34.58790521010769)"
15319,"CALVO, CARLOS",Ciclovías,5,Boedo,132.39,"LINESTRING (-58.41233581071847 -34.62303173526783, -58.413165444340564 -34.62319715140007, -58.41361117122568 -34.62330430684656, -58.413732206903646 -34.62333315923942)"
9034,"ALVAREZ, JULIAN",Ciclovías,15,Villa Crespo,124.69,"LINESTRING (-58.435149650479175 -34.600033256976864, -58.43407349407374 -34.59934658483214)"
13855,CHIVILCOY,Ciclovías,10,Monte Castro,69.7,"LINESTRING (-58.495049141540946 -34.6179036805285, -58.495597551400216 -34.61746874236787)"
2919,"GARCIA, TEODORO",Ciclovías,14,Palermo,108.12,"LINESTRING (-58.44374496179126 -34.56741701914318, -58.44428421549057 -34.56802866638424, -58.444445161406165 -34.56820080760357)"
16088,PAVON,Ciclovías,1,Constitucion,58.32,"LINESTRING (-58.38224491644215 -34.625962597648446, -58.38288007606658 -34.62598935637277)"
10004,CORRIENTES AV.,Ciclovías mano única,1,San Nicolas,129.9,"LINESTRING (-58.37666269180612 -34.603404177825354, -58.37807494661316 -34.60349066663076)"
11457,"DIAZ, CESAR, GRAL.",Ciclovías,11,Villa Gral. Mitre,140.17,"LINESTRING (-58.46806026244468 -34.608657384233055, -58.46935052021604 -34.609334449270605)"
9667,CORRIENTES AV.,Ciclovías mano única,5,Almagro,83.05,"LINESTRING (-58.43017250814242 -34.60225570324134, -58.43107105533052 -34.60216397066395)"
7762,"BEIRO, FRANCISCO AV.",Ciclovías,15,Agronomia,45.14,"LINESTRING (-58.49274587487659 -34.59408859897212, -58.493142404154426 -34.594329524381706)"
7945,"ACUÑA DE FIGUEROA, FRANCISCO",Ciclovías,14,Palermo,135.18,"LINESTRING (-58.42130200202617 -34.595365329462496, -58.42109515617994 -34.594339818844574, -58.421060074882924 -34.59416332493849)"
5267,CERETTI,Ciclovías,12,Villa Urquiza,78.41,"LINESTRING (-58.48936149561802 -34.58279913344306, -58.489824592499836 -34.582205149511886)"
19709,ZAÑARTU,Ciclovías,7,Parque Chacabuco,117.22,"LINESTRING (-58.42670399823404 -34.638544236401856, -58.42795333554343 -34.63876848016656)"
13267,"GONZALEZ, ELPIDIO",Ciclovías,11,Villa Santa Rita,96.08,"LINESTRING (-58.49298012335753 -34.61524599849408, -58.49310154185766 -34.61534850543651, -58.493708982127785 -34.61586808056632)"
21267,PEPIRI,Ciclovías,4,Parque Patricios,150.86,"LINESTRING (-58.409308496269865 -34.64272774198806, -58.40954416613393 -34.644073561407055)"
26933,"BARROS PAZOS, JOSE",Ciclovías mano única,8,Villa Lugano,67.49,"LINESTRING (-58.47411658514806 -34.682601252578515, -58.47447194535369 -34.68291122111213, -58.4746204681738 -34.68304494005101)"
15116,"GONZALEZ, ELPIDIO",Ciclovías,10,Monte Castro,121.66,"LINESTRING (-58.50205283975476 -34.62202079140824, -58.50221320245985 -34.622107431524796, -58.50316405217656 -34.62261987701756)"
1517,11 DE SEPTIEMBRE DE 1888,Ciclovías,13,Belgrano,66.96,"LINESTRING (-58.45349335629241 -34.555889418273516, -58.45391696718125 -34.5553979614558)"
6804,HUMBOLDT,Ciclovías,15,Chacarita,127.47,"LINESTRING (-58.44137585984784 -34.58971098523051, -58.44125326268818 -34.58961680659239, -58.44038514167382 -34.58890543719155)"
4996,"MARTINEZ, ENRIQUE, GRAL.",Ciclovías,13,Colegiales,95.63,"LINESTRING (-58.44517084238974 -34.581473080167264, -58.44529125826347 -34.58138161741975, -58.44595489765353 -34.580905155355296)"
23542,"RODO, JOSE E.",Ciclovías,9,Mataderos,103.1,"LINESTRING (-58.49614283534678 -34.651916820725106, -58.49693545627393 -34.65257611623932)"
10284,CORRIENTES AV.,Ciclovías mano única,3,Balvanera,115.81,"LINESTRING (-58.39822191948896 -34.60457957017559, -58.39948263925824 -34.60463460307796)"
4738,SANCHEZ DE BUSTAMANTE,Ciclovías,2,Recoleta,15.23,"LINESTRING (-58.41165010562321 -34.59322468956097, -58.41156706530936 -34.59310584960491)"
6264,GRIVEO,Ciclovías,12,Villa Pueyrredon,81.89,"LINESTRING (-58.50770136015243 -34.58700419653044, -58.508416189780334 -34.58744619564884)"
901,VILELA,Ciclovías,12,Saavedra,101.34,"LINESTRING (-58.482340902381175 -34.55012361569689, -58.48243463385426 -34.55021592718008, -58.48258141600589 -34.55041414822865, -58.48270394226448 -34.5506166688276, -58.482796468253234 -34.55094176868581)"
7275,"DIAZ, CNEL. AV.",Ciclovías,14,Palermo,10.13,"LINESTRING (-58.41239341024797 -34.591750470308284, -58.41232958857011 -34.59167593537616)"
9823,TRES ARROYOS,Ciclovías,15,Villa Crespo,96.73,"LINESTRING (-58.44863031571877 -34.60230657266328, -58.44876035152243 -34.60238849087726, -58.44946863754485 -34.602835546114896)"
1508,MILLER,Ciclovías,12,Saavedra,50.39,"LINESTRING (-58.49317062072859 -34.55584862203158, -58.49344260600571 -34.555454039143626)"
31954,"GARCIA, MARTIN AV.",Ciclovías,1,San Telmo,12.02,"LINESTRING (-58.36805586968094 -34.62706216307982, -58.36816096776406 -34.62712689018745)"
2673,ECHEVERRIA,Ciclovías,13,Belgrano,115.56,"LINESTRING (-58.460489186052975 -34.56570140420538, -58.46151583751583 -34.56630453487814)"
21744,MARTINEZ CASTRO,Ciclovías,9,Parque Avellaneda,161.61,"LINESTRING (-58.4712856486742 -34.64459078570979, -58.47112989590873 -34.64471403625472, -58.470012688632224 -34.64559847623076)"
16870,"BONIFACIO, JOSE",Ciclovías,6,Caballito,132.91,"LINESTRING (-58.44657089804002 -34.62859784636182, -58.447663819756784 -34.62876235933524, -58.447995470039174 -34.62881810622565)"
7736,"ALVAREZ, JULIAN",Ciclovías,14,Palermo,125.54,"LINESTRING (-58.426248680847884 -34.594231420170786, -58.4260750108565 -34.59411044983632, -58.42520070825754 -34.59350369112474)"
13731,MENDEZ DE ANDES,Ciclovías,6,Caballito,124.37,"LINESTRING (-58.452587488957185 -34.61711726119196, -58.4538615152372 -34.61750124452619)"
14016,SENILLOSA,Ciclovías,6,Caballito,136.47,"LINESTRING (-58.430209901647395 -34.6172707105643, -58.429960769499 -34.618483545272)"
30017,"PEDRAZA, MANUELA",Ciclovías,13,Nuñez,32.0,"LINESTRING (-58.46131735087943 -34.548732621061234, -58.46142291376768 -34.54874675218541, -58.46163714317548 -34.54883923900028)"
19140,"BONIFACIO, JOSE",Ciclovías,10,Floresta,102.33,"LINESTRING (-58.47388905948661 -34.63640340217131, -58.47474529508138 -34.636708186881656, -58.474913748270716 -34.63676880533517)"
8,CAMINO DE SIRGA,Ciclovías,4,Nueva Pompeya,503.26,"LINESTRING (-58.4164281157237 -34.65897508722797, -58.4159547058756 -34.65894015512358, -58.4153021223349 -34.658779796455235, -58.41469034304216 -34.65860259702385, -58.41428248672813 -34.65849288903117, -58.41365027110566 -34.65839151629403, -58.413181174298415 -34.65837447334115, -58.412691701992195 -34.65832371354569, -58.412314341544125 -34.658382544884255, -58.411926767165845 -34.65846665081269, -58.41144740487375 -34.65855914362945, -58.411080261385926 -34.65858426875879, -58.41107610907777 -34.65858533904117)"
10302,"ACUÑA DE FIGUEROA, FRANCISCO",Ciclovías,5,Almagro,186.75,"LINESTRING (-58.4228041281478 -34.60468647423516, -58.42256050794887 -34.60301517117374)"
14685,MENDEZ DE ANDES,Ciclovías,7,Flores,127.5,"LINESTRING (-58.46101728176615 -34.620422680924776, -58.46222469439517 -34.62099242276799)"
7541,JUNCAL,Ciclovías,2,Recoleta,33.35,"LINESTRING (-58.396857486185716 -34.59305457159824, -58.39699922219252 -34.59301204235138, -58.39719964470928 -34.592952924749845)"
21333,PRIMERA JUNTA,Ciclovías,7,Flores,108.21,"LINESTRING (-58.464661985298285 -34.643710046365015, -58.465466289790285 -34.644224193927215, -58.46559640753556 -34.644305952784414)"
18216,IRALA,Ciclovías,4,La Boca,107.02,"LINESTRING (-58.36781021107165 -34.63243003497966, -58.36751401344743 -34.633363121571165)"
21303,PEDERNERA,Ciclovías,7,Flores,122.22,"LINESTRING (-58.452314164942734 -34.64342216237759, -58.451462830584575 -34.64409652495062, -58.45135170446322 -34.64418440216372)"
17922,"BILBAO, FRANCISCO",Ciclovías,7,Parque Chacabuco,110.95,"LINESTRING (-58.45274146534693 -34.63217413763289, -58.453602099246 -34.63244780344394, -58.45387080357134 -34.63253317749527)"
27772,CHIVILCOY AV.,Ciclovías mano única,11,Villa Devoto,118.68,"LINESTRING (-58.51634014532141 -34.594977382766004, -58.51712015483071 -34.59412386283441)"
9764,BILLINGHURST,Ciclovías,5,Almagro,99.97,"LINESTRING (-58.41547160743154 -34.60265153662506, -58.41545072815431 -34.602526174445934, -58.41531490134294 -34.601759771526126)"
5721,GORRITI,Ciclovías,14,Palermo,130.25,"LINESTRING (-58.43719015588134 -34.5849221898635, -58.43824139061324 -34.58413310019643)"
5188,SOLER,Ciclovías,14,Palermo,122.24,"LINESTRING (-58.43069127790776 -34.582376847824925, -58.4316539798396 -34.58161518576187)"
31463,TRES ARROYOS,Ciclovías,15,Villa Crespo,11.09,"LINESTRING (-58.44946863754485 -34.602835546114896, -58.44956406260256 -34.60289690837937)"
10012,TRES ARROYOS,Ciclovías,15,Villa Crespo,118.83,"LINESTRING (-58.44956406260256 -34.60289690837937, -58.44972698436774 -34.60299854101917, -58.4505986788313 -34.60354145991818)"
1110,CUBA,Ciclovías,13,Nuñez,98.21,"LINESTRING (-58.46270231196107 -34.55257698766316, -58.463257015564686 -34.55181999955044)"
15882,BRASIL AV.,Ciclovías,1,San Telmo,136.02,"LINESTRING (-58.366492172111165 -34.62519392150992, -58.36797542172831 -34.625194033298094)"
19083,TREINTA Y TRES ORIENTALES,Ciclovías,5,Boedo,77.65,"LINESTRING (-58.42084188838815 -34.63583935355174, -58.42067019789135 -34.63652479312215)"
17046,PAVON,Ciclovías,5,Boedo,75.81,"LINESTRING (-58.41184463878361 -34.62920427364875, -58.41241978737191 -34.629343107937686, -58.41263836507823 -34.62939538256936)"
2090,IBERA,Ciclovías,12,Coghlan,47.48,"LINESTRING (-58.478587624131976 -34.561220241880356, -58.47901942320854 -34.5614558964358)"
22359,POLA,Ciclovías,9,Mataderos,63.26,"LINESTRING (-58.50383000050438 -34.647215882165526, -58.503718159271216 -34.64730521574534, -58.50333314362599 -34.647611542270596)"
15269,TREINTA Y TRES ORIENTALES,Ciclovías,5,Boedo,82.87,"LINESTRING (-58.42358759729528 -34.62240464225665, -58.4234776919029 -34.62314609398324)"
1239,MONROE,Ciclovías,13,Belgrano,136.49,"LINESTRING (-58.45091389943143 -34.5529431299952, -58.452122801458216 -34.55365960132555)"
17088,DEFENSA,Ciclovías,1,San Telmo,33.91,"LINESTRING (-58.37069707690106 -34.629187932715766, -58.37066223486257 -34.62949227557456)"
22885,POLA,Ciclovías,9,Mataderos,149.42,"LINESTRING (-58.50173759837523 -34.648880938405846, -58.501637337454696 -34.64896068886788, -58.50054543017763 -34.64979927284436)"
20214,PEDERNERA,Ciclovías,7,Flores,135.51,"LINESTRING (-58.456794752508245 -34.63964350715733, -58.45586202837402 -34.6404056437574, -58.45574435011304 -34.640502750061685)"
7597,JUNCAL,Ciclovías,2,Recoleta,6.12,"LINESTRING (-58.395755449686035 -34.59338531006864, -58.395692758251954 -34.59340407847793)"
25246,"RABANAL, FRANCISCO, INTENDENTE AV.",Ciclovías,8,Villa Soldati,117.08,"LINESTRING (-58.428620556287605 -34.66028967426555, -58.42967763475472 -34.660882015859485)"
5013,LA PAMPA,Ciclovías,12,Villa Urquiza,110.92,"LINESTRING (-58.48214528598358 -34.580959722698225, -58.483013205848344 -34.58146508797625, -58.48313378893164 -34.5815352105889)"
16873,CAMACUA,Ciclovías,7,Flores,153.87,"LINESTRING (-58.45885438145087 -34.62754770389569, -58.45827099690584 -34.62869515854944, -58.45820291890388 -34.62882586136156)"
4092,DEL LIBERTADOR AV.,Ciclovías,14,Palermo,147.62,"LINESTRING (-58.41174971969044 -34.57643471269888, -58.413161479160635 -34.57579669686849)"
10695,PATRICIAS ARGENTINAS AV.,Ciclovías,6,Caballito,142.83,"LINESTRING (-58.43320431268266 -34.60571379355062, -58.43326856413362 -34.605622470023235, -58.433333153468816 -34.60553854101774, -58.433367236335314 -34.605497492446695, -58.43340242615434 -34.60545707794924, -58.43347067374135 -34.60538378372312, -58.43352000479721 -34.60533471054884, -58.43356498971123 -34.60529239695739, -58.43361687493165 -34.60524564834328, -58.43367020755851 -34.605200097258866, -58.43373665929332 -34.60514609850213, -58.43378019304232 -34.60511244657718, -58.43382466342564 -34.605079358251324, -58.43389613884137 -34.60502860010424, -58.43394904195829 -34.60499262639818, -58.43400288152576 -34.604957709247294, -58.43405067227047 -34.60492772027247, -58.43411992975596 -34.60488625737255, -58.4341901234733 -34.604846414398565, -58.434276416822065 -34.604798969468874)"
11601,"DIAZ, CESAR, GRAL.",Ciclovías,11,Villa Gral. Mitre,124.64,"LINESTRING (-58.46935052021604 -34.609334449270605, -58.46945528856886 -34.60938944480031, -58.47050136071672 -34.609931789476896)"
2999,ECHEVERRIA,Ciclovías,13,Belgrano,117.12,"LINESTRING (-58.46470076497778 -34.568190917429355, -58.46573871530772 -34.56880520962464)"
13860,"ACHAVAL RODRIGUEZ, T., DR. AV.",Ciclovías,1,Puerto Madero,41.97,"LINESTRING (-58.35694469020357 -34.616959012639064, -58.35668083047827 -34.61726811436567)"
13527,MEXICO,Ciclovías,3,Balvanera,140.87,"LINESTRING (-58.40116990552073 -34.61655915712964, -58.402535675748034 -34.61671900198823, -58.402689154723554 -34.61674450119365)"
11854,"VALLESE, FELIPE",Ciclovías,6,Caballito,95.56,"LINESTRING (-58.43835665387739 -34.61043664235206, -58.43907110912462 -34.61071453663314, -58.43930199604921 -34.61079866792972)"
8140,SAN MARTIN,Ciclovías,1,Retiro,50.97,"LINESTRING (-58.374321735835885 -34.59623991987154, -58.37434911079011 -34.59578100252997)"
28563,CORRIENTES AV.,Ciclovías mano única,15,Chacarita,131.27,"LINESTRING (-58.452777510683084 -34.5882376865918, -58.454083295440604 -34.58775398089667)"
1161,DEL LIBERTADOR AV.,Ciclovías,13,Belgrano,67.57,"LINESTRING (-58.4511508189871 -34.55266976714183, -58.45157681131155 -34.55217303660538)"
27322,"ROCA, CNEL. AV.",Ciclovías,8,Villa Riachuelo,122.69,"LINESTRING (-58.46231296807592 -34.69112237272959, -58.46320757844608 -34.69194526438589)"
18212,"HORNOS, GRAL.",Ciclovías,4,Barracas,95.51,"LINESTRING (-58.37776972608966 -34.63253320126033, -58.37749594736813 -34.63323195942841, -58.377458589304716 -34.633354539959605)"
10072,CORRIENTES AV.,Ciclovías mano única,5,Almagro,102.19,"LINESTRING (-58.41566308698492 -34.60380402306387, -58.41674884583653 -34.60359767850516)"
12704,"GARCIA, JUAN AGUSTIN",Ciclovías,11,Villa Santa Rita,67.76,"LINESTRING (-58.48825740515895 -34.61359175261283, -58.48887641486545 -34.61392507953333)"
15311,"GONZALEZ, ELPIDIO",Ciclovías,10,Monte Castro,140.65,"LINESTRING (-58.50316405217656 -34.62261987701756, -58.504455240500114 -34.623304104109486)"
14193,TREINTA Y TRES ORIENTALES,Ciclovías,5,Almagro,131.04,"LINESTRING (-58.42438388728746 -34.6179351263028, -58.42437271381152 -34.61814864653246, -58.42427881646984 -34.61911306510974)"
27771,CHIVILCOY AV.,Ciclovías mano única,11,Villa Devoto,117.81,"LINESTRING (-58.515577304813654 -34.595831717823124, -58.51634014532141 -34.594977382766004)"
28968,DEL LIBERTADOR AV.,Ciclovías,14,Palermo,125.44,"LINESTRING (-58.438177601891816 -34.562946820840445, -58.43883471975325 -34.56270028554421, -58.43944733936333 -34.56253250045331)"
16473,DOBLAS,Ciclovías,6,Caballito,142.27,"LINESTRING (-58.42992004840709 -34.6261510894868, -58.429635425946906 -34.62741172945317)"
12460,"ALSINA, ADOLFO",Ciclovías,3,Balvanera,133.15,"LINESTRING (-58.41007350897793 -34.61269204882488, -58.411463990005366 -34.613036807041794)"
5997,GRIVEO,Ciclovías,12,Villa Pueyrredon,76.62,"LINESTRING (-58.50571245162727 -34.58577840335042, -58.50622666677816 -34.586096468659925, -58.506381519564535 -34.586191767898676)"
29722,SENDERO SIN NOMBRE OFICIAL - PUENTE SOBRE AV. LUGONES,Ciclovías,13,Belgrano,236.23,"LINESTRING (-58.43961090666691 -34.5487395489626, -58.4394140962002 -34.54854679376288, -58.43928380606513 -34.5484458212779, -58.4391396551927 -34.5483356689168, -58.43906756626574 -34.54832762476203, -58.43889562857293 -34.54842280182781, -58.438260639290114 -34.54764502340591, -58.438019224842044 -34.54774883285412, -58.4378617595699 -34.54763654589255)"
3480,SARMIENTO AV.,Ciclovías,14,Palermo,65.48,"LINESTRING (-58.41246580714191 -34.57214866120296, -58.4123039189711 -34.571942040246846, -58.41219962155065 -34.57181227571938, -58.41214366440746 -34.57171056010015, -58.41211595480204 -34.57163765969686)"
7833,SUIPACHA,Ciclovías,1,Retiro,66.99,"LINESTRING (-58.379962448779864 -34.5947041597089, -58.37997313523128 -34.59424664696244, -58.38003772578129 -34.5941104691435)"
1128,AMENABAR,Ciclovías,13,Nuñez,99.83,"LINESTRING (-58.46812320981141 -34.55271788306924, -58.46870442112474 -34.55195727754343)"
6279,GODOY CRUZ,Ciclovías,14,Palermo,120.37,"LINESTRING (-58.4339478726429 -34.58749509046104, -58.43290380865871 -34.586837992329365)"
5871,"FIGUEROA ALCORTA, PRES. AV.",Ciclovías,2,Recoleta,202.7,"LINESTRING (-58.38733631423259 -34.58573386774139, -58.38755868742917 -34.58561479099985, -58.38844452625673 -34.58515893274117, -58.389231544631016 -34.584796096616145)"
243,CUBA,Ciclovías,13,Nuñez,100.95,"LINESTRING (-58.469365752538 -34.543502535126414, -58.469938206345496 -34.54272551415089)"
14973,LINIERS VIRREY,Ciclovías,5,Boedo,148.55,"LINESTRING (-58.41382582822736 -34.62075077244928, -58.41368507396358 -34.622084745223646)"
843,"OBLIGADO RAFAEL, AV.COSTANERA",Ciclovías,13,Belgrano,311.24,"LINESTRING (-58.4296918723879 -34.550523454956256, -58.43005107544603 -34.55025283006203, -58.43008947524542 -34.55021910731884, -58.430127279412226 -34.550184891432146, -58.43016440283258 -34.55015018237938, -58.43020084550674 -34.550114980161155, -58.430236692520815 -34.55007935522529, -58.430271858789105 -34.5500432371251, -58.430306259170365 -34.55000669626238, -58.430340063920205 -34.54996966225951, -58.430373102756015 -34.549932275919446, -58.4304054608475 -34.54989439641737, -58.43043705302602 -34.54985616457931, -58.43046796443345 -34.54981751000451, -58.43049819507023 -34.54977843269347, -58.430527574682365 -34.54973900302526, -58.430556273497515 -34.549699221046076, -58.43058429154382 -34.549659016332214, -58.43061145854016 -34.549618529686995, -58.43063785965578 -34.54957762028528, -58.430663494836416 -34.549536428976005, -58.430688364110395 -34.54949488533546, -58.430712467451144 -34.549453059788256, -58.430735719773836 -34.549410881887994, -58.4307582912782 -34.54936842210472, -58.43077992662601 -34.549325680370764, -58.43080088112999 -34.54928272717881, -58.43082098461991 -34.54923942163552, -58.43084023704214 -34.549195904589666, -58.43085863839788 -34.54915217604173, -58.4308762738284 -34.549108165590454, -58.430893058194734 -34.549063943637776, -58.43090899149807 -34.549019510184046, -58.430924158852285 -34.54897486525214, -58.430938390033305 -34.54893000879724, -58.43095185524038 -34.548885011289, -58.43096446936215 -34.54883987270512, -58.4309762324272 -34.54879452262164, -58.43098705926993 -34.54874910186472, -58.43099712017103 -34.548703469631185, -58.4310062448526 -34.54865776672463, -58.43101460356792 -34.54861192276611, -58.43102202609374 -34.54856593771071, -58.43102859748936 -34.54851995242958, -58.43103431781057 -34.548473826074414, -58.431039187031566 -34.54842762906951, -58.43104312001452 -34.54838143181674, -58.43104628701218 -34.548335163936926, -58.43104851780185 -34.54828882538521, -58.431049897469876 -34.548242486608295, -58.43105034090578 -34.54819614758372, -58.431041673540946 -34.54806391039965)"
31432,"FERNANDEZ, SARA BEATRIZ",Ciclovías,1,Retiro,531.12,"LINESTRING (-58.37242064338068 -34.58906268231019, -58.37282105672769 -34.58890269467152, -58.37720327522374 -34.58637279320912)"
832,MONROE,Ciclovías,13,Belgrano,124.63,"LINESTRING (-58.44537512241918 -34.54966039332382, -58.446478911224894 -34.55031458001088)"
6639,CORDOBA AV.,Ciclovías mano única,14,Palermo,23.45,"LINESTRING (-58.438052935675344 -34.58898983762226, -58.43825138319738 -34.58885663676766)"
13944,"GONZALEZ, ELPIDIO",Ciclovías,10,Monte Castro,120.84,"LINESTRING (-58.495597551400216 -34.61746874236787, -58.496526348831864 -34.618241389955905)"
4120,LUGONES,Ciclovías,12,Villa Urquiza,117.97,"LINESTRING (-58.474619050409615 -34.57663634504155, -58.47537897878403 -34.575778579451836)"
4642,"MARTINEZ, ENRIQUE, GRAL.",Ciclovías,13,Colegiales,68.08,"LINESTRING (-58.44847039293304 -34.57966299878139, -58.44910996195841 -34.579351942166745)"
900,MILLER,Ciclovías,12,Saavedra,100.71,"LINESTRING (-58.49666525729698 -34.550852671668856, -58.496748026575844 -34.55073468849269, -58.49721571513358 -34.550067360591626)"
2661,"PEDRAZA, MANUELA",Ciclovías,12,Villa Urquiza,125.09,"LINESTRING (-58.49347624799766 -34.56564474803916, -58.494644274612504 -34.56622594487561)"
20226,MIRO,Ciclovías,7,Parque Chacabuco,107.57,"LINESTRING (-58.44326673538498 -34.63959372498525, -58.44292415429018 -34.640521141294734)"
15546,AZOPARDO,Ciclovías,1,San Telmo,147.92,"LINESTRING (-58.36677499619515 -34.622699399649676, -58.36662045962842 -34.62402661606588)"
19367,CULPINA,Ciclovías,7,Flores,60.04,"LINESTRING (-58.463776707200694 -34.637054219208444, -58.46355228522415 -34.63756260493907)"
16682,PAVON,Ciclovías,3,San Cristobal,124.96,"LINESTRING (-58.40530436012296 -34.627953086521224, -58.406445853632704 -34.62809348458106, -58.406652859249895 -34.62811449661025)"
8872,CORDOBA AV.,Ciclovías mano única,2,Recoleta,137.95,"LINESTRING (-58.40107242061474 -34.59948393850292, -58.4012111652749 -34.59946745962864, -58.40201118424417 -34.599369059739786, -58.402477298066245 -34.599120204605946)"
17740,LAUTARO,Ciclovías,7,Flores,129.07,"LINESTRING (-58.45600329185234 -34.630767812517725, -58.455487753825004 -34.63185046788751)"
13608,MENDEZ DE ANDES,Ciclovías,6,Caballito,112.43,"LINESTRING (-58.45143783520222 -34.61676567146646, -58.451670967320815 -34.616840976564205, -58.452587488957185 -34.61711726119196)"
27361,"ROCA, CNEL. AV.",Ciclovías,8,Villa Riachuelo,106.89,"LINESTRING (-58.464531153418 -34.693162723334346, -58.465312919721406 -34.693877853862006)"
21990,PATRON,Ciclovías,9,Liniers,77.68,"LINESTRING (-58.51295770943745 -34.64585418648269, -58.51307826350666 -34.64596287058032, -58.513532601083355 -34.64636860293541)"
12652,"ARTIGAS, JOSE GERVASIO, GRAL.",Ciclovías,11,Villa Gral. Mitre,144.83,"LINESTRING (-58.4722527834405 -34.613823878523725, -58.47312541660111 -34.612735799658196)"
12681,DON BOSCO,Ciclovías,5,Almagro,136.62,"LINESTRING (-58.423330970114584 -34.61360768795503, -58.424793122168595 -34.61384295005251)"
2804,MILLER,Ciclovías,12,Villa Urquiza,67.98,"LINESTRING (-58.48425296362033 -34.56735263093586, -58.484382071328 -34.5672075352496, -58.484689390627565 -34.56685747445222)"
315,DEL LIBERTADOR AV.,Ciclovías,13,Nuñez,114.08,"LINESTRING (-58.45979634372142 -34.54471963748383, -58.46062311075981 -34.543951822519965)"
472,SUPERI,Ciclovías,12,Saavedra,100.74,"LINESTRING (-58.48333473045014 -34.54708936976588, -58.48362945903136 -34.5466983960667, -58.48391712375214 -34.54631967664414)"
18755,DOBLAS,Ciclovías,7,Parque Chacabuco,132.43,"LINESTRING (-58.427830818442494 -34.63414931634348, -58.42753109628245 -34.635317057105254)"
11877,"ALSINA, ADOLFO",Ciclovías mano única,1,Monserrat,38.5,"LINESTRING (-58.38144696375261 -34.61079875429414, -58.38186483530629 -34.610831315473874)"
6398,"NEWBERY, JORGE AV.",Ciclovías,15,Chacarita,112.72,"LINESTRING (-58.450213679366996 -34.586953472359184, -58.45030415081297 -34.587239120876816, -58.45052705641916 -34.58793591722912)"
1339,IBERA,Ciclovías,13,Nuñez,84.42,"LINESTRING (-58.465617248466344 -34.5540986222233, -58.466194528859276 -34.554411574875765, -58.46638409107061 -34.554518685380415)"
30421,CORRIENTES AV.,Ciclovías mano única,1,San Nicolas,13.31,"LINESTRING (-58.370267690326465 -34.603006224300984, -58.3704125010713 -34.603013905923156)"
6260,"VEGA, NICETO, CNEL. AV.",Ciclovías,14,Palermo,22.17,"LINESTRING (-58.438327086830384 -34.5874257117865, -58.43851181947193 -34.58729687394003)"
21300,BALBASTRO,Ciclovías,7,Flores,6.67,"LINESTRING (-58.44946175767607 -34.64413927239954, -58.44951236514802 -34.644182447502274)"
22457,POLA,Ciclovías,9,Mataderos,58.21,"LINESTRING (-58.50333314362599 -34.647611542270596, -58.50287572089298 -34.647975426732316)"
29915,COMPLEJO CIUDAD UNIVERSITARIA (SIN NOMBRE OFICIAL),Ciclovías,13,Belgrano,42.65,"LINESTRING (-58.44349062787419 -34.54236513386647, -58.443881013550175 -34.54215667752474)"
11504,TACUARI,Ciclovías,1,Monserrat,65.73,"LINESTRING (-58.37919132935523 -34.60889905299253, -58.379169225348015 -34.60936488918665, -58.37916441339593 -34.609491155192735)"
4665,DEL LIBERTADOR AV.,Ciclovías,14,Palermo,34.14,"LINESTRING (-58.40556900862605 -34.579776445951666, -58.40583455098271 -34.57956086299949)"
2073,ECHEVERRIA,Ciclovías,13,Belgrano,100.57,"LINESTRING (-58.452150961632306 -34.560780750730935, -58.45304121597196 -34.56130929109858)"
13663,CHACO,Ciclovías,6,Caballito,58.06,"LINESTRING (-58.42957846027307 -34.617233142815735, -58.430209901647395 -34.6172707105643)"
14246,"SASTRE, MARCOS",Ciclovías,10,Monte Castro,94.44,"LINESTRING (-58.51321251426375 -34.61872211851631, -58.513331916619364 -34.61882185956636, -58.51381583321863 -34.61922194674286, -58.513939498241655 -34.619324995323716)"
28525,COMPLEJO PARQUE DE LOS NIÑOS (SIN NOMBRE OFICIAL),Ciclovías,13,Nuñez,163.51,"LINESTRING (-58.46343520810177 -34.5342485032573, -58.46330167552134 -34.53422079832166, -58.463133163673795 -34.53422560775668, -58.4629657872736 -34.53424991857897, -58.46254653575789 -34.534331024811415, -58.462096926272146 -34.53448366971707, -58.461929763040544 -34.534574302515, -58.46174698377053 -34.53461225500434)"
4452,DEL LIBERTADOR AV.,Ciclovías,14,Palermo,108.84,"LINESTRING (-58.406916666815924 -34.578682383873414, -58.4070386324306 -34.57858337738153, -58.40768687493782 -34.57825240058672, -58.407910014253794 -34.57815292269849)"
5830,GODOY CRUZ,Ciclovías,14,Palermo,81.66,"LINESTRING (-58.431162763791406 -34.58539942211338, -58.43064020227634 -34.58480359438891)"
18142,DEAN FUNES,Ciclovías,4,Parque Patricios,169.71,"LINESTRING (-58.40477476272233 -34.63164442144348, -58.40456863459404 -34.633026096787376, -58.4045418716637 -34.63316200073668)"
932,GARCIA DEL RIO,Ciclovías,12,Saavedra,115.82,"LINESTRING (-58.47704156503829 -34.55025045685107, -58.477100131624745 -34.55029995846325, -58.47714329621376 -34.55037108202533, -58.47720698686463 -34.55052319107035, -58.477306347633466 -34.5507167758467, -58.47744844043119 -34.55093408854704, -58.47758047646646 -34.551069780606255, -58.477664667947614 -34.551145054197214)"
9715,CORRIENTES AV.,Ciclovías mano única,5,Almagro,147.82,"LINESTRING (-58.428573174401016 -34.60241906383438, -58.43017250814242 -34.60225570324134)"
31052,MACHU PICCHU,Ciclovías,1,Retiro,54.68,"LINESTRING (-58.37703961417226 -34.585657092910616, -58.37705572408643 -34.5854857977333, -58.37706777127708 -34.58534914401125, -58.37705230560211 -34.5852446667621, -58.37700565760814 -34.58517594378263)"
15818,CONSTITUCION,Ciclovías,1,Constitucion,116.76,"LINESTRING (-58.38839238107418 -34.624937924803284, -58.38866709648106 -34.624963375166146, -58.38965623479029 -34.625065104236604)"
10870,TRES ARROYOS,Ciclovías,6,Caballito,126.03,"LINESTRING (-58.455442945882645 -34.606478530977, -58.45651478635713 -34.60697543345219, -58.45664109142877 -34.60703466661551)"
14556,AZOPARDO,Ciclovías,1,San Telmo,131.07,"LINESTRING (-58.367161229864415 -34.61930818649642, -58.36702723950308 -34.62048450311954)"
1268,AMENABAR,Ciclovías,13,Nuñez,154.1,"LINESTRING (-58.46722596695147 -34.55389202701899, -58.46812320981141 -34.55271788306924)"
11893,"GARCIA, JUAN AGUSTIN",Ciclovías,11,Villa Santa Rita,27.24,"LINESTRING (-58.48297695410412 -34.61080521608491, -58.483227657697014 -34.61093679692)"
4213,LA PAMPA,Ciclovías,12,Villa Urquiza,82.74,"LINESTRING (-58.47485090722852 -34.57676836813349, -58.47500689797502 -34.57685715780854, -58.475594335384045 -34.57719048677904)"
10156,CORRIENTES AV.,Ciclovías mano única,5,Almagro,123.07,"LINESTRING (-58.413185929676175 -34.604136838533826, -58.41334774692832 -34.60414296131577, -58.414358760121324 -34.604043721675446, -58.41451642455954 -34.60401469987806)"
6568,FOREST AV.,Ciclovías mano única,15,Chacarita,218.82,"LINESTRING (-58.45076843528564 -34.588690532901154, -58.45220688111775 -34.5871171234042)"
4658,FOREST AV.,Ciclovías mano única,15,Chacarita,201.54,"LINESTRING (-58.45890256524849 -34.57974565300049, -58.4602255014304 -34.578295384233854)"
14570,"CALVO, CARLOS",Ciclovías,3,San Cristobal,122.36,"LINESTRING (-58.39316849884358 -34.620461205537126, -58.3944988579342 -34.62054492184616)"
8594,"ACUÑA DE FIGUEROA, FRANCISCO",Ciclovías,5,Almagro,53.19,"LINESTRING (-58.42186486008379 -34.598208595504914, -58.42183209383167 -34.597994073948875, -58.42177967769403 -34.597734404132424)"
26032,"ROCA, CNEL. AV.",Ciclovías,8,Villa Soldati,217.03,"LINESTRING (-58.440780296810736 -34.666965420534424, -58.44143744740122 -34.66757880919471, -58.44204558036355 -34.66813586128147, -58.44233217161454 -34.668441964324465)"
10782,MONTEVIDEO,Ciclovías,1,San Nicolas,131.09,"LINESTRING (-58.38931087696526 -34.6066292396726, -58.38934239868266 -34.60556318725581, -58.38934224538037 -34.60544790381891)"
7126,DEL LIBERTADOR AV.,Ciclovías,1,Retiro,177.84,"LINESTRING (-58.37785940592002 -34.59107842083628, -58.378753196500725 -34.590492061710414, -58.3793969545921 -34.59010267527129)"
10902,"PERON, JUAN DOMINGO, TTE. GENERAL",Ciclovías,5,Almagro,143.01,"LINESTRING (-58.41474626206453 -34.60714434398613, -58.41610297479786 -34.606979099334126, -58.41628968052785 -34.606962903576594)"
1496,DEL LIBERTADOR AV.,Ciclovías,13,Belgrano,123.71,"LINESTRING (-58.44851728686105 -34.55572426553733, -58.44929883651686 -34.554815745295045)"
18471,IRALA,Ciclovías,4,La Boca,104.82,"LINESTRING (-58.36751401344743 -34.633363121571165, -58.36722388042407 -34.63427705696188)"
5487,GRIVEO,Ciclovías,12,Villa Pueyrredon,130.05,"LINESTRING (-58.50148576152266 -34.583159610916, -58.50262000190426 -34.58386257342039)"
9565,TUCUMAN,Ciclovías,3,Balvanera,112.08,"LINESTRING (-58.40359167986319 -34.60195713632234, -58.40480504724405 -34.601838849010534)"
27075,"BARROS PAZOS, JOSE",Ciclovías mano única,8,Villa Riachuelo,103.28,"LINESTRING (-58.47691427717077 -34.685110765219356, -58.477554531481196 -34.685687946382245, -58.477675438202034 -34.68579729853184)"
3954,CASARES AV.,Ciclovías,14,Palermo,46.92,"LINESTRING (-58.40854618375906 -34.57557787859746, -58.408452155916265 -34.57549931373056, -58.408327255959684 -34.575370029679014, -58.408217928027604 -34.575254203491305)"
9236,CHIVILCOY AV.,Ciclovías mano única,11,Villa Devoto,95.59,"LINESTRING (-58.511014715469145 -34.600798924352404, -58.51152413052833 -34.600240621917635, -58.51157758126094 -34.60017165109271, -58.511607850537274 -34.600095252563335)"
15926,DOBLAS,Ciclovías,6,Caballito,84.35,"LINESTRING (-58.43025841292997 -34.62468630590285, -58.43008543543563 -34.62543309839464)"
7026,NUEVA YORK,Ciclovías,15,Agronomia,130.31,"LINESTRING (-58.4952821546643 -34.59001017745249, -58.49641933160354 -34.59071404109298)"
9084,CUCHA CUCHA,Ciclovías,15,Paternal,126.54,"LINESTRING (-58.46505115946297 -34.600195930662736, -58.46517337050252 -34.60017001295243, -58.466386789924535 -34.59991061806064)"
6528,ESTADO PLURINACIONAL DE BOLIVIA,Ciclovías,12,Villa Pueyrredon,99.05,"LINESTRING (-58.49479351485085 -34.588594223749745, -58.49543980655822 -34.58787897236629)"
19973,USPALLATA,Ciclovías,4,Parque Patricios,150.04,"LINESTRING (-58.40356596442903 -34.63928320385288, -58.40514763505326 -34.63962981641976)"
9988,HUMAHUACA,Ciclovías,3,Balvanera,130.18,"LINESTRING (-58.41158737712167 -34.60347792233621, -58.41283573066934 -34.60326639962376, -58.4129751703451 -34.60323385109574)"
20458,HERRERA,Ciclovías,4,Barracas,113.6,"LINESTRING (-58.377093345924365 -34.640350824684575, -58.377044688059925 -34.64060283466916, -58.37684699709928 -34.64135403901873)"
11734,"ROCA, JULIO A., PRESIDENTE DIAGONAL SUR AV.",Ciclovías mano única,1,Monserrat,16.77,"LINESTRING (-58.37485421594207 -34.61024677894443, -58.37493713108046 -34.610289656501216, -58.37496832105198 -34.61035510250036)"
32052,"PERETTE, CARLOS H.",Ciclovías,1,Retiro,29.96,"LINESTRING (-58.37903152268142 -34.582040595784896, -58.379307214770925 -34.58189594800359)"
1102,SUPERI,Ciclovías,12,Saavedra,57.75,"LINESTRING (-58.47925495267909 -34.55247347949584, -58.47958979917443 -34.552032720739625)"
16406,CABOTO,Ciclovías,4,La Boca,85.02,"LINESTRING (-58.36214517547938 -34.62665752253743, -58.361603768228875 -34.627017217004045, -58.361421736650755 -34.627136784672885)"
2825,ECHEVERRIA,Ciclovías,13,Belgrano,117.03,"LINESTRING (-58.462551272198425 -34.56691786839336, -58.46317570718749 -34.567288441779226, -58.46358782879948 -34.56753231984561)"
26771,"ROCA, CNEL. AV.",Ciclovías,8,Villa Soldati,81.81,"LINESTRING (-58.44958045681207 -34.67939085806397, -58.44960532532341 -34.67943320982065, -58.44999761487008 -34.68004276176034)"
2328,"PEDRAZA, MANUELA",Ciclovías,12,Villa Urquiza,100.94,"LINESTRING (-58.48813879930611 -34.563102163920625, -58.48909142637786 -34.563556905766085)"
19737,USPALLATA,Ciclovías,4,Parque Patricios,179.44,"LINESTRING (-58.3996670047447 -34.638485943069256, -58.39982810290251 -34.638515604747184, -58.40156864526994 -34.63886798018951)"
11204,"GARCIA, JUAN AGUSTIN",Ciclovías,11,Villa Gral. Mitre,141.78,"LINESTRING (-58.477128021406 -34.607717173103495, -58.478283071571745 -34.60833014403495, -58.47842907241437 -34.60840723978602)"
21976,QUILMES,Ciclovías,4,Nueva Pompeya,117.58,"LINESTRING (-58.41738441649298 -34.64527564827873, -58.417402578914626 -34.6463354522022)"
1988,TRONADOR,Ciclovías,12,Coghlan,73.84,"LINESTRING (-58.48104561012322 -34.56040629989661, -58.48145152827041 -34.55983157962781)"
9980,PADILLA,Ciclovías,15,Villa Crespo,62.78,"LINESTRING (-58.43940872575851 -34.60348195699623, -58.43977453487653 -34.60300371826226)"
7765,LOYOLA,Ciclovías,15,Villa Crespo,115.12,"LINESTRING (-58.43704303837823 -34.594331404878545, -58.43781201824601 -34.5935114135224)"
23419,PEPIRI,Ciclovías,4,Nueva Pompeya,34.41,"LINESTRING (-58.40740786382398 -34.65170653138095, -58.407304209283545 -34.65200465487557)"
20931,BALBASTRO,Ciclovías,7,Flores,121.99,"LINESTRING (-58.44715176956086 -34.64212608411674, -58.44729821641243 -34.642257512998405, -58.44805507942868 -34.64293346078416)"
1709,IBERA,Ciclovías,12,Coghlan,13.27,"LINESTRING (-58.471789920526135 -34.55752448360123, -58.4719111400937 -34.55758968784938)"
1655,OLAZABAL,Ciclovías,13,Belgrano,31.11,"LINESTRING (-58.452801887860986 -34.55689318641354, -58.453078595579406 -34.55705511496681)"
7790,"MANSILLA, LUCIO NORBERTO, GENERAL",Ciclovías,2,Recoleta,132.24,"LINESTRING (-58.40905810517838 -34.59448626174219, -58.41033252323199 -34.59392934765664)"
8992,CORRIENTES AV.,Ciclovías mano única,15,Villa Crespo,135.57,"LINESTRING (-58.43876630249772 -34.599873894411886, -58.438946636809945 -34.59973364666495, -58.43976519593558 -34.598974147530036)"
4677,CERETTI,Ciclovías,12,Villa Urquiza,106.9,"LINESTRING (-58.49166295645383 -34.57984666402782, -58.49233481047102 -34.579059448928696)"
2362,"YRURTIA, ROGELIO",Ciclovías,12,Saavedra,55.19,"LINESTRING (-58.502402442036626 -34.563300968108486, -58.502381981942925 -34.56341978003236, -58.50237511768494 -34.563486192107696, -58.502375146306626 -34.563547390596334, -58.50237933985441 -34.56359506633412, -58.50239282338662 -34.563666401576484, -58.502415243074715 -34.56373287469448, -58.50244302096401 -34.56378892333107)"
3511,CERETTI,Ciclovías,12,Villa Urquiza,146.2,"LINESTRING (-58.4977351655595 -34.572377914606186, -58.498620803113084 -34.57128242823945)"
1975,AMENABAR,Ciclovías,13,Belgrano,128.1,"LINESTRING (-58.46097508544892 -34.56033784761363, -58.46106072311541 -34.56023812870097, -58.46177867554493 -34.55939375483655)"
14564,"SASTRE, MARCOS",Ciclovías,10,Monte Castro,96.85,"LINESTRING (-58.514642288611284 -34.619909074874016, -58.51478342736041 -34.620026270332154, -58.515388809889075 -34.62052651233245)"
6868,NUEVA YORK,Ciclovías,15,Agronomia,65.15,"LINESTRING (-58.494713701129946 -34.58965827680293, -58.4952821546643 -34.59001017745249)"
2009,11 DE SEPTIEMBRE DE 1888,Ciclovías,13,Belgrano,128.88,"LINESTRING (-58.44953433387414 -34.56065710073444, -58.45034903756587 -34.559710901354)"
1369,CONGRESO,Ciclovías,13,Nuñez,102.59,"LINESTRING (-58.46041049248593 -34.554367841591116, -58.46135461168259 -34.554862801261805)"
11035,LA RABIDA (N) AV.,Ciclovías,1,San Nicolas,59.7,"LINESTRING (-58.36858990512265 -34.606822938391915, -58.368683998146594 -34.60671990017028, -58.36879263120487 -34.60659823785501, -58.36890380874817 -34.60651075170596, -58.36902858703982 -34.6064302191855)"
29039,VERTIZ VIRREY AV.,Ciclovías,13,Belgrano,58.85,"LINESTRING (-58.44415417883867 -34.561491799996496, -58.4443206210997 -34.56144496432796, -58.4447340210902 -34.561267978265846)"
32398,COMPLEJO PARQUE DE LOS NIÑOS (SIN NOMBRE OFICIAL),Ciclovías,13,Nuñez,50.26,"LINESTRING (-58.463900604222594 -34.53401590277386, -58.463792586155996 -34.53404815230806, -58.463718804888565 -34.5340786822072, -58.463654246387776 -34.53411875238401, -58.463585076506966 -34.53416263871753, -58.46343520810177 -34.5342485032573)"
3258,SUPERI,Ciclovías,13,Belgrano,120.5,"LINESTRING (-58.46415458146587 -34.57063519816482, -58.46491907432524 -34.569752003329924)"
4825,CERETTI,Ciclovías,12,Villa Urquiza,100.88,"LINESTRING (-58.491067201722515 -34.58061097028865, -58.49166295645383 -34.57984666402782)"
14744,FRAY CAYETANO RODRIGUEZ,Ciclovías,7,Flores,120.13,"LINESTRING (-58.466631806919345 -34.621192806962235, -58.46716026423998 -34.62035679533179, -58.46723556230866 -34.6202318618236)"
13606,QUITO,Ciclovías,5,Almagro,136.96,"LINESTRING (-58.425867677737536 -34.617013677596084, -58.427143756913715 -34.61709040146683, -58.42735713283207 -34.61710278861986)"
10043,CORRIENTES AV.,Ciclovías mano única,1,San Nicolas,138.33,"LINESTRING (-58.37947502603063 -34.603576426491614, -58.38097892231629 -34.603668578495856)"
5242,LA PAMPA,Ciclovías,12,Villa Urquiza,39.09,"LINESTRING (-58.484746436691765 -34.582472490422845, -58.485094995451256 -34.582675038038175)"
6375,AZCUENAGA,Ciclovías,2,Recoleta,16.13,"LINESTRING (-58.39528758582909 -34.587854323235746, -58.395188822225904 -34.587733984383085)"
4997,"NEWBERY, JORGE",Ciclovías,13,Colegiales,55.9,"LINESTRING (-58.44810146692928 -34.581051430175705, -58.44829966793195 -34.581354646756004, -58.448435760623134 -34.581467238513184)"
6417,FRENCH,Ciclovías,2,Recoleta,56.42,"LINESTRING (-58.404057377558345 -34.588032983014564, -58.404559642977645 -34.58773955872815)"
19853,USPALLATA,Ciclovías,4,Parque Patricios,159.01,"LINESTRING (-58.40156864526994 -34.63886798018951, -58.40291322880349 -34.63914020507766, -58.40325143791209 -34.63921431639007)"
15782,TREINTA Y TRES ORIENTALES,Ciclovías,5,Boedo,192.7,"LINESTRING (-58.4234776919029 -34.62314609398324, -58.4232220647295 -34.62487018503141)"
13152,LINIERS VIRREY,Ciclovías,5,Almagro,139.22,"LINESTRING (-58.41453205089922 -34.61428822934522, -58.41437177788323 -34.6155362095187)"
23543,POLA,Ciclovías,9,Mataderos,158.83,"LINESTRING (-58.49820113664701 -34.65159850028278, -58.49803740112962 -34.651724040868935, -58.49693545627393 -34.65257611623932)"
31817,SAN MARTIN,Ciclovías,1,Retiro,52.59,"LINESTRING (-58.37267596650422 -34.59213286343341, -58.372477162232265 -34.591688273903536)"
28141,POLA,Ciclovías,9,Mataderos,13.24,"LINESTRING (-58.49186681314005 -34.656549966289944, -58.49176144234742 -34.6566315445467)"
5983,"DIAZ, CNEL. AV.",Ciclovías,14,Palermo,75.48,"LINESTRING (-58.40804103537844 -34.586148832858065, -58.40762853294531 -34.585560184258696)"
17523,"BONIFACIO, JOSE",Ciclovías,7,Flores,104.6,"LINESTRING (-58.45600329185234 -34.630767812517725, -58.45609180813755 -34.6307965504762, -58.45706745122895 -34.631107241279516)"
5355,DEL LIBERTADOR AV.,Ciclovías,2,Recoleta,117.21,"LINESTRING (-58.39599837811694 -34.58338576505636, -58.396512546451575 -34.58322132621983, -58.39722252140173 -34.58309523150809)"
2041,IBERA,Ciclovías,12,Coghlan,102.56,"LINESTRING (-58.47714249524886 -34.560438425256606, -58.47807776084124 -34.56094438311124)"
2744,ECHEVERRIA,Ciclovías,13,Belgrano,116.87,"LINESTRING (-58.46151583751583 -34.56630453487814, -58.46169750358915 -34.566411229789885, -58.462551272198425 -34.56691786839336)"
18590,CULPINA,Ciclovías,7,Flores,129.17,"LINESTRING (-58.465288629932935 -34.63363036782052, -58.46488531499688 -34.63454291800262, -58.464805400686224 -34.634724047558045)"
5669,"BORGES, JORGE LUIS",Ciclovías,14,Palermo,149.43,"LINESTRING (-58.424233870952264 -34.58466950050206, -58.423067782243386 -34.583729104688246)"
532,"FIGUEROA ALCORTA, PRES. AV.",Ciclovías,13,Belgrano,152.67,"LINESTRING (-58.44219363513017 -34.547774557924626, -58.44255409419093 -34.547725956552824, -58.44383115045278 -34.54753369740957)"
15805,VALLE,Ciclovías,6,Caballito,125.51,"LINESTRING (-58.43926310643043 -34.62485820334778, -58.43954456644909 -34.624886286974984, -58.440622192810146 -34.62499107073725)"
6792,NUEVA YORK,Ciclovías,15,Agronomia,64.81,"LINESTRING (-58.49414814831871 -34.58930827419182, -58.494713701129946 -34.58965827680293)"
16063,VALLE,Ciclovías,6,Caballito,142.84,"LINESTRING (-58.44604828562674 -34.62587612378878, -58.4462850127551 -34.62596918625628, -58.447482638589854 -34.62637745060587)"
12141,AZOPARDO,Ciclovías,1,Monserrat,73.53,"LINESTRING (-58.36820234390336 -34.611100237533826, -58.3680231621488 -34.61174630343167)"
8517,ESTADO DE ISRAEL AV.,Ciclovías mano única,15,Villa Crespo,11.65,"LINESTRING (-58.42644130808698 -34.5978991432857, -58.42656674539593 -34.59791530812657)"
4548,DEL LIBERTADOR AV.,Ciclovías,14,Palermo,75.84,"LINESTRING (-58.40632678463618 -34.57916129752113, -58.406916666815924 -34.578682383873414)"
8325,"ALVEAR, MARCELO T. DE",Ciclovías,2,Recoleta,134.32,"LINESTRING (-58.39887212689948 -34.59704811068338, -58.39900414098596 -34.59703057440134, -58.40016099966512 -34.596775188499095, -58.400288425028 -34.596743493297765)"
23101,"RODO, JOSE E.",Ciclovías,9,Mataderos,103.44,"LINESTRING (-58.493776378903746 -34.64993164639312, -58.494064498770285 -34.65017728004928, -58.494565556189194 -34.650598000703376)"
1728,11 DE SEPTIEMBRE DE 1888,Ciclovías,13,Belgrano,125.74,"LINESTRING (-58.45200171364926 -34.55781320618064, -58.452801887860986 -34.55689318641354)"
9854,BOUCHARD,Ciclovías,1,San Nicolas,122.95,"LINESTRING (-58.36901515496271 -34.60290758538501, -58.369039333496325 -34.60276485550296, -58.369140574182005 -34.60195555559356, -58.36915862826443 -34.60180570815767)"
6343,FRENCH,Ciclovías,2,Recoleta,106.53,"LINESTRING (-58.404559642977645 -34.58773955872815, -58.40537854276958 -34.5872610685455, -58.40550070801969 -34.587177674301856)"
27333,"ROCA, CNEL. AV.",Ciclovías,8,Villa Riachuelo,82.07,"LINESTRING (-58.46320757844608 -34.69194526438589, -58.463806013011876 -34.69249568609114)"
28824,"ROCA, CNEL. AV.",Ciclovías,8,Villa Soldati,357.11,"LINESTRING (-58.44805456821472 -34.676441045874505, -58.448092830971135 -34.67650281139785, -58.44871953001031 -34.67751535562949, -58.44903056495577 -34.67813060536666, -58.44916712835458 -34.67862322819669, -58.44948754875066 -34.679232632659215, -58.44958045681207 -34.67939085806397)"
12947,FRAGATA PRES. SARMIENTO,Ciclovías,6,Caballito,128.57,"LINESTRING (-58.452708743475824 -34.614788157191114, -58.4534289711329 -34.61379390870236)"
27348,"ROCA, CNEL. AV.",Ciclovías,8,Villa Riachuelo,99.45,"LINESTRING (-58.463806013011876 -34.69249568609114, -58.464531153418 -34.693162723334346)"
3422,SUPERI,Ciclovías,13,Belgrano,157.33,"LINESTRING (-58.46315637463891 -34.57178825264505, -58.46415458146587 -34.57063519816482)"
5476,"DIAZ, CNEL. AV.",Ciclovías,14,Palermo,43.94,"LINESTRING (-58.40640109845206 -34.58380824880417, -58.40617526907558 -34.58345898207293)"
16883,TREINTA Y TRES ORIENTALES,Ciclovías,5,Boedo,124.82,"LINESTRING (-58.42252883120438 -34.62774231118771, -58.42230071902861 -34.628710836742584, -58.422270834047566 -34.6288470957594)"
6138,NUEVA YORK,Ciclovías,15,Agronomia,65.29,"LINESTRING (-58.48961597499408 -34.58650020196236, -58.48975113606359 -34.586584047469614, -58.49018515230835 -34.58685339402001)"
2933,MILLER,Ciclovías,12,Villa Urquiza,129.98,"LINESTRING (-58.48341422107219 -34.56829680577027, -58.48352384150135 -34.56817270057467, -58.48425296362033 -34.56735263093586)"
5783,CERETTI,Ciclovías,15,Parque Chas,101.64,"LINESTRING (-58.487501808336084 -34.58518829215204, -58.48810307632773 -34.58441879137371)"
6706,"MANSILLA, LUCIO NORBERTO, GENERAL",Ciclovías,14,Palermo,109.43,"LINESTRING (-58.41702826773227 -34.58934262688601, -58.41706047775097 -34.58930313137283, -58.41791635294106 -34.58868647018103)"
10199,CORRIENTES AV.,Ciclovías mano única,1,San Nicolas,131.59,"LINESTRING (-58.389395118444014 -34.60421805892092, -58.39082287618787 -34.6043332832326)"
7067,GRIVEO,Ciclovías,11,Villa Devoto,44.69,"LINESTRING (-58.513488956910535 -34.590586170452085, -58.51387834746302 -34.59082826731505)"
8870,CORDOBA AV.,Ciclovías mano única,2,Recoleta,117.96,"LINESTRING (-58.38686704679108 -34.599292132095606, -58.38795514048412 -34.599343091272935, -58.38815075243375 -34.599353916290134)"
19870,USPALLATA,Ciclovías,4,Parque Patricios,29.83,"LINESTRING (-58.40325143791209 -34.63921431639007, -58.40356596442903 -34.63928320385288)"
10310,CORRIENTES AV.,Ciclovías mano única,3,Balvanera,119.42,"LINESTRING (-58.400838846662666 -34.604674953349395, -58.40120157712025 -34.60468330763226, -58.402139952467124 -34.60471293696164)"
13951,FRAY CAYETANO RODRIGUEZ,Ciclovías,7,Flores,76.15,"LINESTRING (-58.468425821111076 -34.61825820164046, -58.46879683924988 -34.617644163671805)"
13922,"SASTRE, MARCOS",Ciclovías,10,Monte Castro,82.35,"LINESTRING (-58.511893570538604 -34.61762531345092, -58.51235437749313 -34.61800640139183, -58.512527469667816 -34.618150981353416)"
4842,GODOY CRUZ,Ciclovías,14,Palermo,137.39,"LINESTRING (-58.427074107812956 -34.58073241708142, -58.426195771688576 -34.57972938795806)"
16646,DEAN FUNES,Ciclovías,3,San Cristobal,107.01,"LINESTRING (-58.405435541556706 -34.626994617306835, -58.40530436012296 -34.627953086521224)"
14903,"SASTRE, MARCOS",Ciclovías,10,Monte Castro,130.21,"LINESTRING (-58.5159357368316 -34.6209869168897, -58.51606571777988 -34.62110087618035, -58.516667643707386 -34.62163322628935, -58.516905961388225 -34.62184389893265)"
6589,GORRITI,Ciclovías,14,Palermo,109.67,"LINESTRING (-58.43218696966454 -34.588761436919185, -58.43313119735605 -34.588155254985246)"
1290,IBERA,Ciclovías,13,Nuñez,119.83,"LINESTRING (-58.464520240502885 -34.55351299074518, -58.46525455652514 -34.553902074725315, -58.465617248466344 -34.5540986222233)"
5491,PALPA,Ciclovías mano única,15,Chacarita,86.36,"LINESTRING (-58.455770486598475 -34.583194014828514, -58.45620885280356 -34.58388285648226)"
16343,"GARAY, JUAN DE AV.",Ciclovías,1,Constitucion,198.16,"LINESTRING (-58.38018543959765 -34.6263698077313, -58.38223382941855 -34.62693865719167)"
1395,11 DE SEPTIEMBRE DE 1888,Ciclovías,13,Belgrano,117.37,"LINESTRING (-58.45430209462908 -34.554951078787134, -58.45437394376845 -34.55486770186322, -58.45504177682624 -34.55408801257673)"
1954,DE LOS OMBUES AV.,Ciclovías,14,Palermo,97.65,"LINESTRING (-58.42735707975071 -34.55928354151012, -58.42774956610355 -34.55972268024177, -58.42791625039513 -34.55989477472233, -58.428006104878406 -34.55998057727407)"
13870,"DIAZ, CESAR, GRAL.",Ciclovías,11,Villa Santa Rita,85.56,"LINESTRING (-58.48507141093225 -34.61760234429416, -58.48585988802639 -34.61801453016476)"
20256,"HORNOS, GRAL.",Ciclovías,4,Barracas,121.4,"LINESTRING (-58.375844746400105 -34.63953197096319, -58.375798970241206 -34.639714263640556, -58.3756996923896 -34.640618707111024)"
10921,POTOSI,Ciclovías,5,Almagro,137.67,"LINESTRING (-58.42141499589534 -34.60726709896799, -58.42160782620966 -34.607265756542176, -58.42291589816364 -34.60726823879774)"
6616,HUMBOLDT,Ciclovías,15,Chacarita,127.09,"LINESTRING (-58.44038514167382 -34.58890543719155, -58.440045627572104 -34.58862712869878, -58.43939052324503 -34.58810811982353)"
13947,LINIERS VIRREY,Ciclovías,5,Almagro,121.17,"LINESTRING (-58.41420506715547 -34.6171486982755, -58.41409428427015 -34.61823711795465)"
17809,CABOTO,Ciclovías,4,La Boca,105.12,"LINESTRING (-58.3564062478892 -34.63122316770727, -58.35600249338207 -34.63189119997312, -58.35589431673006 -34.63207103607547)"
27861,SERRANO,Ciclovías,14,Palermo,54.38,"LINESTRING (-58.43054045720114 -34.58895241781307, -58.42995582604729 -34.588871835548886)"
3638,CERETTI,Ciclovías,12,Villa Urquiza,127.88,"LINESTRING (-58.49696080955354 -34.573336318742854, -58.49707875088587 -34.57318987479805, -58.4977351655595 -34.572377914606186)"
2389,"YRURTIA, ROGELIO",Ciclovías,12,Saavedra,34.88,"LINESTRING (-58.50244302096401 -34.56378892333107, -58.50247939960567 -34.56385095524458, -58.502529995879364 -34.563915588268216, -58.5025851874182 -34.56397655774125, -58.50266251493818 -34.56404308355265)"
22247,"RODO, JOSE E.",Ciclovías,9,Parque Avellaneda,65.15,"LINESTRING (-58.49017399111739 -34.64682923070195, -58.49066376217806 -34.647254688464166)"
19977,PICHEUTA,Ciclovías,7,Parque Chacabuco,75.12,"LINESTRING (-58.434158848087115 -34.6390168836064, -58.43392507356888 -34.63966591788324)"
6380,ESTADO PLURINACIONAL DE BOLIVIA,Ciclovías,12,Villa Pueyrredon,99.87,"LINESTRING (-58.49543980655822 -34.58787897236629, -58.49609144944572 -34.587157870868104)"
16105,MORON,Ciclovías,10,Floresta,105.58,"LINESTRING (-58.47865576681737 -34.62578370010033, -58.47884541125811 -34.625833113256505, -58.47975385039777 -34.626069616482)"
32942,ANTARTIDA ARGENTINA AV.,Ciclovías,1,Retiro,51.1,"LINESTRING (-58.37030709345299 -34.59175161905748, -58.37034148761381 -34.59129185789533)"
15793,MORON,Ciclovías,7,Flores,111.0,"LINESTRING (-58.47420872777842 -34.6246174754356, -58.47536122011825 -34.624923285923266)"
9593,ESTADO DE ISRAEL AV.,Ciclovías mano única,15,Villa Crespo,51.22,"LINESTRING (-58.43187435512363 -34.60169684916049, -58.43220014722129 -34.60207186790503)"
3495,LUGONES,Ciclovías,12,Villa Urquiza,126.23,"LINESTRING (-58.478507145067695 -34.57224745558888, -58.4793201917672 -34.57132965700713)"
18037,HERRERA,Ciclovías,4,Barracas,74.89,"LINESTRING (-58.37951371123769 -34.63220990152296, -58.37931155984464 -34.63286392383042)"
7930,LOYOLA,Ciclovías,15,Villa Crespo,126.83,"LINESTRING (-58.43619583965536 -34.59523482599103, -58.43704303837823 -34.594331404878545)"
7233,"ALVAREZ, JULIAN",Ciclovías,14,Palermo,264.77,"LINESTRING (-58.422457081098976 -34.591599602921455, -58.420244493936735 -34.590067196649265)"
8368,SERRANO,Ciclovías,15,Villa Crespo,140.97,"LINESTRING (-58.44368628146836 -34.59724326406995, -58.44259166170722 -34.59635137875842)"
10856,"PERON, JUAN DOMINGO, TTE. GENERAL",Ciclovías mano única,3,Balvanera,134.06,"LINESTRING (-58.392115437039905 -34.60678781180275, -58.39231838390088 -34.60680785989914, -58.393567755298825 -34.60692301858666)"
19665,CULPINA,Ciclovías,7,Flores,157.68,"LINESTRING (-58.46342916691893 -34.63764669042484, -58.462145738679965 -34.638592750134386)"
5253,DEL LIBERTADOR AV.,Ciclovías,2,Recoleta,8.13,"LINESTRING (-58.39927817508175 -34.582730123309354, -58.399364781411265 -34.58271474589321)"
6036,"ALVAREZ, JULIAN",Ciclovías,14,Palermo,111.91,"LINESTRING (-58.41406332764469 -34.58640395073148, -58.413160796021856 -34.58572540225307)"
3358,CERETTI,Ciclovías,12,Villa Urquiza,135.04,"LINESTRING (-58.498620803113084 -34.57128242823945, -58.49871329675662 -34.5711679625064, -58.499440645248896 -34.5702715339436)"
16554,RINCON,Ciclovías,3,San Cristobal,107.5,"LINESTRING (-58.39443279795784 -34.62667868689015, -58.39429594972209 -34.627641084747594)"
3125,BLANCO ENCALADA,Ciclovías,12,Villa Urquiza,104.21,"LINESTRING (-58.47561799887608 -34.56906940669549, -58.47653165101141 -34.56962720989506)"
12224,"ALSINA, ADOLFO",Ciclovías,3,Balvanera,124.66,"LINESTRING (-58.39896595507313 -34.61198323712056, -58.39921142167513 -34.61200047921769, -58.40031976721926 -34.612082325097084)"
21663,QUILMES,Ciclovías,4,Nueva Pompeya,119.06,"LINESTRING (-58.41737094839833 -34.64420253596791, -58.41736947561393 -34.644400987731004, -58.41738441649298 -34.64527564827873)"
1164,IBERA,Ciclovías,13,Nuñez,83.58,"LINESTRING (-58.46270231196107 -34.55257698766316, -58.46347636083153 -34.552973829245325)"
9314,SAN MARTIN,Ciclovías,1,San Nicolas,130.6,"LINESTRING (-58.373997756229976 -34.60096074157834, -58.3740031116424 -34.60089053317941, -58.37408092098208 -34.59988508200292, -58.37408715899601 -34.59978578928535)"
4977,DEL LIBERTADOR AV.,Ciclovías,14,Palermo,124.22,"LINESTRING (-58.40367321558699 -34.58129246409665, -58.40464765686781 -34.58051517538289)"
15653,"GONZALEZ, ELPIDIO",Ciclovías,10,Monte Castro,88.03,"LINESTRING (-58.50513259917134 -34.62386324636737, -58.50522311250492 -34.62394786415529, -58.50576798660411 -34.62445803363829)"
12510,RAWSON,Ciclovías,5,Almagro,132.7,"LINESTRING (-58.42494026774466 -34.613196649820445, -58.42494899944239 -34.6131020034191, -58.425576008805564 -34.612130354906846)"
18496,DEAN FUNES,Ciclovías,4,Parque Patricios,136.02,"LINESTRING (-58.4045418716637 -34.63316200073668, -58.40430348131568 -34.63437217920251)"
14665,TACUARI,Ciclovías,1,Constitucion,127.3,"LINESTRING (-58.378698512840636 -34.61973117487587, -58.378695681592916 -34.61983497696448, -58.37867565650057 -34.62076469236874, -58.37866770402339 -34.62087835015667)"
4846,SARMIENTO AV.,Ciclovías,14,Palermo,488.48,"LINESTRING (-58.42058658574377 -34.58079398621544, -58.4172704158941 -34.57734940180585)"
7433,DEL LIBERTADOR AV.,Ciclovías,1,Retiro,159.04,"LINESTRING (-58.37533517996532 -34.59276462993534, -58.37667408718237 -34.59185400650257)"
12237,OTAMENDI,Ciclovías,6,Caballito,76.08,"LINESTRING (-58.43315685384591 -34.61212936481211, -58.43322905826476 -34.61196452124719, -58.43345000742639 -34.611487808473484)"
12886,"SASTRE, MARCOS",Ciclovías,10,Monte Castro,38.71,"LINESTRING (-58.506630156949875 -34.6143935930935, -58.506968258088534 -34.61460241893156)"
8474,CORDOBA AV.,Ciclovías mano única,14,Palermo,148.17,"LINESTRING (-58.42016489935273 -34.597762647273626, -58.4204348671173 -34.59775689724433, -58.42177967769403 -34.597734404132424)"
11023,"PERON, JUAN DOMINGO, TTE. GENERAL",Ciclovías mano única,3,Balvanera,118.1,"LINESTRING (-58.40346921880614 -34.60752638285998, -58.40363606591072 -34.607534140729115, -58.40475125014187 -34.607623555465814)"
2216,11 DE SEPTIEMBRE DE 1888,Ciclovías,13,Belgrano,128.44,"LINESTRING (-58.44791227777157 -34.56254603288294, -58.44859147160441 -34.561752085224384, -58.44872131459647 -34.561601252431245)"
13358,RIVADAVIA AV.,Ciclovías,6,Caballito,28.65,"LINESTRING (-58.43136076109891 -34.61603804383375, -58.43163610516542 -34.61616001858402)"
2199,ECHEVERRIA,Ciclovías,13,Belgrano,104.13,"LINESTRING (-58.45394705855146 -34.56184712210226, -58.45486891559168 -34.562394384269936)"
3689,ZAPATA,Ciclovías,14,Palermo,120.03,"LINESTRING (-58.44068609061159 -34.57375309878597, -58.44087164080878 -34.57362397552579, -58.44170451565072 -34.57307418518735)"
13094,"SASTRE, MARCOS",Ciclovías,10,Monte Castro,37.08,"LINESTRING (-58.507766568797656 -34.61509579895703, -58.50793144690914 -34.615197852747286, -58.508090275505225 -34.615295964821115)"
13726,MEXICO,Ciclovías,3,Balvanera,130.4,"LINESTRING (-58.40414129158317 -34.61704387974939, -58.40546975635489 -34.61746276140671)"
199,CUBA,Ciclovías,13,Nuñez,101.53,"LINESTRING (-58.469938206345496 -34.54272551415089, -58.47003896120431 -34.542588815073906, -58.47051456400996 -34.5419443351284)"
12552,"VALLESE, FELIPE",Ciclovías,6,Caballito,42.97,"LINESTRING (-58.44576291336315 -34.61323606833672, -58.446190731103115 -34.61339394809083)"
12910,AZOPARDO,Ciclovías,1,Monserrat,131.65,"LINESTRING (-58.36782461727603 -34.61345588871546, -58.367707438084615 -34.61447327471901, -58.3676891067499 -34.614637346937286)"
5779,FOREST AV.,Ciclovías mano única,15,Chacarita,102.07,"LINESTRING (-58.453965732432245 -34.58518167270936, -58.454184933789605 -34.58494027647889, -58.45463359448491 -34.584445834201745)"
9144,CUCHA CUCHA,Ciclovías,15,Paternal,138.81,"LINESTRING (-58.4635853023862 -34.60050651108708, -58.46505115946297 -34.600195930662736)"
11931,"GARCIA, JUAN AGUSTIN",Ciclovías,11,Villa Santa Rita,31.21,"LINESTRING (-58.483227657697014 -34.61093679692, -58.483514992398796 -34.61108752636496)"
30207,PATRICIAS ARGENTINAS AV.,Ciclovías,6,Caballito,97.25,"LINESTRING (-58.434240948464016 -34.60850091131017, -58.43378264943848 -34.608279675879324, -58.43368702131033 -34.60821965185785, -58.43361489786304 -34.60816864769411, -58.4335282163109 -34.60809975235844, -58.43345209626351 -34.608031070815244, -58.43340016808776 -34.607978926793955)"
17615,ESTRADA,Ciclovías,7,Parque Chacabuco,76.62,"LINESTRING (-58.43220192442101 -34.63133724133395, -58.432413455226815 -34.63137123909569, -58.43302215035418 -34.63146906878047)"
15069,"CALVO, CARLOS",Ciclovías,3,San Cristobal,164.9,"LINESTRING (-58.40736267167513 -34.62204912217659, -58.40910801029191 -34.62240639308032)"
28853,"GUIRALDES, INT.",Ciclovías,13,Belgrano,31.52,"LINESTRING (-58.43891679109791 -34.54551999733716, -58.43905682652157 -34.54544983864744, -58.43921713906984 -34.54538280303895)"
16822,PUAN,Ciclovías,6,Caballito,131.78,"LINESTRING (-58.447032953717155 -34.62747303742645, -58.44657089804002 -34.62859784636182)"
10781,"PERON, JUAN DOMINGO, TTE. GENERAL",Ciclovías mano única,1,San Nicolas,137.67,"LINESTRING (-58.3878154443387 -34.60652691376668, -58.38794293175185 -34.606542485750204, -58.38931087696526 -34.6066292396726)"
9513,"ACUÑA DE FIGUEROA, FRANCISCO",Ciclovías,5,Almagro,135.29,"LINESTRING (-58.42238321273667 -34.60175051532912, -58.42223028291771 -34.600653193683364, -58.42221347636189 -34.60053910176583)"
19963,MIRO,Ciclovías,7,Parque Chacabuco,153.02,"LINESTRING (-58.4436347973695 -34.638252505062496, -58.443323223067274 -34.63960760761536)"
10936,POTOSI,Ciclovías,5,Almagro,57.65,"LINESTRING (-58.427036007901364 -34.60728143453273, -58.42755342765416 -34.60728348866023, -58.42766406977814 -34.607275211048375)"
22914,"RODO, JOSE E.",Ciclovías,9,Mataderos,102.93,"LINESTRING (-58.493000506285064 -34.64926105827564, -58.493776378903746 -34.64993164639312)"
8785,CORDOBA AV.,Ciclovías mano única,1,Retiro,138.47,"LINESTRING (-58.37974595980267 -34.59897083919045, -58.38102438764025 -34.59901980721642, -58.38125372284078 -34.59903052517611)"
18063,BARCO CENTENERA DEL,Ciclovías,7,Parque Chacabuco,111.95,"LINESTRING (-58.43736648056682 -34.63210282282315, -58.437025443880984 -34.63261521983881, -58.436780551333335 -34.63298812835304)"
26787,"BARROS PAZOS, JOSE",Ciclovías mano única,8,Villa Lugano,129.08,"LINESTRING (-58.470474721965765 -34.67942397920284, -58.47144311309552 -34.6802688499415)"
18,CAMINO DE SIRGA,Ciclovías,4,Barracas,652.76,"LINESTRING (-58.38522477438831 -34.65782134353045, -58.38507377735343 -34.65775516529808, -58.38474158615477 -34.65764934709852, -58.384460484141755 -34.65757876287292, -58.384043058874575 -34.65750809013301, -58.383600040195496 -34.65747260145034, -58.383276271475964 -34.65747239098137, -58.38295592869022 -34.65747573442433, -58.382765111792956 -34.65741573360778, -58.382483930851315 -34.65742962978203, -58.38193007525724 -34.65747150665474, -58.381376294760145 -34.65743593647089, -58.38109514802976 -34.65741462737851, -58.38071170332811 -34.65744957223201, -58.37998751905372 -34.657413881039055, -58.37951890680695 -34.65741356225107, -58.37906737037459 -34.65737805128955, -58.37847102628814 -34.65730723662308, -58.378214108568166 -34.65724148590596)"
10996,"PERON, JUAN DOMINGO, TTE. GENERAL",Ciclovías mano única,3,Balvanera,137.57,"LINESTRING (-58.4019709931743 -34.60747014522026, -58.40210930731056 -34.60747789083143, -58.403319490863296 -34.60751933741512, -58.40346921880614 -34.60752638285998)"
31203,"ROCA, CNEL. AV.",Ciclovías,8,Villa Riachuelo,65.07,"LINESTRING (-58.461838501787504 -34.69068596487203, -58.46231296807592 -34.69112237272959)"
2063,"PEDRAZA, MANUELA",Ciclovías,12,Villa Urquiza,86.73,"LINESTRING (-58.483385021619235 -34.560864539085046, -58.48420453019827 -34.561253917101624)"
9440,CHIVILCOY AV.,Ciclovías mano única,11,Villa Devoto,95.28,"LINESTRING (-58.51039740233046 -34.60148963667404, -58.511014715469145 -34.600798924352404)"
8558,SERRANO,Ciclovías,15,Villa Crespo,129.64,"LINESTRING (-58.44469347852934 -34.5980630123174, -58.44458508601513 -34.5979755295654, -58.44368628146836 -34.59724326406995)"
2823,"PEDRAZA, MANUELA",Ciclovías,12,Villa Urquiza,122.04,"LINESTRING (-58.49583652493658 -34.56688494255449, -58.496942366229746 -34.56749606403399)"
989,"FIGUEROA ALCORTA, PRES. AV.",Ciclovías,13,Belgrano,129.82,"LINESTRING (-58.43674281543774 -34.55161027554232, -58.43742653685378 -34.55081843185357, -58.43756634406426 -34.5506588801626)"
8915,CORDOBA AV.,Ciclovías mano única,2,Recoleta,129.99,"LINESTRING (-58.39014365748361 -34.5994714671931, -58.3913788930986 -34.59955276612441, -58.39155628079883 -34.59956364536317)"
2600,ECHEVERRIA,Ciclovías,13,Belgrano,107.44,"LINESTRING (-58.45953465185299 -34.56514059192991, -58.460489186052975 -34.56570140420538)"
7613,CORDOBA AV.,Ciclovías mano única,14,Palermo,134.14,"LINESTRING (-58.43122119889041 -34.59353936648627, -58.432360384273395 -34.59278133816233)"
28825,"ROCA, CNEL. AV.",Ciclovías,8,Villa Soldati,125.74,"LINESTRING (-58.45114215632695 -34.68053553910935, -58.45117598031045 -34.68068626176866, -58.4511357253094 -34.68080582556229, -58.45101228821896 -34.68085922298908, -58.450850656208615 -34.680844641238394, -58.4506861008823 -34.680723240584186, -58.4503191902932 -34.68042617759608)"
25942,"ROCA, CNEL. AV.",Ciclovías,8,Villa Soldati,104.9,"LINESTRING (-58.44002523808537 -34.666255020703545, -58.44020298387018 -34.666431815880145, -58.440780296810736 -34.666965420534424)"
12516,"VALLESE, FELIPE",Ciclovías,6,Caballito,101.49,"LINESTRING (-58.44475014128691 -34.6128675333392, -58.44576291336315 -34.61323606833672)"
6280,GORRITI,Ciclovías,14,Palermo,91.53,"LINESTRING (-58.4339478726429 -34.58749509046104, -58.43448013560953 -34.58706478720257, -58.43466045179697 -34.586917643953846)"
3130,MOLDES,Ciclovías,13,Colegiales,102.88,"LINESTRING (-58.45291998307512 -34.56964847203259, -58.453839147015074 -34.56911754988074)"
7570,MONTEVIDEO,Ciclovías,2,Recoleta,68.69,"LINESTRING (-58.39002147468827 -34.59323326677121, -58.38946073324805 -34.592822922039424)"
13769,"VERA PEÑALOZA,  ROSARIO",Ciclovías,1,Puerto Madero,88.77,"LINESTRING (-58.362883997467286 -34.61757331151814, -58.36213651753049 -34.617494658323906, -58.36194346292894 -34.61741756013066)"
27833,"RIVADAVIA MARTIN, COMODORO",Ciclovías,13,Nuñez,83.09,"LINESTRING (-58.4638822078009 -34.54223363862168, -58.46420892153846 -34.54293209961502)"
20197,BALBASTRO,Ciclovías,7,Parque Chacabuco,108.12,"LINESTRING (-58.44449748955273 -34.63974504906299, -58.445296475156745 -34.64046186616147)"
5449,"FIGUEROA ALCORTA, PRES. AV.",Ciclovías,2,Recoleta,152.53,"LINESTRING (-58.39167219460553 -34.583681406718036, -58.39272554091733 -34.58320123705994, -58.39312555121629 -34.583013858687515)"
18719,RONDEAU,Ciclovías,4,Parque Patricios,141.23,"LINESTRING (-58.40091663544086 -34.635033387616716, -58.40122068467375 -34.635075303717336, -58.4024465607967 -34.63517662670731)"
509,"FIGUEROA ALCORTA, PRES. AV.",Ciclovías,13,Belgrano,304.93,"LINESTRING (-58.44402282754242 -34.547504853882984, -58.447291190985176 -34.5470129198301)"
14898,DEAN FUNES,Ciclovías,3,San Cristobal,140.8,"LINESTRING (-58.4062474889332 -34.62055119357611, -58.406175254040235 -34.62166638430258, -58.406154023932736 -34.62181778459456)"
30208,ESTIVAO,Ciclovías,6,Caballito,22.03,"LINESTRING (-58.4331712921892 -34.60803907131889, -58.43340016808776 -34.607978926793955)"
17648,MORON,Ciclovías,10,Velez Sarsfield,121.58,"LINESTRING (-58.49536717613935 -34.63109043855552, -58.496557563113576 -34.631573082517946)"
11275,TRES ARROYOS,Ciclovías,6,Caballito,126.41,"LINESTRING (-58.458944849278694 -34.60811077190272, -58.45907056153058 -34.60817105887201, -58.46014210439824 -34.6086751829582)"
9003,CUCHA CUCHA,Ciclovías,15,Paternal,17.95,"LINESTRING (-58.466386789924535 -34.59991061806064, -58.46657619440863 -34.59987011953404)"
26723,UNANUE,Ciclovías mano única,8,Villa Lugano,129.02,"LINESTRING (-58.47141039457319 -34.678686735591434, -58.47222277641231 -34.67943865254644, -58.47234861193825 -34.67955378439539)"
10535,SAN MARTIN,Ciclovías,1,San Nicolas,127.81,"LINESTRING (-58.37371792946456 -34.605614688789316, -58.37372490189451 -34.60546680448421, -58.37378306614828 -34.60460028549692, -58.373789770247434 -34.60446416169888)"
21182,HERRERA,Ciclovías,4,Barracas,114.76,"LINESTRING (-58.376496773301106 -34.64268485751345, -58.37623071904687 -34.64369566187193)"
11715,RAWSON,Ciclovías,5,Almagro,183.6,"LINESTRING (-58.42602613043422 -34.61031222904598, -58.426238866484745 -34.60884994958774, -58.42624882750203 -34.608667907805014)"
538,SUPERI,Ciclovías,12,Saavedra,100.44,"LINESTRING (-58.48275564543209 -34.547857580578246, -58.48333473045014 -34.54708936976588)"
18468,LINIERS VIRREY,Ciclovías,5,Boedo,108.76,"LINESTRING (-58.41303325293774 -34.633333121485826, -58.412736866909256 -34.634282444935366)"
30741,"FIGUEROA ALCORTA, PRES. AV.",Ciclovías,14,Palermo,54.07,"LINESTRING (-58.41122192824616 -34.57200854892337, -58.41155676274892 -34.571913050714464, -58.41178332344347 -34.57186125448317)"
5545,DEL LIBERTADOR AV.,Ciclovías,2,Recoleta,142.0,"LINESTRING (-58.39391034165146 -34.584053481035845, -58.395353812415344 -34.58359189051141)"
2117,MILLER,Ciclovías,12,Saavedra,172.47,"LINESTRING (-58.48908601294596 -34.56173862806584, -58.490022389897504 -34.560390721082626)"
15940,MORON,Ciclovías,10,Floresta,107.53,"LINESTRING (-58.476489781389375 -34.62522274999541, -58.47760914832672 -34.6255115003426)"
7355,SERRANO,Ciclovías,15,Villa Crespo,140.84,"LINESTRING (-58.43560847985717 -34.59219267195113, -58.434364853669535 -34.59144835678917)"
7740,NUEVA YORK,Ciclovías,15,Agronomia,73.86,"LINESTRING (-58.50149635530157 -34.5938441593675, -58.502140679244945 -34.59424332875719)"
31223,PATRON,Ciclovías,9,Liniers,9.18,"LINESTRING (-58.51108291707818 -34.64416861006432, -58.51115156004508 -34.644228827738914)"
10686,"PERON, JUAN DOMINGO, TTE. GENERAL",Ciclovías mano única,1,San Nicolas,138.3,"LINESTRING (-58.38208183184201 -34.606139916537664, -58.38221358550452 -34.606145849323184, -58.38345385546793 -34.6062235697797, -58.38358509308802 -34.60623499378224)"
3878,CASARES AV.,Ciclovías,14,Palermo,67.76,"LINESTRING (-58.40799842233405 -34.57502156449624, -58.40781490627375 -34.574827111222895, -58.40760925484662 -34.5745051802867)"
25782,"RABANAL, FRANCISCO, INTENDENTE AV.",Ciclovías,8,Villa Soldati,234.67,"LINESTRING (-58.436574824080886 -34.66450536122864, -58.437808630367925 -34.66503717730806, -58.43884158487234 -34.66548858823834)"
8177,"ALVEAR, MARCELO T. DE",Ciclovías,1,Retiro,136.47,"LINESTRING (-58.37695818936537 -34.596278856646734, -58.377064381969795 -34.596281748684326, -58.378316513121966 -34.596354600098245, -58.37844177217033 -34.596367081829996)"
18913,"ALCORTA, AMANCIO AV.",Ciclovías,4,Barracas,335.58,"LINESTRING (-58.38369668050954 -34.633343841112314, -58.38373852443058 -34.63342119310884, -58.38561397689087 -34.635919608915714)"
1315,MONROE,Ciclovías,13,Belgrano,130.04,"LINESTRING (-58.452122801458216 -34.55365960132555, -58.45327461398043 -34.55434218190844)"
27840,"ROCA, JULIO A., PRESIDENTE DIAGONAL SUR AV.",Ciclovías mano única,1,Monserrat,8.34,"LINESTRING (-58.37478545785064 -34.6102672927362, -58.37475948814788 -34.61033931711313)"
28004,"RODO, JOSE E.",Ciclovías,9,Parque Avellaneda,25.69,"LINESTRING (-58.483017484776106 -34.64208231946461, -58.48297107357703 -34.64212847315585, -58.48294342248779 -34.642194217637346, -58.482978423971964 -34.64229197545835)"
6017,FRENCH,Ciclovías,2,Recoleta,125.18,"LINESTRING (-58.40662622408356 -34.58632579282459, -58.40762853294531 -34.585560184258696)"
6983,LOYOLA,Ciclovías,15,Villa Crespo,105.4,"LINESTRING (-58.440671771778305 -34.590461714663526, -58.44108923469626 -34.5900165020364, -58.44137585984784 -34.58971098523051)"
3392,"FIGUEROA ALCORTA, PRES. AV.",Ciclovías,13,Belgrano,77.15,"LINESTRING (-58.4346554474964 -34.553594145734735, -58.43530874374466 -34.5531565065836)"
9488,TRES ARROYOS,Ciclovías,15,Villa Crespo,112.95,"LINESTRING (-58.44666592876025 -34.60107038632843, -58.44750743696378 -34.60159909779035, -58.44764624167117 -34.601686511377096)"
13507,"GONZALEZ, ELPIDIO",Ciclovías,10,Monte Castro,131.65,"LINESTRING (-58.493708982127785 -34.61586808056632, -58.49385323859844 -34.61599149681687, -58.49470472795056 -34.616722839253924)"
2031,"PEDRAZA, MANUELA",Ciclovías,12,Villa Urquiza,68.68,"LINESTRING (-58.48275093571485 -34.56053583170307, -58.483385021619235 -34.560864539085046)"
9805,"JUSTO, JUAN B. AV.",Ciclovías,15,Villa Crespo,7.94,"LINESTRING (-58.45595327804051 -34.60277266290618, -58.45602030092345 -34.602818019720274)"
14805,MENDEZ DE ANDES,Ciclovías,7,Flores,99.44,"LINESTRING (-58.46222469439517 -34.62099242276799, -58.46272328728478 -34.621214823195054, -58.46317997106411 -34.621416446644474)"
8500,ESTADO DE ISRAEL AV.,Ciclovías mano única,15,Villa Crespo,146.69,"LINESTRING (-58.42336930425086 -34.59774487338942, -58.42375684270571 -34.59782442638843, -58.42495609534066 -34.59785129050779)"
12054,OTAMENDI,Ciclovías,6,Caballito,77.04,"LINESTRING (-58.43345000742639 -34.611487808473484, -58.433750484078665 -34.61083928120862)"
1936,VERTIZ VIRREY AV.,Ciclovías,13,Belgrano,136.33,"LINESTRING (-58.44819291398488 -34.55986403727328, -58.44939932213107 -34.55914705198759)"
9976,CORRIENTES AV.,Ciclovías mano única,1,San Nicolas,132.67,"LINESTRING (-58.375220377674225 -34.60331574954359, -58.37666269180612 -34.603404177825354)"
28164,PATRICIAS ARGENTINAS AV.,Ciclovías,6,Caballito,16.87,"LINESTRING (-58.43287775082188 -34.60650376330095, -58.43290581244917 -34.60635344714706)"
19205,PERDRIEL,Ciclovías,4,Barracas,153.91,"LINESTRING (-58.38732480372935 -34.63584427748398, -58.38657982750523 -34.636952070202156, -58.38647809338654 -34.63703755202242)"
32962,"MOREAU DE JUSTO, ALICIA AV.",Ciclovías,1,Puerto Madero,118.37,"LINESTRING (-58.36608612201368 -34.61454497674273, -58.365982137499714 -34.61547346803628, -58.36596650721995 -34.615607357873394)"
32963,"MOREAU DE JUSTO, ALICIA AV.",Ciclovías,1,Puerto Madero,125.25,"LINESTRING (-58.366212510946625 -34.613420766807934, -58.36608612201368 -34.61454497674273)"
17304,PICHINCHA AV.,Ciclovías,4,Parque Patricios,132.49,"LINESTRING (-58.396545672191934 -34.629194888405756, -58.396299652987686 -34.63022666566432, -58.396260947598485 -34.63036565991495)"
10316,CORRIENTES AV.,Ciclovías mano única,3,Balvanera,78.48,"LINESTRING (-58.403633628515244 -34.60474987424446, -58.40448282956744 -34.60466352473217)"
7985,"ALVAREZ, JULIAN",Ciclovías,14,Palermo,86.1,"LINESTRING (-58.42809080557664 -34.59551459215837, -58.42737303595698 -34.59501458608686)"
27610,PINTO,Ciclovías,12,Saavedra,35.35,"LINESTRING (-58.47704156503829 -34.55025045685107, -58.477247519584665 -34.549981191579725)"
8959,CORDOBA AV.,Ciclovías mano única,2,Recoleta,141.06,"LINESTRING (-58.39718882603845 -34.59972957604712, -58.398726105316136 -34.599759625061814)"
2394,AMENABAR,Ciclovías,13,Belgrano,129.38,"LINESTRING (-58.45774990392103 -34.56409205071085, -58.457855896402705 -34.563968813399775, -58.45856701700959 -34.563141642109265)"
27629,"RIVADAVIA MARTIN, COMODORO",Ciclovías,13,Nuñez,44.45,"LINESTRING (-58.46420892153846 -34.54293209961502, -58.464378943527244 -34.543307262166515)"
13035,"SASTRE, MARCOS",Ciclovías,10,Monte Castro,46.91,"LINESTRING (-58.507356974273186 -34.61484256399223, -58.507509496149225 -34.614936805816136, -58.507766568797656 -34.61509579895703)"
32918,"MOREAU DE JUSTO, ALICIA AV.",Ciclovías,1,Puerto Madero,116.84,"LINESTRING (-58.366946841496784 -34.60529146632776, -58.36688736639578 -34.60588076104386, -58.36684454316203 -34.60634128362213)"
22591,"RODO, JOSE E.",Ciclovías,9,Mataderos,106.08,"LINESTRING (-58.49141428376945 -34.647910297414384, -58.49154512540267 -34.64802435255241, -58.49221893922148 -34.64859743837783)"
7375,"MANSILLA, LUCIO NORBERTO, GENERAL",Ciclovías,14,Palermo,105.87,"LINESTRING (-58.41288041591801 -34.59231927355084, -58.413648520468946 -34.59176380453941, -58.4137492183116 -34.59169116819227)"
3817,"BULLRICH, INT. AV.",Ciclovías,14,Palermo,408.45,"LINESTRING (-58.42324699857255 -34.57116828888843, -58.42485564408486 -34.57428126263498, -58.4249896110082 -34.574556239745846)"
19954,"ARAOZ DE LAMADRID, GREGORIO, GRAL.",Ciclovías,4,La Boca,138.55,"LINESTRING (-58.36367816288873 -34.63930566581718, -58.36516232470578 -34.639540251400504)"
19700,"ARAOZ DE LAMADRID, GREGORIO, GRAL.",Ciclovías,4,La Boca,144.53,"LINESTRING (-58.36081529607184 -34.63811624121496, -58.362079614837626 -34.63862138596279, -58.362234184785905 -34.63868362736226)"
8104,ECUADOR,Ciclovías,2,Recoleta,100.26,"LINESTRING (-58.404585542233654 -34.59607337232229, -58.404179664866206 -34.595234219205494)"
2285,"PEDRAZA, MANUELA",Ciclovías,12,Villa Urquiza,101.11,"LINESTRING (-58.48718456495405 -34.562646569830854, -58.48813879930611 -34.563102163920625)"
3456,ZAPATA,Ciclovías,13,Colegiales,119.72,"LINESTRING (-58.44333983311547 -34.571998596901786, -58.44435072401083 -34.571316420286124)"
8241,"ALVEAR, MARCELO T. DE",Ciclovías,1,Retiro,79.82,"LINESTRING (-58.37541758063675 -34.596244305612345, -58.3756030785423 -34.5963083044619, -58.375926737141896 -34.59632978008746, -58.376263456323365 -34.59626998268777)"
1011,CUBA,Ciclovías,13,Nuñez,100.53,"LINESTRING (-58.463257015564686 -34.55181999955044, -58.46382481668803 -34.551045050596954)"
32948,"MOREAU DE JUSTO, ALICIA AV.",Ciclovías,1,Puerto Madero,84.69,"LINESTRING (-58.36684454316203 -34.60634128362213, -58.36678656482745 -34.60652716609794, -58.36671473394094 -34.60709555522154)"
994,MILLER,Ciclovías,12,Saavedra,100.81,"LINESTRING (-58.49611427873338 -34.551638754972075, -58.49666525729698 -34.550852671668856)"
18530,ALBERTI,Ciclovías,4,Parque Patricios,129.92,"LINESTRING (-58.39829842903102 -34.633390103036156, -58.39787147312801 -34.63450678701159)"
11830,"ARTIGAS, JOSE GERVASIO, GRAL.",Ciclovías,11,Villa Gral. Mitre,133.54,"LINESTRING (-58.47472264963785 -34.610730492432744, -58.475523408911975 -34.609725119212776)"
7351,GORRITI,Ciclovías,14,Palermo,135.74,"LINESTRING (-58.426866807928675 -34.592178755305, -58.42803530472583 -34.5914282408545)"
7610,LOYOLA,Ciclovías,15,Villa Crespo,115.92,"LINESTRING (-58.43781201824601 -34.5935114135224, -58.43858634959514 -34.59268571396925)"
7185,GORRITI,Ciclovías,14,Palermo,133.81,"LINESTRING (-58.42803530472583 -34.5914282408545, -58.42918717090893 -34.590688344452104)"
2579,"FIGUEROA ALCORTA, PRES. AV.",Ciclovías,14,Palermo,279.64,"LINESTRING (-58.42008769057804 -34.56539579027669, -58.421638424103904 -34.56473895517714, -58.42204884303202 -34.56453951283778, -58.42233241851708 -34.564340660426915, -58.422565703128846 -34.564098338946955, -58.422602252979644 -34.5640369413732)"
13211,AZOPARDO,Ciclovías,1,Monserrat,116.61,"LINESTRING (-58.3676891067499 -34.614637346937286, -58.367572401581214 -34.615684099544914)"
10270,SARMIENTO,Ciclovías,1,San Nicolas,126.7,"LINESTRING (-58.373789770247434 -34.60446416169888, -58.375029397652675 -34.604554573131026, -58.375165744159 -34.60456361548502)"
15846,LINIERS VIRREY,Ciclovías,5,Boedo,103.78,"LINESTRING (-58.413656380115505 -34.62420658915102, -58.41357446763491 -34.625139664968245)"
2332,ECHEVERRIA,Ciclovías,13,Belgrano,110.55,"LINESTRING (-58.45587326843129 -34.56298939198739, -58.45685533354213 -34.5635664320766)"
9411,"ALVAREZ, JULIAN",Ciclovías,15,Villa Crespo,123.8,"LINESTRING (-58.437289666495396 -34.60140931647337, -58.43622352344329 -34.600725130398416)"
21982,POLA,Ciclovías,9,Liniers,63.82,"LINESTRING (-58.50541934729866 -34.64594758723803, -58.504918672965914 -34.64634719889156)"
14446,CHIVILCOY,Ciclovías,10,Floresta,136.95,"LINESTRING (-58.49236389416634 -34.620032545181246, -58.49331215934307 -34.61927850351148, -58.49344041034247 -34.61917706219037)"
2177,AMENABAR,Ciclovías,13,Belgrano,125.48,"LINESTRING (-58.45938155759848 -34.562193903921, -58.45949103561818 -34.562066580667235, -58.460173350327985 -34.56127179393401)"
21846,PATRON,Ciclovías,9,Liniers,127.2,"LINESTRING (-58.51201980309216 -34.64500927640293, -58.51295770943745 -34.64585418648269)"
3050,"OLAGUER Y FELIU, VIRREY",Ciclovías,13,Colegiales,93.77,"LINESTRING (-58.453283652863725 -34.568408054261845, -58.453839147015074 -34.56911754988074)"
16313,"GONZALEZ, ELPIDIO",Ciclovías,10,Monte Castro,185.14,"LINESTRING (-58.50696770643847 -34.625584524223555, -58.507070752962086 -34.62568131936277, -58.508164559144745 -34.626705369976555, -58.50831107148346 -34.6268301061087)"
1181,"OBLIGADO RAFAEL, AV.COSTANERA",Ciclovías,14,Palermo,242.55,"LINESTRING (-58.423581303412654 -34.55312666849527, -58.42411112989359 -34.552946904799974, -58.424811424024725 -34.55273261668147, -58.42602614493797 -34.55229840596255)"
2061,IBERA,Ciclovías,12,Coghlan,55.91,"LINESTRING (-58.47807776084124 -34.56094438311124, -58.478587624131976 -34.561220241880356)"
27748,SUPERI,Ciclovías,13,Colegiales,18.63,"LINESTRING (-58.46154978319119 -34.57350821118224, -58.46173091309595 -34.57343243056836)"
2811,SARMIENTO AV.,Ciclovías,14,Palermo,287.43,"LINESTRING (-58.405163250279564 -34.56711922409597, -58.40476604457388 -34.5673145426658, -58.40401091730255 -34.56760064752011, -58.40324893716321 -34.56777788600028, -58.40244545229156 -34.56788061702953, -58.40221465335012 -34.567916690783704)"
9659,TUCUMAN,Ciclovías,3,Balvanera,111.97,"LINESTRING (-58.3985002253691 -34.60220278179626, -58.399597416301035 -34.602221810528256, -58.39972065319308 -34.602221381840096)"
6319,DEL LIBERTADOR AV.,Ciclovías,2,Recoleta,129.76,"LINESTRING (-58.383847460509166 -34.58767797198763, -58.385028782426694 -34.58703485096942)"
18265,FINOCHIETTO ENRIQUE DR.,Ciclovías,4,Barracas,68.13,"LINESTRING (-58.382552788397504 -34.63318245381337, -58.383136032611276 -34.63356284223342)"
8361,CORRIENTES AV.,Ciclovías mano única,15,Villa Crespo,129.37,"LINESTRING (-58.44165347296987 -34.59722200456786, -58.44259166170722 -34.59635137875842)"
10319,SARMIENTO,Ciclovías,1,San Nicolas,131.25,"LINESTRING (-58.376583376081555 -34.60465646355559, -58.37785743224291 -34.604732856435575, -58.37801038581062 -34.604743456557394)"
15142,"SASTRE, MARCOS",Ciclovías,10,Monte Castro,132.13,"LINESTRING (-58.516905961388225 -34.62184389893265, -58.517890270279814 -34.62271368387648)"
12659,BOLIVAR,Ciclovías,1,Monserrat,129.52,"LINESTRING (-58.37332019332151 -34.6125536455121, -58.37325978088599 -34.61359924828897, -58.373252836347305 -34.61371987851734)"
15936,CONSTITUCION,Ciclovías,3,San Cristobal,106.37,"LINESTRING (-58.39345266400909 -34.62535811506814, -58.39363836600385 -34.62537420735483, -58.39460434683463 -34.62547179852175)"
5136,DEL LIBERTADOR AV.,Ciclovías,14,Palermo,12.04,"LINESTRING (-58.40153456772427 -34.58204535805431, -58.40165686701603 -34.58200591211915)"
16147,"CEVALLOS, VIRREY",Ciclovías,1,Constitucion,140.47,"LINESTRING (-58.38839238107418 -34.624937924803284, -58.388310994425055 -34.62620239578601)"
2474,STORNI ALFONSINA,Ciclovías,12,Saavedra,58.43,"LINESTRING (-58.502911765987754 -34.56475329977518, -58.5030215907655 -34.56423445021257)"
28857,COMPLEJO CIUDAD UNIVERSITARIA (SIN NOMBRE OFICIAL),Ciclovías,13,Belgrano,53.34,"LINESTRING (-58.441033947330084 -34.54379083009515, -58.441113964600966 -34.54361696578431, -58.44121330141284 -34.54347638484039, -58.44133248384597 -34.543388760237654)"
12567,SANCHEZ DE LORIA,Ciclovías,3,Balvanera,93.78,"LINESTRING (-58.41343773198023 -34.612613539540824, -58.41331638028424 -34.612853845196774, -58.413118685324505 -34.61341553204709)"
10438,"GARCIA, JUAN AGUSTIN",Ciclovías,11,Villa Gral. Mitre,140.26,"LINESTRING (-58.4710815098549 -34.60470414366851, -58.47123712086654 -34.60477082477076, -58.47243849408413 -34.60528687506274)"
4228,CERETTI,Ciclovías,12,Villa Urquiza,101.12,"LINESTRING (-58.493830377123004 -34.57723797028035, -58.49434233986924 -34.57659404849123, -58.4944365469932 -34.57647669827988)"
28965,DEL LIBERTADOR AV.,Ciclovías,13,Belgrano,92.36,"LINESTRING (-58.44241093565518 -34.56196763337045, -58.44337110351045 -34.56171831652794)"
17653,DOBLAS,Ciclovías,7,Parque Chacabuco,85.12,"LINESTRING (-58.42871383962106 -34.63083397297742, -58.428497214915005 -34.631580116257666)"
15168,COCHABAMBA,Ciclovías,1,San Telmo,130.48,"LINESTRING (-58.36677499619515 -34.622699399649676, -58.36819145895145 -34.622809597996834)"
576,"UDAONDO, GUILLERMO AV.",Ciclovías,13,Nuñez,129.22,"LINESTRING (-58.45284837712523 -34.547256626440124, -58.45360556906682 -34.54823857738864)"
9820,CORRIENTES AV.,Ciclovías mano única,5,Almagro,142.42,"LINESTRING (-58.424104927026704 -34.60286187193771, -58.42484225675542 -34.602788654754264, -58.425646529667695 -34.602709115667004)"
7531,JUNCAL,Ciclovías,2,Recoleta,26.36,"LINESTRING (-58.39719964470928 -34.592952924749845, -58.39747025295865 -34.59287314013312)"
26540,UNANUE,Ciclovías mano única,8,Villa Lugano,101.58,"LINESTRING (-58.467847306429675 -34.67537226327581, -58.46858213400948 -34.67605772870486)"
920,CUBA,Ciclovías,13,Nuñez,100.48,"LINESTRING (-58.46382481668803 -34.551045050596954, -58.46439235194694 -34.550270521451765)"
15914,CONSTITUCION,Ciclovías,3,San Cristobal,84.01,"LINESTRING (-58.39253955689363 -34.625298503632216, -58.39324532535353 -34.625340038221616, -58.39345266400909 -34.62535811506814)"
28898,"GUIRALDES, INT.",Ciclovías,13,Belgrano,57.07,"LINESTRING (-58.438654727782676 -34.5459668838124, -58.43873994707718 -34.54567102666658, -58.43891679109791 -34.54551999733716)"
13447,CHILE,Ciclovías,1,Monserrat,35.36,"LINESTRING (-58.38118367090443 -34.616468396611054, -58.38156850262328 -34.61648696512735)"
1754,IBERA,Ciclovías,12,Coghlan,93.12,"LINESTRING (-58.4719111400937 -34.55758968784938, -58.47210020553917 -34.557691366799936, -58.47275593794699 -34.558054494956075)"
27768,CHIVILCOY AV.,Ciclovías mano única,11,Villa Devoto,99.69,"LINESTRING (-58.514274741207714 -34.597268514811546, -58.514932334362605 -34.596553097249675)"
13216,"ARTIGAS, JOSE GERVASIO, GRAL.",Ciclovías,11,Villa Gral. Mitre,66.57,"LINESTRING (-58.47072324810973 -34.615751431809365, -58.47112252857801 -34.615250273588856)"
2735,MILLER,Ciclovías,12,Villa Urquiza,123.13,"LINESTRING (-58.484689390627565 -34.56685747445222, -58.48481449632043 -34.56671491426278, -58.485384197777606 -34.56609550370965, -58.48549806900384 -34.56597181847243)"
8897,LOYOLA,Ciclovías,15,Villa Crespo,117.37,"LINESTRING (-58.432212093835126 -34.59949521162763, -58.43299471593525 -34.598658212304855)"
12428,"VALLESE, FELIPE",Ciclovías,6,Caballito,148.64,"LINESTRING (-58.44328087424929 -34.61230222306791, -58.44461957435781 -34.612819836721016, -58.44475014128691 -34.6128675333392)"
19227,LINIERS VIRREY,Ciclovías,5,Boedo,118.52,"LINESTRING (-58.412185496875814 -34.63601885152156, -58.41191229331334 -34.63706311271216)"
7596,JUNCAL,Ciclovías,2,Recoleta,107.55,"LINESTRING (-58.395755449686035 -34.59338531006864, -58.396857486185716 -34.59305457159824)"
12764,RINCON,Ciclovías,3,Balvanera,128.72,"LINESTRING (-58.39615227401739 -34.612975396100545, -58.39613976324014 -34.613914415589676, -58.39613805181527 -34.61413568512822)"
17884,"BONIFACIO, JOSE",Ciclovías,7,Flores,166.18,"LINESTRING (-58.45954373646541 -34.63189122403471, -58.461246732087446 -34.63240352336413)"
748,MONROE,Ciclovías,13,Belgrano,123.78,"LINESTRING (-58.4442788398162 -34.549010564062215, -58.44537512241918 -34.54966039332382)"
12354,CHIVILCOY,Ciclovías,10,Monte Castro,160.86,"LINESTRING (-58.50053109574238 -34.612571075624444, -58.500649259048515 -34.61243019254746, -58.501398250463495 -34.61155642803792, -58.5015422058947 -34.6113863102672)"
11132,CHIVILCOY,Ciclovías,11,Villa Devoto,104.45,"LINESTRING (-58.50447285077405 -34.60807467677514, -58.504597135098955 -34.607937027191454, -58.50503289246497 -34.6074530692378, -58.50515308879743 -34.607319645884886)"
15101,"CEVALLOS, VIRREY",Ciclovías,1,Constitucion,130.35,"LINESTRING (-58.388744837151386 -34.62138619872847, -58.388676364179965 -34.62231891420126, -58.38865417105461 -34.62255876254768)"
19638,TREINTA Y TRES ORIENTALES,Ciclovías,5,Boedo,120.75,"LINESTRING (-58.42032482555532 -34.63744503263429, -58.42024300662569 -34.637656555030816, -58.41992596178708 -34.63848236575691)"
18476,"RODRIGUEZ, MARTIN",Ciclovías,4,La Boca,101.04,"LINESTRING (-58.36187312950283 -34.6334712382419, -58.36143715398138 -34.63417890974078, -58.36137338265839 -34.63428294194341)"
24457,"RODO, JOSE E.",Ciclovías,9,Mataderos,126.93,"LINESTRING (-58.50076490066338 -34.65576072484601, -58.50156049340672 -34.656422312898826, -58.50175639719992 -34.65655830844444)"
1287,11 DE SEPTIEMBRE DE 1888,Ciclovías,13,Belgrano,117.13,"LINESTRING (-58.45504177682624 -34.55408801257673, -58.45577974126046 -34.55322656141141)"
15130,"CALVO, CARLOS",Ciclovías,3,San Cristobal,139.65,"LINESTRING (-58.40910801029191 -34.62240639308032, -58.409222827881486 -34.6224298950126, -58.41059085961378 -34.62269260954073)"
5576,FOREST AV.,Ciclovías mano única,15,Chacarita,143.83,"LINESTRING (-58.4548289050093 -34.584230591727085, -58.45507160489468 -34.58396306825878, -58.455770486598475 -34.583194014828514)"
1590,IBERA,Ciclovías,13,Nuñez,105.96,"LINESTRING (-58.46892650171036 -34.55595383886482, -58.46988065169754 -34.55649154988666)"
825,PINTO,Ciclovías,12,Saavedra,65.6,"LINESTRING (-58.477247519584665 -34.549981191579725, -58.477629826134454 -34.54948156811162)"
10463,ECUADOR,Ciclovías,3,Balvanera,127.33,"LINESTRING (-58.408228978687816 -34.6053519732108, -58.407868900845266 -34.604422359986486, -58.407814673083486 -34.604256699106244)"
29087,SARMIENTO AV.,Ciclovías,14,Palermo,242.49,"LINESTRING (-58.409458451651155 -34.56900889159826, -58.4086206265595 -34.568118396362, -58.40822535869532 -34.56768624277653, -58.4079930867959 -34.56739309864973, -58.407862748355534 -34.567268177780505)"
20623,POLA,Ciclovías,9,Liniers,146.74,"LINESTRING (-58.51190438237393 -34.64098837346542, -58.51072904291224 -34.641886097457444)"
2729,BLANCO ENCALADA,Ciclovías,13,Belgrano,107.57,"LINESTRING (-58.47089804615924 -34.56625177514279, -58.47186603344633 -34.56679862398673)"
31704,SENDERO PEATONAL PUEYRREDON,Ciclovías,2,Recoleta,95.38,"LINESTRING (-58.3917220211727 -34.5847563847413, -58.39184922605835 -34.584610545619334, -58.391912514255054 -34.58452502914206, -58.39188672187151 -34.58444421393318, -58.391813348886814 -34.58437446132173, -58.3916806044211 -34.58428988715792, -58.39152231867086 -34.58420529795583, -58.391446499509925 -34.58411587767203)"
7729,ARENALES,Ciclovías,1,Retiro,143.25,"LINESTRING (-58.38003772578129 -34.5941104691435, -58.38016767547994 -34.59411154422154, -58.381393914534094 -34.59415793644243, -58.38159631748329 -34.59417898850716)"
14276,DEAN FUNES,Ciclovías,3,Balvanera,81.23,"LINESTRING (-58.40647312766752 -34.61870303702261, -58.40638983145502 -34.61943202119383)"
3557,BLANCO ENCALADA,Ciclovías,12,Villa Urquiza,159.93,"LINESTRING (-58.480237128984264 -34.57188975581706, -58.481637804852454 -34.57274766926928)"
15234,CHIVILCOY,Ciclovías,10,Floresta,69.7,"LINESTRING (-58.488584881820465 -34.62302708479402, -58.488919505064054 -34.622762786520035, -58.48913421120165 -34.62259288008279)"
14573,DEAN FUNES,Ciclovías,3,San Cristobal,124.87,"LINESTRING (-58.40638983145502 -34.61943202119383, -58.40636172270974 -34.61967834909882, -58.406256442728704 -34.62041309751501, -58.4062474889332 -34.62055119357611)"
17397,COMBATE DE LOS POZOS,Ciclovías,4,Parque Patricios,129.94,"LINESTRING (-58.3917251847845 -34.629507228695275, -58.39149978538227 -34.63066365744134)"
18003,"BONIFACIO, JOSE",Ciclovías,7,Flores,134.24,"LINESTRING (-58.461246732087446 -34.63240352336413, -58.46252725136643 -34.632788753386606, -58.46262148031275 -34.632819458483965)"
32875,"BAVIO, ERNESTO A.",Ciclovías,13,Nuñez,249.69,"LINESTRING (-58.45284837712523 -34.547256626440124, -58.45311538733131 -34.54719571183563, -58.45517887582556 -34.54611336357831)"
10642,"PERON, JUAN DOMINGO, TTE. GENERAL",Ciclovías mano única,1,San Nicolas,86.27,"LINESTRING (-58.379323873890634 -34.60600854062296, -58.3794404649813 -34.60601622655443, -58.3802625790606 -34.60605608516321)"
28103,DE LOS OMBUES AV.,Ciclovías,14,Palermo,54.61,"LINESTRING (-58.431087645154236 -34.561160610096856, -58.431292789838196 -34.56162271640699)"
799,AMENABAR,Ciclovías,12,Saavedra,119.03,"LINESTRING (-58.47015778608904 -34.55005504694904, -58.47023982686416 -34.5499477862409, -58.470848317254244 -34.54914681553315)"
6076,DEL LIBERTADOR AV.,Ciclovías,2,Recoleta,164.88,"LINESTRING (-58.38584929025768 -34.58658825398644, -58.38744385423386 -34.585902905469524)"
3509,DEL LIBERTADOR AV.,Ciclovías,14,Palermo,124.87,"LINESTRING (-58.420550492861885 -34.572364088524864, -58.42174360958081 -34.5718228699623)"
21311,QUILMES,Ciclovías,4,Nueva Pompeya,132.17,"LINESTRING (-58.417646559844336 -34.64303615096719, -58.417372053039905 -34.644053591506704, -58.41737094839833 -34.64420253596791)"
10946,CHIVILCOY,Ciclovías,11,Villa Devoto,104.55,"LINESTRING (-58.50515308879743 -34.607319645884886, -58.505792078651126 -34.60653927300802)"
10719,"PERON, JUAN DOMINGO, TTE. GENERAL",Ciclovías mano única,1,San Nicolas,84.95,"LINESTRING (-58.38545676357869 -34.60637775357027, -58.38638022085158 -34.60643608654132)"
7964,SERRANO,Ciclovías,15,Villa Crespo,116.34,"LINESTRING (-58.44104853029583 -34.59544834602274, -58.440021160704774 -34.59483349643978)"
18044,CABOTO,Ciclovías,4,La Boca,100.5,"LINESTRING (-58.35589431673006 -34.63207103607547, -58.355406618738265 -34.63288237396266)"
9535,BOUCHARD,Ciclovías,1,San Nicolas,144.32,"LINESTRING (-58.36915862826443 -34.60180570815767, -58.36929334539496 -34.60068635876265, -58.36931994335795 -34.6005117287493)"
15089,MENDEZ DE ANDES,Ciclovías,7,Flores,60.85,"LINESTRING (-58.46509276830886 -34.62225897881022, -58.465678694765096 -34.622516295787484)"
11392,MONTEVIDEO,Ciclovías,1,San Nicolas,140.36,"LINESTRING (-58.38917566322734 -34.60907785375123, -58.38927081602548 -34.60781507711878)"
7938,GORRITI,Ciclovías,14,Palermo,79.47,"LINESTRING (-58.42301221568521 -34.595300200782845, -58.42363786537834 -34.594804763864644)"
16514,GRANADEROS,Ciclovías,7,Flores,138.1,"LINESTRING (-58.45885438145087 -34.62754770389569, -58.45937248586188 -34.62655433037994, -58.45945044329066 -34.62640454245742)"
20820,"RODO, JOSE E.",Ciclovías,9,Parque Avellaneda,127.16,"LINESTRING (-58.48323634215467 -34.64226629954575, -58.484580738771285 -34.64254783532808)"
5714,"NEWBERY, JORGE AV.",Ciclovías,15,Chacarita,121.35,"LINESTRING (-58.44921733911666 -34.583829784262846, -58.44955469240659 -34.584887517945035)"
10747,CHIVILCOY AV.,Ciclovías mano única,11,Villa Devoto,151.69,"LINESTRING (-58.505792078651126 -34.60653927300802, -58.5059455948155 -34.60644881852781, -58.506813586625796 -34.60547280981608)"
646,"PEDRAZA, MANUELA",Ciclovías,13,Nuñez,72.41,"LINESTRING (-58.46064228894143 -34.548394818776266, -58.46131735087943 -34.548732621061234)"
8382,"ALVAREZ, JULIAN",Ciclovías,15,Villa Crespo,123.69,"LINESTRING (-58.43083781097973 -34.59727686105473, -58.430218756299276 -34.59687943493157, -58.429772624979876 -34.596593322670365)"
7295,"DIAZ, CNEL. AV.",Ciclovías,14,Palermo,11.44,"LINESTRING (-58.412465486326106 -34.591834656693905, -58.41239341024797 -34.591750470308284)"
17108,RIGLOS,Ciclovías,7,Parque Chacabuco,149.55,"LINESTRING (-58.435648802329275 -34.628286560256086, -58.43534592084679 -34.629611153326636)"
21109,"RODO, JOSE E.",Ciclovías,9,Parque Avellaneda,92.3,"LINESTRING (-58.485709346095675 -34.64295812960045, -58.486405837282504 -34.64355884973845)"
15774,VALLE,Ciclovías,6,Caballito,84.55,"LINESTRING (-58.43834810773423 -34.62476484953315, -58.43926310643043 -34.62485820334778)"
14674,DOBLAS,Ciclovías,6,Caballito,121.95,"LINESTRING (-58.43131032071288 -34.61984688118798, -58.4311256252006 -34.62076747760053, -58.431092765326504 -34.620931344144616)"
725,DEL LIBERTADOR AV.,Ciclovías,13,Belgrano,17.68,"LINESTRING (-58.454024018612806 -34.54951938146963, -58.45415859510474 -34.54940530438796)"
5224,GORRITI,Ciclovías,14,Palermo,129.55,"LINESTRING (-58.44033025792441 -34.58257010236521, -58.44137734483559 -34.581786759342485)"
1786,IBERA,Ciclovías,12,Coghlan,67.41,"LINESTRING (-58.47275593794699 -34.558054494956075, -58.47336638795709 -34.55839241147772)"
934,AMENABAR,Ciclovías,13,Nuñez,144.35,"LINESTRING (-58.469317451841526 -34.55115490604322, -58.47015778608904 -34.55005504694904)"
1321,CONGRESO,Ciclovías,13,Nuñez,101.87,"LINESTRING (-58.45947302349168 -34.5538763255725, -58.46041049248593 -34.554367841591116)"
17782,"BLANES, JUAN MANUEL",Ciclovías,4,La Boca,128.17,"LINESTRING (-58.36244648243932 -34.63107887762746, -58.36330667394772 -34.63198952036399)"
21173,PRIMERA JUNTA,Ciclovías,7,Flores,124.3,"LINESTRING (-58.46358962315662 -34.64302455491108, -58.464661985298285 -34.643710046365015)"
12759,TACUARI,Ciclovías,1,Monserrat,128.23,"LINESTRING (-58.379021578846455 -34.612944201180596, -58.37901730889154 -34.61312370760951, -58.37898582839735 -34.61409968438286)"
11547,FRAGATA PRES. SARMIENTO,Ciclovías,6,Caballito,97.21,"LINESTRING (-58.456353925951944 -34.60969370236871, -58.45688734745262 -34.6089364674384)"
6806,SERRANO,Ciclovías,14,Palermo,59.05,"LINESTRING (-58.431714943659074 -34.58971893783995, -58.43120968026304 -34.589389222885096)"
8555,ECUADOR,Ciclovías,2,Recoleta,97.18,"LINESTRING (-58.40558907777432 -34.59804036110832, -58.40549366539921 -34.597838059247586, -58.40518051917426 -34.597232196719965)"
7071,SERRANO,Ciclovías,14,Palermo,147.67,"LINESTRING (-58.433434656852434 -34.59084129140911, -58.43217108881046 -34.59001666578797)"
8327,CORDOBA AV.,Ciclovías mano única,14,Palermo,142.03,"LINESTRING (-58.424844981666965 -34.59706138383529, -58.42602603365068 -34.596613574130856, -58.426242133073345 -34.596511384787114)"
11707,"JAURETCHE, ARTURO",Ciclovías,6,Caballito,146.23,"LINESTRING (-58.434278544430825 -34.60969967391037, -58.43570008127743 -34.61029635006454)"
460,"FIGUEROA ALCORTA, PRES. AV.",Ciclovías,13,Belgrano,68.08,"LINESTRING (-58.448045547643574 -34.54689935166837, -58.448775219576724 -34.54678950839523)"
16893,"GONZALEZ, ELPIDIO",Ciclovías,10,Villa Luro,64.13,"LINESTRING (-58.510167555035174 -34.62845681898337, -58.51064002604452 -34.62888297911816)"
730,VILELA,Ciclovías,12,Saavedra,102.53,"LINESTRING (-58.48045305899974 -34.549204789087575, -58.48067104314838 -34.549252858011855, -58.48101474839409 -34.54934309247781, -58.48134135273532 -34.54946156861339, -58.4814923591273 -34.549533378907654)"
8954,CORDOBA AV.,Ciclovías mano única,2,Recoleta,125.64,"LINESTRING (-58.39581957461181 -34.599702699343275, -58.39718882603845 -34.59972957604712)"
16568,LINIERS VIRREY,Ciclovías,5,Boedo,113.75,"LINESTRING (-58.41344057319946 -34.626664838579025, -58.41336251573285 -34.62755418257945, -58.413350168078075 -34.62768748883079)"
17195,MORON,Ciclovías,10,Velez Sarsfield,114.49,"LINESTRING (-58.491406532057496 -34.62948097606581, -58.492481959231945 -34.63000523611581)"
9260,TUCUMAN,Ciclovías,3,Balvanera,158.42,"LINESTRING (-58.40918112469975 -34.600843458913246, -58.41086513144157 -34.600527076668484)"
14358,TACUARI,Ciclovías,1,Constitucion,134.16,"LINESTRING (-58.3787315983354 -34.61852209879027, -58.378698512840636 -34.61973117487587)"
13706,EL MAESTRO,Ciclovías,6,Caballito,160.21,"LINESTRING (-58.43136076109891 -34.61603804383375, -58.43090830053474 -34.61729899694923, -58.43087324173218 -34.61742462302518)"
7020,GORRITI,Ciclovías,14,Palermo,123.75,"LINESTRING (-58.42918717090893 -34.590688344452104, -58.43025247775376 -34.59000404842814)"
14370,"CALVO, CARLOS",Ciclovías,1,Constitucion,42.02,"LINESTRING (-58.38016050994439 -34.61976105361585, -58.38034791716927 -34.619760476961936, -58.380445283111655 -34.61975990992514, -58.380618636157685 -34.6197589001646)"
7956,"URIBURU JOSE E., PRES.",Ciclovías,2,Recoleta,112.65,"LINESTRING (-58.39852476329968 -34.59538853412721, -58.39812594282215 -34.59442809498876)"
27408,"ROCA, CNEL. AV.",Ciclovías,8,Villa Riachuelo,203.73,"LINESTRING (-58.46833728576461 -34.69664473775338, -58.46957292559369 -34.69777580662236, -58.46982686222319 -34.69800818751293)"
10081,CORRIENTES AV.,Ciclovías mano única,1,San Nicolas,138.48,"LINESTRING (-58.38220928185864 -34.60373898087009, -58.38371514660011 -34.60382736801033)"
27037,"BARROS PAZOS, JOSE",Ciclovías mano única,8,Villa Riachuelo,103.16,"LINESTRING (-58.47615372561552 -34.68442521292695, -58.47691427717077 -34.685110765219356)"
8787,"OROÑO, NICASIO",Ciclovías,15,Paternal,122.71,"LINESTRING (-58.460013530444186 -34.59906024743637, -58.45997538194308 -34.59893848392592, -58.459695314044055 -34.59812339267822, -58.45965180146242 -34.59799536118406)"
17852,"HUGO, VICTOR",Ciclovías,10,Villa Luro,127.88,"LINESTRING (-58.507102003892406 -34.63230074494833, -58.508133245157545 -34.631524798971064)"
23105,PATRON,Ciclovías,9,Liniers,67.18,"LINESTRING (-58.517771224458386 -34.65015448749278, -58.51826662359447 -34.650600747224395)"
3665,DEL LIBERTADOR AV.,Ciclovías,14,Palermo,131.22,"LINESTRING (-58.41795165995246 -34.573537962811685, -58.41817571432223 -34.5734322691019, -58.419206888571416 -34.572971510028445)"
3905,CASARES AV.,Ciclovías,14,Palermo,32.74,"LINESTRING (-58.408217928027604 -34.575254203491305, -58.40799842233405 -34.57502156449624)"
16107,PAVON,Ciclovías,1,Constitucion,136.47,"LINESTRING (-58.38288007606658 -34.62598935637277, -58.384366262685745 -34.62605187711664)"
9523,CUCHA CUCHA,Ciclovías,15,Paternal,157.39,"LINESTRING (-58.45753311807632 -34.601794000556474, -58.45919473435534 -34.6014405412447)"
15224,GRANADEROS,Ciclovías,7,Flores,141.25,"LINESTRING (-58.46120241015504 -34.623005954609226, -58.46180028197454 -34.62183256923288)"
1656,"GOLFARINI, JUAN ANGEL, DR.",Ciclovías,13,Belgrano,127.07,"LINESTRING (-58.453078595579406 -34.55705511496681, -58.45388700842424 -34.556125229281086)"
12540,"GARCIA, JUAN AGUSTIN",Ciclovías,11,Villa Santa Rita,55.93,"LINESTRING (-58.4872967827745 -34.61307447366289, -58.48780776152865 -34.61334965744865)"
497,CUBA,Ciclovías,13,Nuñez,45.47,"LINESTRING (-58.46649311124536 -34.547405134172465, -58.466750813139086 -34.5470550482499)"
6827,"MANSILLA, LUCIO NORBERTO, GENERAL",Ciclovías,14,Palermo,33.38,"LINESTRING (-58.41648616278501 -34.58972894775912, -58.41667468568027 -34.58967891306969, -58.41681438554538 -34.58960501489865)"
17706,ESTRADA,Ciclovías,7,Parque Chacabuco,111.54,"LINESTRING (-58.43366075110964 -34.6315666914274, -58.43485779236291 -34.63174507686224)"
3508,ZAPATA,Ciclovías,13,Colegiales,63.91,"LINESTRING (-58.44279368220442 -34.57235611920113, -58.44333983311547 -34.571998596901786)"
9072,SUIPACHA,Ciclovías,1,San Nicolas,128.97,"LINESTRING (-58.379671129739116 -34.60013172111891, -58.37973435717194 -34.59916125669856, -58.37974595980267 -34.59897083919045)"
2632,SUPERI,Ciclovías,13,Belgrano,126.06,"LINESTRING (-58.46816007144148 -34.56599662776583, -58.468962274174025 -34.56507417924239)"
33121,"OBLIGADO RAFAEL, AV.COSTANERA",Ciclovías,14,Palermo,168.96,"LINESTRING (-58.40750729573488 -34.56057812395818, -58.4075840850237 -34.560421224135574, -58.408609926346195 -34.55936655116247)"
12264,AZOPARDO,Ciclovías,1,Monserrat,52.94,"LINESTRING (-58.3680231621488 -34.61174630343167, -58.367989283469676 -34.61202550597878, -58.3679668285966 -34.612221195215206)"
28876,COMPLEJO CIUDAD UNIVERSITARIA (SIN NOMBRE OFICIAL),Ciclovías,13,Belgrano,54.41,"LINESTRING (-58.44897043573297 -34.539162795406604, -58.44912050194712 -34.5390368215607, -58.44925951357292 -34.53903866358429, -58.4494117392677 -34.5391920617803)"
10938,POTOSI,Ciclovías,5,Almagro,119.04,"LINESTRING (-58.41866690779988 -34.60728612490446, -58.41996459491787 -34.60727715596508)"
3582,DEL LIBERTADOR AV.,Ciclovías,14,Palermo,85.47,"LINESTRING (-58.419206888571416 -34.572971510028445, -58.41950246875528 -34.57283943071151, -58.42002456626653 -34.57260264036872)"
2722,DEL LIBERTADOR AV.,Ciclovías,14,Palermo,115.12,"LINESTRING (-58.43122892541139 -34.56677611977437, -58.43224722995798 -34.5661701027001)"
1997,TRONADOR,Ciclovías,12,Coghlan,9.4,"LINESTRING (-58.48099387003406 -34.5604794780342, -58.48104561012322 -34.56040629989661)"
3194,MOLDES,Ciclovías,13,Colegiales,93.85,"LINESTRING (-58.45208143587186 -34.57013277397895, -58.45291998307512 -34.56964847203259)"
3948,LA PAMPA,Ciclovías,12,Villa Urquiza,104.71,"LINESTRING (-58.471806088534215 -34.575032809767514, -58.47195858190039 -34.57511977258602, -58.47274259582742 -34.57557204726758)"
7609,SERRANO,Ciclovías,15,Villa Crespo,125.05,"LINESTRING (-58.43781201824601 -34.5935114135224, -58.43670772866236 -34.59285060350887)"
20586,DON PEDRO DE MENDOZA AV.,Ciclovías,4,La Boca,150.71,"LINESTRING (-58.36020821775705 -34.641285897125854, -58.359653016867036 -34.641425126070914, -58.359144944024564 -34.64156302891141, -58.35865425953127 -34.64172577438418)"
8305,"ALVEAR, MARCELO T. DE",Ciclovías,1,Retiro,135.55,"LINESTRING (-58.38417779225646 -34.59690171889556, -58.38544511036995 -34.59696105609658, -58.38565298071054 -34.59697076616019)"
33053,OLLEROS AV.,Ciclovías,14,Palermo,31.9,"LINESTRING (-58.43628977317185 -34.56342647564485, -58.436309159919944 -34.56350677842675, -58.43640910943142 -34.563695071770404)"
11064,ESTIVAO,Ciclovías,6,Caballito,79.04,"LINESTRING (-58.43158549542277 -34.60745636637631, -58.4323552490327 -34.607776639016095)"
9103,CORRIENTES AV.,Ciclovías mano única,15,Villa Crespo,115.26,"LINESTRING (-58.43760172735821 -34.60026380159824, -58.43876630249772 -34.599873894411886)"
17328,TACUARI,Ciclovías,4,Barracas,68.65,"LINESTRING (-58.374793905809994 -34.6299125309228, -58.374648812830316 -34.63007792019628, -58.374337247348194 -34.630402767066045)"
231,DEL LIBERTADOR AV.,Ciclovías,13,Nuñez,95.05,"LINESTRING (-58.46129513504072 -34.54332766496807, -58.46198400057933 -34.54268794006678)"
28879,COMPLEJO CIUDAD UNIVERSITARIA (SIN NOMBRE OFICIAL),Ciclovías,13,Belgrano,44.1,"LINESTRING (-58.44967867710238 -34.5395225909146, -58.4494117392677 -34.5391920617803)"
28886,COMPLEJO PARQUE DE LOS NIÑOS (SIN NOMBRE OFICIAL),Ciclovías,13,Nuñez,81.04,"LINESTRING (-58.454521148669066 -34.53071837367023, -58.455052673434366 -34.53013514486084)"
6080,ROSETI,Ciclovías,15,Chacarita,211.78,"LINESTRING (-58.44540320789139 -34.586624405213804, -58.44746453700283 -34.58576537900431)"
11226,BOLIVAR,Ciclovías,1,Monserrat,54.12,"LINESTRING (-58.37351765547804 -34.60802429359989, -58.37351468452312 -34.60817316670409, -58.37350810209254 -34.60851203975447)"
16796,"BLANES, JUAN MANUEL",Ciclovías,4,La Boca,14.99,"LINESTRING (-58.35984295086937 -34.628441596146445, -58.359943091437 -34.62854837227924)"
14133,"DIAZ, CESAR, GRAL.",Ciclovías,11,Villa Santa Rita,134.04,"LINESTRING (-58.48585988802639 -34.61801453016476, -58.48685848306982 -34.61889674678582)"
13681,CHILE,Ciclovías,3,Balvanera,144.77,"LINESTRING (-58.39605619670719 -34.61719645362678, -58.39627978542093 -34.61721467548306, -58.39762685523455 -34.61732576158167)"
19547,USPALLATA,Ciclovías,4,Parque Patricios,133.96,"LINESTRING (-58.39657855418673 -34.637924217079785, -58.397621468827275 -34.638108939768934, -58.39800644836189 -34.6381798513462)"
17579,"CEVALLOS, VIRREY",Ciclovías,1,Constitucion,134.12,"LINESTRING (-58.38794471120346 -34.63011587351005, -58.38793063254929 -34.630233753345635, -58.38783010467973 -34.631171376786774, -58.3878080749693 -34.63131953366284)"
9986,CORRIENTES AV.,Ciclovías mano única,5,Almagro,136.63,"LINESTRING (-58.41803393618888 -34.6034683009398, -58.419512449510705 -34.60331947206896)"
21378,"HORNOS, GRAL.",Ciclovías,4,Barracas,47.53,"LINESTRING (-58.37524162805144 -34.644000447051376, -58.37517042695511 -34.64429032747067, -58.375140380410514 -34.64442058846144)"
9281,GURRUCHAGA,Ciclovías,15,Villa Crespo,51.24,"LINESTRING (-58.44615088121369 -34.60089953775511, -58.445753737126225 -34.600574687553966)"
12167,"VALLESE, FELIPE",Ciclovías,6,Caballito,101.6,"LINESTRING (-58.44113547846408 -34.61147747478822, -58.4421405405283 -34.61186242574596)"
7018,ESTADO PLURINACIONAL DE BOLIVIA,Ciclovías,15,Agronomia,95.4,"LINESTRING (-58.49290683798712 -34.590681844643285, -58.49352941349478 -34.58999301826909)"
9750,"GALLARDO, ANGEL AV.",Ciclovías mano única,15,Villa Crespo,104.1,"LINESTRING (-58.43220014722129 -34.60207186790503, -58.43224228195073 -34.60213321759463, -58.43314344211265 -34.60257802782761)"
17016,"GONZALEZ, ELPIDIO",Ciclovías,10,Villa Luro,63.31,"LINESTRING (-58.51064002604452 -34.62888297911816, -58.51110644995883 -34.629303717168376)"
8539,"OROÑO, NICASIO",Ciclovías,15,Paternal,150.05,"LINESTRING (-58.45965180146242 -34.59799536118406, -58.459208764047936 -34.596693354485666)"
1995,"PEDRAZA, MANUELA",Ciclovías,12,Coghlan,112.17,"LINESTRING (-58.48145152827041 -34.55983157962781, -58.48159148828309 -34.55990740548888, -58.48247543808477 -34.5603836888312)"
22672,POLA,Ciclovías,9,Mataderos,72.5,"LINESTRING (-58.502307301586605 -34.648427655534384, -58.50173759837523 -34.648880938405846)"
18024,PUAN,Ciclovías,7,Parque Chacabuco,101.14,"LINESTRING (-58.445102599560514 -34.63202506661944, -58.44472847701967 -34.63288269501646)"
22824,PATRON,Ciclovías,9,Liniers,96.02,"LINESTRING (-58.5163878917514 -34.64891621538901, -58.517098566705826 -34.649551964890186)"
24284,"RODO, JOSE E.",Ciclovías,9,Mataderos,127.23,"LINESTRING (-58.499786625380054 -34.654947213523144, -58.50076490066338 -34.65576072484601)"
2017,ECHEVERRIA,Ciclovías,13,Belgrano,100.4,"LINESTRING (-58.451262165544925 -34.56025304905941, -58.452150961632306 -34.560780750730935)"
9951,"URIBURU JOSE E., PRES.",Ciclovías,3,Balvanera,122.7,"LINESTRING (-58.39837332142515 -34.60330385746793, -58.39848915995198 -34.60230432673337, -58.3985002253691 -34.60220278179626)"
12697,"VALLESE, FELIPE",Ciclovías,6,Caballito,100.59,"LINESTRING (-58.44645680868792 -34.61349116950857, -58.4465906142632 -34.6135400617982, -58.44744139586257 -34.61389032085099)"
7830,ARENALES,Ciclovías,2,Recoleta,92.98,"LINESTRING (-58.38920138529037 -34.59469462630023, -58.389740482826184 -34.594360017469846, -58.390063566301336 -34.59427373152243)"
27112,"BARROS PAZOS, JOSE",Ciclovías mano única,8,Villa Riachuelo,103.58,"LINESTRING (-58.477675438202034 -34.68579729853184, -58.47843755013593 -34.686486855066256)"
14132,"CEVALLOS, VIRREY",Ciclovías,1,Constitucion,97.23,"LINESTRING (-58.38896772598239 -34.61799615320831, -58.388917027762695 -34.618871555531285)"
12498,"SASTRE, MARCOS",Ciclovías,10,Monte Castro,97.97,"LINESTRING (-58.50368722335715 -34.612663805292065, -58.50391087917145 -34.6127964088772, -58.50440028169771 -34.61308357275864, -58.504558246988665 -34.6131749291058)"
13419,RIVADAVIA AV.,Ciclovías,6,Caballito,60.01,"LINESTRING (-58.43163610516542 -34.61616001858402, -58.43221277169429 -34.61641566312665)"
6340,AZCUENAGA,Ciclovías,2,Recoleta,124.29,"LINESTRING (-58.395188822225904 -34.587733984383085, -58.39506249712185 -34.587580037908914, -58.394410607144586 -34.58681691191924)"
13336,BOLIVAR,Ciclovías,1,Monserrat,130.46,"LINESTRING (-58.37318772713301 -34.61485371814368, -58.37318182379492 -34.6149565319853, -58.373131600741104 -34.61602876185832)"
21054,PEDERNERA,Ciclovías,7,Flores,87.62,"LINESTRING (-58.45300408506369 -34.642875598250406, -58.452314164942734 -34.64342216237759)"
13741,"VERA PEÑALOZA,  ROSARIO",Ciclovías,1,Puerto Madero,17.68,"LINESTRING (-58.36194346292894 -34.61741756013066, -58.361845157793745 -34.6173971551835, -58.36175384621074 -34.61740143418883)"
18750,"BONIFACIO, JOSE",Ciclovías,7,Flores,116.08,"LINESTRING (-58.469484523985365 -34.63493059221664, -58.46963320209684 -34.63497600756664, -58.47066952340501 -34.63529876940181)"
15470,"GONZALEZ, ELPIDIO",Ciclovías,10,Monte Castro,87.79,"LINESTRING (-58.504455240500114 -34.623304104109486, -58.50513259917134 -34.62386324636737)"
15879,PASEO COLON AV.,Ciclovías,1,San Telmo,124.89,"LINESTRING (-58.36806351396048 -34.62407085031998, -58.36797904194132 -34.62500811860433, -58.36797542172831 -34.625194033298094)"
25485,"RABANAL, FRANCISCO, INTENDENTE AV.",Ciclovías,8,Villa Soldati,137.6,"LINESTRING (-58.43180802943069 -34.66206864742911, -58.432850245313766 -34.662641379949925, -58.433082039769644 -34.66271763519678)"
14497,"CALVO, CARLOS",Ciclovías,1,Constitucion,131.16,"LINESTRING (-58.39019964104555 -34.62013607846822, -58.39041148515484 -34.62014930397742, -58.3913130389996 -34.62020350193888, -58.39162590750209 -34.62022340471038)"
8860,"ALVAREZ, JULIAN",Ciclovías,15,Villa Crespo,125.0,"LINESTRING (-58.43407349407374 -34.59934658483214, -58.43299471593525 -34.598658212304855)"
6570,"ALVAREZ, JULIAN",Ciclovías,14,Palermo,95.59,"LINESTRING (-58.41791635294106 -34.58868647018103, -58.41706918675313 -34.588184805476075)"
14625,"GONZALEZ, ELPIDIO",Ciclovías,10,Monte Castro,52.45,"LINESTRING (-58.49927406727746 -34.620518385091394, -58.49975215737392 -34.620777894189324)"
10312,TRES ARROYOS,Ciclovías,15,Villa Crespo,112.84,"LINESTRING (-58.451585012285705 -34.60415304659565, -58.452569316333076 -34.60476307574261)"
7974,GORRITI,Ciclovías,14,Palermo,114.51,"LINESTRING (-58.418534247038004 -34.59547061483575, -58.41978110023325 -34.59542317777067)"
11377,BOLIVAR,Ciclovías,1,Monserrat,57.2,"LINESTRING (-58.37350810209254 -34.60851203975447, -58.373499898983376 -34.608932180307306, -58.373502862579066 -34.60902753590106)"
7823,ARENALES,Ciclovías,1,Retiro,135.18,"LINESTRING (-58.385823665490726 -34.59456330110494, -58.385916311371815 -34.594571106494115, -58.38714331419417 -34.59463138641631, -58.3872937790394 -34.59464394521585)"
4848,FOREST AV.,Ciclovías mano única,15,Chacarita,140.25,"LINESTRING (-58.45798345627967 -34.58075577626799, -58.45890256524849 -34.57974565300049)"
9771,"GALLARDO, ANGEL AV.",Ciclovías mano única,15,Villa Crespo,20.54,"LINESTRING (-58.43314344211265 -34.60257802782761, -58.43333571585996 -34.602672865357576)"
18678,FINOCHIETTO ENRIQUE DR.,Ciclovías mano única,4,Barracas,138.76,"LINESTRING (-58.38644220922422 -34.63463737510257, -58.387883192797204 -34.63501933459767)"
8372,"ALVEAR, MARCELO T. DE",Ciclovías,2,Recoleta,127.06,"LINESTRING (-58.39180969496683 -34.59721840554081, -58.393194670908876 -34.5972313923786)"
17482,USPALLATA,Ciclovías,4,Barracas,100.63,"LINESTRING (-58.37277798875318 -34.630252040849186, -58.373463304881774 -34.63096051240419)"
16582,TREINTA Y TRES ORIENTALES,Ciclovías,5,Boedo,72.47,"LINESTRING (-58.42267976496526 -34.62710108692338, -58.42252883120438 -34.62774231118771)"
11241,PATRICIAS ARGENTINAS AV.,Ciclovías,6,Caballito,48.53,"LINESTRING (-58.43340016808776 -34.607978926793955, -58.433375212843295 -34.6079538677889, -58.43330837900976 -34.60787927285476, -58.43319625583814 -34.60774262358123, -58.433165778528895 -34.60770254506491, -58.43310738174675 -34.60761527586424)"
24770,"RABANAL, FRANCISCO, INTENDENTE AV.",Ciclovías,4,Nueva Pompeya,123.34,"LINESTRING (-58.42331700866572 -34.65744456286735, -58.42434764323873 -34.6579354128298, -58.4244820961712 -34.65800059693919)"
13630,BOLIVAR,Ciclovías,1,San Telmo,125.22,"LINESTRING (-58.373131600741104 -34.61602876185832, -58.37312750265146 -34.61611622470772, -58.37308676751853 -34.61715691168568)"
14318,BOLIVAR,Ciclovías,1,San Telmo,122.33,"LINESTRING (-58.37302321259245 -34.618502726117484, -58.37300894424242 -34.61862081557201, -58.37295315837116 -34.61947684085155, -58.37294194739159 -34.619603242501185)"
17092,LINIERS VIRREY,Ciclovías,5,Boedo,87.44,"LINESTRING (-58.41325318332098 -34.628739220960135, -58.41318072176602 -34.629525115039755)"
19142,USPALLATA,Ciclovías,4,Parque Patricios,98.01,"LINESTRING (-58.390167301007246 -34.636510176148754, -58.3904961999188 -34.636585584885985, -58.39119633409578 -34.636749030484275)"
70,DEL LIBERTADOR AV.,Ciclovías,13,Nuñez,101.94,"LINESTRING (-58.46433026092702 -34.5398812522829, -58.46483601552283 -34.53906312749244)"
12337,"ALSINA, ADOLFO",Ciclovías,3,Balvanera,126.38,"LINESTRING (-58.40556984413318 -34.61242056063531, -58.40694412486228 -34.61250338738946)"
18603,"HORNOS, GRAL.",Ciclovías,4,Barracas,153.46,"LINESTRING (-58.377458589304716 -34.633354539959605, -58.3773911395852 -34.633575621359874, -58.3771838968887 -34.63452006168027, -58.37713726475054 -34.63471172069617)"
27635,"RIVADAVIA MARTIN, COMODORO",Ciclovías,13,Nuñez,100.97,"LINESTRING (-58.46649311124536 -34.547405134172465, -58.46694122439768 -34.547629812541054, -58.46722017554357 -34.547776349168124, -58.46743713729533 -34.5478715964296)"
26550,"ROCA, CNEL. AV.",Ciclovías,8,Villa Soldati,234.68,"LINESTRING (-58.44690015531882 -34.674552862040635, -58.447501511467344 -34.67554871925175, -58.44805456821472 -34.676441045874505)"
8187,"ACUÑA DE FIGUEROA, FRANCISCO",Ciclovías,14,Palermo,119.87,"LINESTRING (-58.42151692306705 -34.59643112466026, -58.42130200202617 -34.595365329462496)"
19941,CULPINA,Ciclovías,7,Flores,159.3,"LINESTRING (-58.462145738679965 -34.638592750134386, -58.46084907421893 -34.63954851432231)"
12378,"ALSINA, ADOLFO",Ciclovías,3,Balvanera,124.86,"LINESTRING (-58.40871574582447 -34.612610180217565, -58.41007350897793 -34.61269204882488)"
15219,SAN JUAN AV.,Ciclovías,3,San Cristobal,38.73,"LINESTRING (-58.39494684071011 -34.62294506094691, -58.39536773199197 -34.622973465403156)"
18029,"BILBAO, FRANCISCO",Ciclovías,7,Flores,110.23,"LINESTRING (-58.45387080357134 -34.63253317749527, -58.454993165577925 -34.632889107782574)"
9099,TUCUMAN,Ciclovías,5,Almagro,136.37,"LINESTRING (-58.412281432475034 -34.60024288396286, -58.41343785632671 -34.60000927388917, -58.41372141148655 -34.599938754538286)"
16226,RIGLOS,Ciclovías,6,Caballito,60.68,"LINESTRING (-58.436200410953646 -34.62598926433341, -58.43605234471473 -34.62652233590094)"
10174,ECUADOR,Ciclovías,3,Balvanera,141.91,"LINESTRING (-58.407814673083486 -34.604256699106244, -58.407410351275196 -34.603021918859056)"
8392,"ALVEAR, MARCELO T. DE",Ciclovías,2,Recoleta,122.42,"LINESTRING (-58.394769197334206 -34.597269047949936, -58.39597114583097 -34.59730168939231, -58.396102979654046 -34.597297747914155)"
13896,"MOREAU DE JUSTO, ALICIA AV.",Ciclovías,1,Puerto Madero,127.58,"LINESTRING (-58.36582684110415 -34.61683198324368, -58.36569979101182 -34.6178510740747, -58.36571924622075 -34.61797561020558)"
27150,"ROCA, CNEL. AV.",Ciclovías,8,Villa Riachuelo,205.44,"LINESTRING (-58.45649897359458 -34.68592964685266, -58.45716508766476 -34.68660292252492, -58.45799327829425 -34.687307891824354)"
4044,LA PAMPA,Ciclovías,12,Villa Urquiza,104.93,"LINESTRING (-58.47274259582742 -34.57557204726758, -58.47288683215824 -34.57565527708965, -58.47354722324519 -34.57603297729074, -58.473684819194986 -34.57610789669959)"
7183,ESTADO PLURINACIONAL DE BOLIVIA,Ciclovías,15,Agronomia,102.29,"LINESTRING (-58.49223939229793 -34.5914203975661, -58.49290683798712 -34.590681844643285)"
6072,GRIVEO,Ciclovías,12,Villa Pueyrredon,75.26,"LINESTRING (-58.506381519564535 -34.586191767898676, -58.507039690370085 -34.586596681800735)"
8611,"URIBURU JOSE E., PRES.",Ciclovías,2,Recoleta,138.17,"LINESTRING (-58.39903527997193 -34.59828610348985, -58.398888417537336 -34.59712635995681, -58.39887212689948 -34.59704811068338)"
999,GARCIA DEL RIO,Ciclovías,12,Saavedra,102.35,"LINESTRING (-58.477664667947614 -34.551145054197214, -58.47774230471859 -34.551214483296405, -58.47801811285692 -34.55141713119394, -58.47822054002662 -34.55154774350275, -58.47845215961148 -34.551662858531905, -58.47854298571659 -34.55170651022488)"
2801,BLANCO ENCALADA,Ciclovías,13,Belgrano,104.29,"LINESTRING (-58.47186603344633 -34.56679862398673, -58.47278329601774 -34.56735356781688)"
10587,TRES ARROYOS,Ciclovías,6,Caballito,51.62,"LINESTRING (-58.45400253578432 -34.605651234585196, -58.45446762394179 -34.605913174369846)"
1840,SUPERI,Ciclovías,12,Coghlan,120.49,"LINESTRING (-58.47432450785349 -34.55891381925365, -58.47502834470971 -34.55799697257575)"
2603,STORNI ALFONSINA,Ciclovías,12,Saavedra,57.28,"LINESTRING (-58.50269262196577 -34.56578853346846, -58.50280024095988 -34.56527996681229)"
17574,LINIERS VIRREY,Ciclovías,5,Boedo,71.79,"LINESTRING (-58.41307379281051 -34.6306717027573, -58.41305424355182 -34.630878316560285, -58.413010869696954 -34.631316753898965)"
4153,DEL LIBERTADOR AV.,Ciclovías,14,Palermo,84.47,"LINESTRING (-58.41094184667112 -34.57679979840107, -58.41174971969044 -34.57643471269888)"
30698,"FIGUEROA ALCORTA, PRES. AV.",Ciclovías,14,Palermo,13.34,"LINESTRING (-58.427252348409404 -34.55936692695386, -58.42735707975071 -34.55928354151012)"
19764,ZAÑARTU,Ciclovías,7,Parque Chacabuco,106.07,"LINESTRING (-58.42795333554343 -34.63876848016656, -58.428122879258446 -34.63879888157511, -58.42908314531605 -34.638974015509916)"
20353,POLA,Ciclovías,9,Liniers,91.9,"LINESTRING (-58.51264048971841 -34.640426171573885, -58.51190438237393 -34.64098837346542)"
26922,"BARROS PAZOS, JOSE",Ciclovías mano única,8,Villa Lugano,77.29,"LINESTRING (-58.47353674323379 -34.6820953861701, -58.47411658514806 -34.682601252578515)"
4526,BLANCO ENCALADA,Ciclovías,12,Villa Urquiza,119.79,"LINESTRING (-58.49127158617374 -34.578432924740994, -58.49140835250914 -34.57851366950885, -58.49233481047102 -34.579059448928696)"
17306,DEAN FUNES,Ciclovías,4,Parque Patricios,132.05,"LINESTRING (-58.40555219422042 -34.62929554234576, -58.40500478863937 -34.63019141808786, -58.40497092204214 -34.630375981276465)"
13822,"ARTIGAS, JOSE GERVASIO, GRAL.",Ciclovías,11,Villa Gral. Mitre,138.34,"LINESTRING (-58.46909362644067 -34.61779710961601, -58.469923310017876 -34.616755645714186)"
27661,"BEIRO, FRANCISCO AV.",Ciclovías,15,Agronomia,58.32,"LINESTRING (-58.49062722516749 -34.59277563987583, -58.49113662022745 -34.59309020880507)"
18768,PICHEUTA,Ciclovías,7,Parque Chacabuco,84.82,"LINESTRING (-58.43570881059434 -34.634623258977285, -58.43547511541079 -34.63536300182371)"
7247,"ALVAREZ, JULIAN",Ciclovías,14,Palermo,10.59,"LINESTRING (-58.422545443177555 -34.59166097152394, -58.422457081098976 -34.591599602921455)"
7402,AZCUENAGA,Ciclovías,2,Recoleta,124.57,"LINESTRING (-58.39874543529413 -34.59249705456914, -58.39837145368227 -34.59191374788749, -58.398105743036126 -34.59150662760398)"
2721,"FIGUEROA ALCORTA, PRES. AV.",Ciclovías,14,Palermo,218.52,"LINESTRING (-58.41796079949435 -34.56673874325249, -58.41840632559824 -34.56651179047784, -58.41849539742072 -34.566464639114095, -58.41854853441138 -34.5664355734881, -58.418603545515076 -34.56640411410858, -58.4186479980399 -34.56637708755533, -58.4187042036368 -34.56634048761408, -58.41880622717785 -34.56627031210015, -58.4188573246325 -34.56623406234583, -58.418923326073944 -34.56618605717811, -58.41896531192202 -34.566154663322564, -58.41900678714453 -34.56612291714705, -58.41907534522224 -34.5660694197505, -58.419178140129894 -34.565988187631014, -58.41923000576057 -34.565947501283375, -58.419282126693325 -34.56590688542947, -58.41935017304563 -34.565854514476314, -58.419452369923945 -34.565776310140414, -58.41950389392153 -34.56573724330464, -58.419555758315916 -34.56569831741689, -58.41960804783142 -34.56566030717126, -58.41969329341179 -34.56560132232094, -58.41982979340612 -34.56552974977226)"
19451,RONDEAU,Ciclovías,5,Boedo,70.61,"LINESTRING (-58.422095189826194 -34.63775409716464, -58.422847639193485 -34.637889631999194)"
11270,RAWSON,Ciclovías,5,Almagro,154.37,"LINESTRING (-58.42624882750203 -34.608667907805014, -58.426256383792705 -34.60853051380159, -58.426181988542865 -34.607278079073865)"
27045,"ROCA, CNEL. AV.",Ciclovías,8,Villa Riachuelo,107.86,"LINESTRING (-58.455074632958066 -34.684464697711554, -58.455855894088955 -34.68519193215914)"
1717,DEL LIBERTADOR AV.,Ciclovías,13,Belgrano,130.25,"LINESTRING (-58.446871975618286 -34.557636915520774, -58.44769485350847 -34.55668031170918)"
32397,COMPLEJO PARQUE DE LOS NIÑOS (SIN NOMBRE OFICIAL),Ciclovías,13,Nuñez,85.25,"LINESTRING (-58.464705625065626 -34.53367797342068, -58.46461340086915 -34.533784827320964, -58.46449581310368 -34.53384779571074, -58.46420299446723 -34.5339336632154, -58.46401162426059 -34.53397564315572, -58.463900604222594 -34.53401590277386)"
12581,"VALLESE, FELIPE",Ciclovías,6,Caballito,26.68,"LINESTRING (-58.446190731103115 -34.61339394809083, -58.44645680868792 -34.61349116950857)"
2458,"GARCIA, TEODORO",Ciclovías,14,Palermo,99.79,"LINESTRING (-58.44060065043184 -34.563900273707986, -58.44126939824819 -34.564609566341446)"
15309,ESTADOS UNIDOS,Ciclovías,5,Boedo,127.93,"LINESTRING (-58.4234776919029 -34.62314609398324, -58.42485937346165 -34.623304567224125)"
10314,CORRIENTES AV.,Ciclovías mano única,3,Balvanera,137.07,"LINESTRING (-58.402139952467124 -34.60471293696164, -58.403633628515244 -34.60474987424446)"
30046,MELIAN AV.,Ciclovías,12,Saavedra,21.2,"LINESTRING (-58.48279651281993 -34.551132843357806, -58.482796468253234 -34.55094176868581)"
2702,"GARCIA, TEODORO",Ciclovías,14,Palermo,108.55,"LINESTRING (-58.44235464955645 -34.56584041733289, -58.44305175659102 -34.5666309037354)"
8888,BILLINGHURST,Ciclovías,5,Almagro,174.0,"LINESTRING (-58.41490616498601 -34.5994491521592, -58.41463028672758 -34.59789739844581)"
21280,BALBASTRO,Ciclovías,7,Flores,185.82,"LINESTRING (-58.44805507942868 -34.64293346078416, -58.44821311573425 -34.6430746788132, -58.44946175767607 -34.64413927239954)"
18030,LAUTARO,Ciclovías,7,Flores,123.83,"LINESTRING (-58.455487753825004 -34.63185046788751, -58.454993165577925 -34.632889107782574)"
4841,"FREIRE, RAMON, CAP. GRAL.",Ciclovías,13,Colegiales,146.02,"LINESTRING (-58.442283906596245 -34.58072767373911, -58.44306737617021 -34.58016927452903, -58.443440566783664 -34.580158983514714, -58.443612741372895 -34.58010591181792)"
6828,MONTEVIDEO,Ciclovías,2,Recoleta,142.72,"LINESTRING (-58.38593965229178 -34.589785901421195, -58.38495271129904 -34.58879152253078)"
14126,FRAGATA PRES. SARMIENTO,Ciclovías,6,Caballito,121.09,"LINESTRING (-58.450230649908065 -34.618867053474524, -58.450701848172535 -34.618000261221276, -58.45078457947676 -34.61787674705555)"
5853,PUEYRREDON AV.,Ciclovías,2,Recoleta,170.48,"LINESTRING (-58.39332012380972 -34.58554035359763, -58.39234334903239 -34.585063091030044, -58.3917220211727 -34.5847563847413)"
16188,PUAN,Ciclovías,6,Caballito,115.63,"LINESTRING (-58.44788671469813 -34.6253900968396, -58.447482638589854 -34.62637745060587)"
33111,"RODO, JOSE E.",Ciclovías,9,Parque Avellaneda,43.03,"LINESTRING (-58.487101486175554 -34.64415872092402, -58.48743143201381 -34.64443460636438)"
13526,"CEVALLOS, VIRREY",Ciclovías,1,Monserrat,129.32,"LINESTRING (-58.38897712903365 -34.6155700723133, -58.38897698265745 -34.61573429965701, -58.38904668271164 -34.61657026811584, -58.389054288755005 -34.616733655070014)"
17383,IRALA,Ciclovías,4,La Boca,119.17,"LINESTRING (-58.36872039550352 -34.629562757875874, -58.36839061571248 -34.63060180798793)"
5077,DEL LIBERTADOR AV.,Ciclovías,14,Palermo,120.34,"LINESTRING (-58.40249030470685 -34.581737029500296, -58.40319735135772 -34.581508924823034, -58.4035406533876 -34.58139817586039, -58.40367321558699 -34.58129246409665)"
20561,PEPIRI,Ciclovías,4,Parque Patricios,135.77,"LINESTRING (-58.40891154209334 -34.64046085612208, -58.40912359905199 -34.64167208770792)"
25047,"RABANAL, FRANCISCO, INTENDENTE AV.",Ciclovías,8,Villa Soldati,106.87,"LINESTRING (-58.4264426259908 -34.65907085946006, -58.42696833632208 -34.659364962585556, -58.42740799315769 -34.65961100968942)"
2415,"YRURTIA, ROGELIO",Ciclovías,12,Saavedra,40.06,"LINESTRING (-58.50266251493818 -34.56404308355265, -58.50274333821833 -34.56412101687949, -58.502874639080105 -34.56419139842644, -58.5030215907655 -34.56423445021257)"
1893,AMENABAR,Ciclovías,13,Belgrano,100.75,"LINESTRING (-58.46177867554493 -34.55939375483655, -58.461864481550606 -34.559292908561, -58.46241327751293 -34.558652688226296)"
9334,TRES ARROYOS,Ciclovías,15,Villa Crespo,40.94,"LINESTRING (-58.446310577396844 -34.60084716492229, -58.44666592876025 -34.60107038632843)"
9160,BOUCHARD,Ciclovías,1,San Nicolas,125.03,"LINESTRING (-58.36931994335795 -34.6005117287493, -58.3693463700859 -34.600337802829095, -58.369462067200914 -34.59939083531071)"
26859,UNANUE,Ciclovías mano única,8,Villa Lugano,87.07,"LINESTRING (-58.47379642079714 -34.680824657181844, -58.473901713012594 -34.680916690525805, -58.47445042958634 -34.68139396653855)"
28855,COMPLEJO CIUDAD UNIVERSITARIA (SIN NOMBRE OFICIAL),Ciclovías,13,Belgrano,177.56,"LINESTRING (-58.44112678116202 -34.54538956211481, -58.441033947330084 -34.54379083009515)"
22023,PRIMERA JUNTA,Ciclovías,9,Parque Avellaneda,151.19,"LINESTRING (-58.46764594487341 -34.64559435815637, -58.467798308560134 -34.64570379012892, -58.46890031446423 -34.64647903235221)"
3593,OLLEROS,Ciclovías,13,Colegiales,104.3,"LINESTRING (-58.44489565183465 -34.57219849330021, -58.445412931187995 -34.57303562923191)"
19463,USPALLATA,Ciclovías,4,Parque Patricios,136.51,"LINESTRING (-58.39512468905296 -34.63765974867856, -58.3953250521769 -34.63770225526713, -58.39657855418673 -34.637924217079785)"
5615,LA PAMPA,Ciclovías,12,Villa Urquiza,119.91,"LINESTRING (-58.48703257975573 -34.58379878171359, -58.48810307632773 -34.58441879137371)"
11133,TRES ARROYOS,Ciclovías,6,Caballito,116.99,"LINESTRING (-58.45783329068791 -34.60759374796066, -58.45798812956957 -34.60766636147159, -58.45881590071738 -34.608049005790136, -58.458944849278694 -34.60811077190272)"
27489,PATRICIAS ARGENTINAS AV.,Ciclovías,6,Caballito,19.56,"LINESTRING (-58.43535420070135 -34.604461026351636, -58.435564728427394 -34.604433277807395)"
10664,"PERON, JUAN DOMINGO, TTE. GENERAL",Ciclovías mano única,1,San Nicolas,39.29,"LINESTRING (-58.38083915848382 -34.60608358926493, -58.38126678764905 -34.606104391936874)"
2907,"FIGUEROA ALCORTA, PRES. AV.",Ciclovías,14,Palermo,201.05,"LINESTRING (-58.41672870207107 -34.56811295591134, -58.41681073014042 -34.568030661530415, -58.41684463243837 -34.56799518074413, -58.41688203036272 -34.56795026446224, -58.41691798354556 -34.56790077005998, -58.41695770428836 -34.567811980487456, -58.416975098676545 -34.567762408596344, -58.41698755520817 -34.56771318694908, -58.41700231980399 -34.56764678272008, -58.417018028198065 -34.56756706871063, -58.41702862789157 -34.567488761241805, -58.41705574828597 -34.56740102321449, -58.41707825450357 -34.56734405872148, -58.417098631551006 -34.567288642746014, -58.41712419390882 -34.56724710225662, -58.417191490789605 -34.567168886626646, -58.41722811824834 -34.56713073064574, -58.41727555817734 -34.56709102940251, -58.417340282340085 -34.56704647539279, -58.41738482140416 -34.5670182521272, -58.417435916801 -34.56698770731643, -58.41750864036688 -34.56694815632622, -58.41760528969614 -34.56690121972993, -58.41765595574648 -34.56687715367434, -58.41775183738947 -34.56683268151462, -58.41796079949435 -34.56673874325249)"
10828,SAN MARTIN,Ciclovías,1,San Nicolas,128.44,"LINESTRING (-58.37365255326443 -34.60677120636694, -58.37371226391169 -34.605735249719224, -58.37371792946456 -34.605614688789316)"
32050,MACHU PICCHU,Ciclovías,1,Retiro,57.01,"LINESTRING (-58.37726020252482 -34.58605549633632, -58.37717744367484 -34.58603199141207, -58.37712703924504 -34.58596994407152, -58.37707953222617 -34.585894780817036, -58.3770516416987 -34.585809480656266, -58.377001252970054 -34.58576496785025, -58.376978794002135 -34.58573060696352, -58.37703726059505 -34.5856821182118, -58.37703961417226 -34.585657092910616)"
19130,HERRERA,Ciclovías,4,Barracas,213.75,"LINESTRING (-58.37870773634971 -34.63481753934552, -58.378170733577264 -34.636554857879695, -58.37813396364613 -34.63668504466379)"
17932,MORON,Ciclovías,10,Velez Sarsfield,72.39,"LINESTRING (-58.49827491443505 -34.63226929942149, -58.498984222330854 -34.63255571658783)"
18907,RONDEAU,Ciclovías,4,Parque Patricios,161.2,"LINESTRING (-58.40405438048779 -34.63553763302033, -58.405430843290745 -34.635846747516624, -58.40575080955818 -34.635918871425496)"
22989,PATRON,Ciclovías,9,Liniers,90.94,"LINESTRING (-58.517098566705826 -34.649551964890186, -58.517658076338044 -34.65005249500294, -58.517771224458386 -34.65015448749278)"
4885,"MARTINEZ, ENRIQUE, GRAL.",Ciclovías,13,Colegiales,49.34,"LINESTRING (-58.44595489765353 -34.580905155355296, -58.44641260036363 -34.58067176447178)"
12120,"ALSINA, ADOLFO",Ciclovías,3,Balvanera,134.74,"LINESTRING (-58.39330695058766 -34.61160244067224, -58.39451546002705 -34.61167538249864, -58.394771998320486 -34.611691935534516)"
29059,DEL LIBERTADOR AV.,Ciclovías,14,Palermo,151.8,"LINESTRING (-58.415056121418246 -34.574570906523, -58.415320175991155 -34.574564930564925, -58.41586188044358 -34.57445364223037, -58.41609966442548 -34.5743645343578, -58.41662321296921 -34.57417627373716)"
26960,"BARROS PAZOS, JOSE",Ciclovías mano única,8,Villa Riachuelo,104.45,"LINESTRING (-58.4746204681738 -34.68304494005101, -58.475391140436436 -34.68373859967171)"
12616,"GARCIA, JUAN AGUSTIN",Ciclovías,11,Villa Santa Rita,49.22,"LINESTRING (-58.48780776152865 -34.61334965744865, -58.48825740515895 -34.61359175261283)"
16330,"D'ESPOSITO, ARNALDO",Ciclovías,4,La Boca,112.12,"LINESTRING (-58.364057813106776 -34.62659029011718, -58.364241514577564 -34.62663846811872, -58.36523099563227 -34.62687469269671)"
9530,MONTEVIDEO,Ciclovías,1,San Nicolas,120.65,"LINESTRING (-58.38953216516856 -34.60179895121942, -58.38959452996146 -34.60071256410717)"
11706,"ROCA, JULIO A., PRESIDENTE DIAGONAL SUR AV.",Ciclovías mano única,1,Monserrat,6.7,"LINESTRING (-58.37478545785064 -34.6102672927362, -58.37485421594207 -34.61024677894443)"
7005,CORRIENTES AV.,Ciclovías mano única,15,Chacarita,59.17,"LINESTRING (-58.44874979972005 -34.59061555339416, -58.44917419563529 -34.590213906237906)"
7061,CORDOBA AV.,Ciclovías mano única,14,Palermo,101.48,"LINESTRING (-58.43531242392069 -34.590821595313294, -58.43603827438131 -34.59034154015832, -58.43617548874287 -34.590249456481175)"
29830,DORREGO,Ciclovías,14,Palermo,25.82,"LINESTRING (-58.4370837994801 -34.57626010355168, -58.43688013168456 -34.576099521687624)"
1989,IBERA,Ciclovías,12,Coghlan,105.08,"LINESTRING (-58.47618425562418 -34.559919997555404, -58.47714249524886 -34.560438425256606)"
10790,ECUADOR,Ciclovías,3,Balvanera,154.73,"LINESTRING (-58.40874100407209 -34.60668095476721, -58.408525209280626 -34.60611676548774, -58.408228978687816 -34.6053519732108)"
4387,FOREST AV.,Ciclovías mano única,13,Colegiales,205.44,"LINESTRING (-58.4602255014304 -34.578295384233854, -58.46054760731201 -34.57794306122858, -58.46160586203848 -34.576837425385776)"
15613,CHIVILCOY,Ciclovías,10,Floresta,136.37,"LINESTRING (-58.48697033262898 -34.624307846184706, -58.48708871775435 -34.624208667082996, -58.487897828697164 -34.62356983724131, -58.48804218982164 -34.623455863057195)"
12417,DON BOSCO,Ciclovías,5,Almagro,125.34,"LINESTRING (-58.41783721885131 -34.612492791878864, -58.41914665084924 -34.612816023592465)"
1225,IBERA,Ciclovías,13,Nuñez,95.64,"LINESTRING (-58.46363672111624 -34.55305601392162, -58.46428063382218 -34.55338608854891, -58.464520240502885 -34.55351299074518)"
24,DEL LIBERTADOR AV.,Ciclovías,13,Nuñez,99.85,"LINESTRING (-58.465808605775 -34.537489127234146, -58.46630369452358 -34.536687686836736)"
5887,"ALVAREZ, JULIAN",Ciclovías,14,Palermo,79.05,"LINESTRING (-58.413160796021856 -34.58572540225307, -58.412523313218486 -34.58524604565491)"
22198,"HORNOS, GRAL.",Ciclovías,4,Barracas,294.77,"LINESTRING (-58.375140380410514 -34.64442058846144, -58.375098178231184 -34.64460344669373, -58.37441816349837 -34.64663451770033, -58.3743030075649 -34.646985422226614)"
30052,LIMA,Ciclovías,1,Constitucion,65.59,"LINESTRING (-58.379822244199936 -34.627213186434744, -58.37973319062155 -34.62744134122902, -58.3796160522083 -34.627779222255754)"
3822,BLANCO ENCALADA,Ciclovías,12,Villa Urquiza,140.01,"LINESTRING (-58.48358865505243 -34.573895552498634, -58.48483211475777 -34.57462697366664)"
10971,"PERON, JUAN DOMINGO, TTE. GENERAL",Ciclovías mano única,3,Balvanera,126.61,"LINESTRING (-58.399259391414645 -34.60732170774776, -58.40049885153479 -34.60738833887114, -58.40063673958802 -34.607396015508826)"
8960,"URIBURU JOSE E., PRES.",Ciclovías,2,Recoleta,168.34,"LINESTRING (-58.398726105316136 -34.599759625061814, -58.3987665304307 -34.5996857016496, -58.3987982607723 -34.599622055475606, -58.398821125567075 -34.59934889433631, -58.39884830024319 -34.59922911811064, -58.39887555130468 -34.5991206096968, -58.398934462956646 -34.599038315568436, -58.398975299672855 -34.59898213904891, -58.39902521683974 -34.59874638704702, -58.399034402700515 -34.59854054361383, -58.39903527997193 -34.59828610348985)"
10132,CORRIENTES AV.,Ciclovías mano única,3,Balvanera,128.39,"LINESTRING (-58.41034706273563 -34.60402951119841, -58.410477714170646 -34.604025553686014, -58.41158734660618 -34.60407673399261, -58.41174473497328 -34.60408264575259)"
17499,"GONZALEZ, ELPIDIO",Ciclovías,10,Villa Luro,127.41,"LINESTRING (-58.51208610895553 -34.63018742307253, -58.512200246137866 -34.63029033618792, -58.513021380901534 -34.63103677252161)"
15725,VALLE,Ciclovías,6,Caballito,136.97,"LINESTRING (-58.436227966312465 -34.624558902113215, -58.43740380476588 -34.62467472211008, -58.437711160815965 -34.62470429435326)"
27100,UNANUE,Ciclovías mano única,8,Villa Lugano,103.76,"LINESTRING (-58.47962034646368 -34.68558733502175, -58.48038477450969 -34.68627730162809)"
9806,CUCHA CUCHA,Ciclovías,15,Villa Crespo,59.8,"LINESTRING (-58.45602030092345 -34.602818019720274, -58.45641534350078 -34.602389162925505)"
20864,"RODO, JOSE E.",Ciclovías,9,Parque Avellaneda,76.36,"LINESTRING (-58.484580738771285 -34.64254783532808, -58.485396132902395 -34.64268804362152)"
27403,"ROCA, CNEL. AV.",Ciclovías,8,Villa Riachuelo,102.41,"LINESTRING (-58.467588465686006 -34.69595941452362, -58.46833728576461 -34.69664473775338)"
21243,"HORNOS, GRAL.",Ciclovías,4,Barracas,50.44,"LINESTRING (-58.37534290292344 -34.643553544770974, -58.3752783413071 -34.64385061321909, -58.37524162805144 -34.644000447051376)"
4531,MONROE,Ciclovías,12,Villa Urquiza,165.89,"LINESTRING (-58.493064354400786 -34.57820474990131, -58.49454002603156 -34.579068622917134)"
18875,LAS CASAS,Ciclovías,5,Boedo,138.26,"LINESTRING (-58.41934609197183 -34.63568241371696, -58.42084188838815 -34.63583935355174)"
8370,ECUADOR,Ciclovías,2,Recoleta,139.67,"LINESTRING (-58.40518051917426 -34.597232196719965, -58.40464141158912 -34.5961888939974, -58.404585542233654 -34.59607337232229)"
7961,GORRITI,Ciclovías,14,Palermo,139.67,"LINESTRING (-58.41978110023325 -34.59542317777067, -58.42130200202617 -34.595365329462496)"
7709,ARENALES,Ciclovías,1,Retiro,84.7,"LINESTRING (-58.37761772777748 -34.59411096465476, -58.37854081931573 -34.59409838209589)"
7672,GALLO,Ciclovías,2,Recoleta,22.7,"LINESTRING (-58.41033252323199 -34.59392934765664, -58.41022934424808 -34.59374338428346)"
12313,"DIAZ, CESAR, GRAL.",Ciclovías,11,Villa Gral. Mitre,141.39,"LINESTRING (-58.47392442594752 -34.61173262053087, -58.474093513168455 -34.611821691407876, -58.47522261666743 -34.61241983383174)"
2592,"PEDRAZA, MANUELA",Ciclovías,12,Villa Urquiza,119.98,"LINESTRING (-58.492355577831994 -34.565087824996034, -58.49347624799766 -34.56564474803916)"
25853,"RABANAL, FRANCISCO, INTENDENTE AV.",Ciclovías,8,Villa Soldati,125.82,"LINESTRING (-58.43884158487234 -34.66548858823834, -58.439226351807164 -34.66567507414897, -58.439474762960565 -34.665813574299, -58.4396646271578 -34.66592854136766, -58.43980156403049 -34.66603870919408, -58.43993329798202 -34.66616352382256)"
8976,SAN MARTIN,Ciclovías,1,San Nicolas,129.48,"LINESTRING (-58.37408715899601 -34.59978578928535, -58.374094178230635 -34.599672694110666, -58.3741796974905 -34.59878225006652, -58.37419136586643 -34.598621833593086)"
15598,DEAN FUNES,Ciclovías,3,San Cristobal,135.66,"LINESTRING (-58.405986235789264 -34.62301300152383, -58.40581510702075 -34.62422765325086)"
6630,NUEVA YORK,Ciclovías,15,Agronomia,64.74,"LINESTRING (-58.49301416101639 -34.588606289878726, -58.49357910814203 -34.588956016243415)"
3515,AMENABAR,Ciclovías,13,Colegiales,100.42,"LINESTRING (-58.44633364207838 -34.57243265000611, -58.44723167703714 -34.571915296321244)"
2385,"PEDRAZA, MANUELA",Ciclovías,12,Villa Urquiza,100.8,"LINESTRING (-58.48909142637786 -34.563556905766085, -58.49004278671613 -34.56401107702648)"
1646,MILLER,Ciclovías,12,Saavedra,73.4,"LINESTRING (-58.492386553862715 -34.556986513211186, -58.49278267368564 -34.556411757299045)"
17402,DEAN FUNES,Ciclovías,4,Parque Patricios,33.74,"LINESTRING (-58.40497092204214 -34.630375981276465, -58.404933805373474 -34.63057835998011, -58.40491908256671 -34.63067701592363)"
7377,CHIVILCOY AV.,Ciclovías mano única,11,Villa Devoto,109.32,"LINESTRING (-58.51851256884258 -34.59234832643098, -58.519141723543406 -34.591640467987425, -58.5191696915945 -34.59153604195489)"
5024,"DIAZ, CNEL. AV.",Ciclovías,14,Palermo,126.17,"LINESTRING (-58.405187087366755 -34.58156129782663, -58.40464765686781 -34.58051517538289)"
13430,CHILE,Ciclovías mano única,1,Monserrat,135.43,"LINESTRING (-58.37884708443215 -34.61635799727226, -58.37899086385155 -34.61636464609866, -58.38012329784159 -34.61641711423984, -58.38032133512995 -34.616426685839485)"
5205,ESTADO PLURINACIONAL DE BOLIVIA,Ciclovías,12,Villa Pueyrredon,117.55,"LINESTRING (-58.500350178607235 -34.58245825793822, -58.50044975157902 -34.58234864819189, -58.50112003281302 -34.58161131605719)"
10468,CUCHA CUCHA,Ciclovías,15,Villa Crespo,144.23,"LINESTRING (-58.45355261281733 -34.60537239257288, -58.454404583071316 -34.60445202156066, -58.454507990348155 -34.60433984429424)"
15903,CONSTITUCION,Ciclovías,3,San Cristobal,111.0,"LINESTRING (-58.39133221329164 -34.625227303541045, -58.39253955689363 -34.625298503632216)"
20963,PRIMERA JUNTA,Ciclovías,7,Flores,124.06,"LINESTRING (-58.46251932364298 -34.64234032157969, -58.46358962315662 -34.64302455491108)"
13705,CHACO,Ciclovías,6,Caballito,50.68,"LINESTRING (-58.43034124075168 -34.617301169038505, -58.43087324173218 -34.61742462302518)"
5349,FOREST AV.,Ciclovías mano única,15,Chacarita,143.03,"LINESTRING (-58.455770486598475 -34.583194014828514, -58.45670710584234 -34.58216334582142)"
7189,CORDOBA AV.,Ciclovías mano única,14,Palermo,111.32,"LINESTRING (-58.434364853669535 -34.59144835678917, -58.43531242392069 -34.590821595313294)"
5792,"ALVAREZ, JULIAN",Ciclovías,14,Palermo,97.41,"LINESTRING (-58.412523313218486 -34.58524604565491, -58.411737661807265 -34.584655424006854)"
9868,"ALVAREZ, JULIAN",Ciclovías,15,Villa Crespo,146.57,"LINESTRING (-58.43977453487653 -34.60300371826226, -58.438512163546676 -34.60219373781056)"
1553,MILLER,Ciclovías,12,Saavedra,45.33,"LINESTRING (-58.492926027515225 -34.556203619281, -58.49317062072859 -34.55584862203158)"
2884,MELIAN AV.,Ciclovías,12,Saavedra,101.06,"LINESTRING (-58.482059718174995 -34.55178292376091, -58.48236922059955 -34.55162681488564, -58.4825863291542 -34.55143232211906, -58.48279651281993 -34.551132843357806)"
16915,MORON,Ciclovías,10,Velez Sarsfield,116.45,"LINESTRING (-58.489285029361184 -34.62844664663067, -58.49037883474522 -34.62897993558436)"
21548,PRIMERA JUNTA,Ciclovías,9,Parque Avellaneda,112.33,"LINESTRING (-58.46559640753556 -34.644305952784414, -58.466571489259174 -34.64491896371657)"
10273,"URIBURU JOSE E., PRES.",Ciclovías,3,Balvanera,142.21,"LINESTRING (-58.39822191948896 -34.60457957017559, -58.39824195966456 -34.604437818232746, -58.39837332142515 -34.60330385746793)"
28165,PATRICIAS ARGENTINAS AV.,Ciclovías,6,Caballito,16.33,"LINESTRING (-58.43439596466542 -34.60857327756408, -58.434240948464016 -34.60850091131017)"
31965,"BLANES, JUAN MANUEL",Ciclovías,4,La Boca,17.23,"LINESTRING (-58.362317832645054 -34.630965666119785, -58.36244648243932 -34.63107887762746)"
11087,"PERON, JUAN DOMINGO, TTE. GENERAL",Ciclovías,3,Balvanera,130.69,"LINESTRING (-58.40769373093466 -34.60783739978765, -58.40830840396947 -34.60786500270984, -58.409116585380666 -34.607899519707225)"
6458,DEL LIBERTADOR AV.,Ciclovías,1,Retiro,110.71,"LINESTRING (-58.38283949729489 -34.58822661682256, -58.383847460509166 -34.58767797198763)"
2951,"PEDRAZA, MANUELA",Ciclovías,12,Villa Urquiza,61.55,"LINESTRING (-58.49802787245907 -34.568095983800674, -58.49858561822406 -34.56840421052651)"
7357,"ALVAREZ, JULIAN",Ciclovías,14,Palermo,92.8,"LINESTRING (-58.42332027706831 -34.592198772066666, -58.422545443177555 -34.59166097152394)"
10045,CORRIENTES AV.,Ciclovías mano única,1,San Nicolas,15.69,"LINESTRING (-58.38097892231629 -34.603668578495856, -58.38114992577926 -34.603671854906445)"
8774,SUIPACHA,Ciclovías,1,Retiro,138.42,"LINESTRING (-58.37974595980267 -34.59897083919045, -58.37975600313825 -34.59880668861702, -58.379832698224085 -34.597822218849956, -58.379837989913646 -34.59772546040252)"
15193,MORON,Ciclovías,7,Flores,138.03,"LINESTRING (-58.46707755973093 -34.62247062614586, -58.46721343598003 -34.622512382920405, -58.468485909134245 -34.622909593671935)"
325,CUBA,Ciclovías,13,Nuñez,101.48,"LINESTRING (-58.46827034234637 -34.54499072003414, -58.46884519925117 -34.544209337968944)"
4527,CERETTI,Ciclovías,12,Villa Urquiza,116.07,"LINESTRING (-58.49233481047102 -34.579059448928696, -58.493064354400786 -34.57820474990131)"
1941,IBERA,Ciclovías,12,Coghlan,100.09,"LINESTRING (-58.47527157238132 -34.55942620626405, -58.47618425562418 -34.559919997555404)"
6567,"NEWBERY, JORGE AV.",Ciclovías,15,Chacarita,86.59,"LINESTRING (-58.45052705641916 -34.58793591722912, -58.45076843528564 -34.588690532901154)"
17847,MORON,Ciclovías,10,Velez Sarsfield,175.4,"LINESTRING (-58.496557563113576 -34.631573082517946, -58.49827491443505 -34.63226929942149)"
8521,ESTADO DE ISRAEL AV.,Ciclovías mano única,15,Villa Crespo,128.89,"LINESTRING (-58.42656674539593 -34.59791530812657, -58.42678713365085 -34.597943755002184, -58.42777511139409 -34.59832841889777, -58.427854383221565 -34.59836351292565)"
7643,BILLINGHURST,Ciclovías,2,Recoleta,107.31,"LINESTRING (-58.41274656832329 -34.59369381841241, -58.41212337130227 -34.592875235276686)"
11291,"GARCIA, JUAN AGUSTIN",Ciclovías,11,Villa Gral. Mitre,66.87,"LINESTRING (-58.47842907241437 -34.60840723978602, -58.47904348847176 -34.608731603253354)"
8464,CORDOBA AV.,Ciclovías mano única,14,Palermo,145.99,"LINESTRING (-58.42177967769403 -34.597734404132424, -58.422841492675126 -34.597712915911366, -58.42336930425086 -34.59774487338942)"
3432,DEL LIBERTADOR AV.,Ciclovías,14,Palermo,155.94,"LINESTRING (-58.42174360958081 -34.5718228699623, -58.422697257302836 -34.57139029485431, -58.42324699857255 -34.57116828888843)"
12037,BOLIVAR,Ciclovías,1,Monserrat,127.11,"LINESTRING (-58.373452661921704 -34.6102444168078, -58.37338841138116 -34.611297975074514, -58.37338354365018 -34.61138874733691)"
11081,"PERON, JUAN DOMINGO, TTE. GENERAL",Ciclovías,3,Balvanera,144.5,"LINESTRING (-58.40612253004379 -34.607743010292936, -58.40769373093466 -34.60783739978765)"
30468,CHIVILCOY AV.,Ciclovías mano única,11,Villa Devoto,10.3,"LINESTRING (-58.50959421913942 -34.60226234099206, -58.50966332515439 -34.60218910892628)"
11200,"PELLEGRINI, CARLOS",Ciclovías,1,San Nicolas,124.26,"LINESTRING (-58.38071671336646 -34.60837543991764, -58.38077650479519 -34.607256450744046)"
6931,CORDOBA AV.,Ciclovías mano única,14,Palermo,112.29,"LINESTRING (-58.43617548874287 -34.590249456481175, -58.43712593045235 -34.5896117657505)"
6189,"ALVAREZ, JULIAN",Ciclovías,14,Palermo,124.48,"LINESTRING (-58.41516599421766 -34.58705778239702, -58.41406332764469 -34.58640395073148)"
13348,SAN NICOLAS,Ciclovías,11,Villa Santa Rita,137.06,"LINESTRING (-58.49190450576277 -34.61610373130493, -58.49298012335753 -34.61524599849408)"
1912,DEL LIBERTADOR AV.,Ciclovías,13,Belgrano,128.58,"LINESTRING (-58.44523595500544 -34.559538557932925, -58.44604831263923 -34.55859421776273)"
587,"PEDRAZA, MANUELA",Ciclovías,13,Nuñez,100.01,"LINESTRING (-58.45970982095984 -34.54792844565459, -58.46064228894143 -34.548394818776266)"
32047,"PERETTE, CARLOS H.",Ciclovías,1,Retiro,48.19,"LINESTRING (-58.37846851039158 -34.58259099700131, -58.37890011803753 -34.58234355269013)"
9316,HUMAHUACA,Ciclovías,5,Almagro,111.35,"LINESTRING (-58.429950979117635 -34.601001539297535, -58.431156035323234 -34.600880663657435)"
22145,"RODO, JOSE E.",Ciclovías,9,Parque Avellaneda,77.14,"LINESTRING (-58.48959506821055 -34.64632463464542, -58.49017399111739 -34.64682923070195)"
31729,ISLAS GALAPAGOS,Ciclovías,1,Retiro,20.45,"LINESTRING (-58.37914766295714 -34.58219797336889, -58.37903152268142 -34.582040595784896)"
12290,MISIONES,Ciclovías,3,Balvanera,130.52,"LINESTRING (-58.4044932265191 -34.61117826921092, -58.40447605193039 -34.6113758692337, -58.40435288061348 -34.61234899184527)"
17692,COMBATE DE LOS POZOS,Ciclovías,4,Parque Patricios,114.74,"LINESTRING (-58.39149978538227 -34.63066365744134, -58.391300822488205 -34.63168481810714)"
2382,MILLER,Ciclovías,12,Villa Urquiza,123.0,"LINESTRING (-58.487327536834876 -34.563984739651104, -58.48813879930611 -34.563102163920625)"
29920,FOREST AV.,Ciclovías mano única,15,Chacarita,29.85,"LINESTRING (-58.45463359448491 -34.584445834201745, -58.4548289050093 -34.584230591727085)"
9477,"MOREAU DE JUSTO, ALICIA AV.",Ciclovías,1,Puerto Madero,110.36,"LINESTRING (-58.36752217137222 -34.600103407078805, -58.36748483105587 -34.600285894748, -58.367405670883535 -34.60095833084302, -58.36742747293809 -34.60109118589257)"
12389,"GARCIA, JUAN AGUSTIN",Ciclovías,11,Villa Santa Rita,68.69,"LINESTRING (-58.486037755807544 -34.61241167774165, -58.48667352617639 -34.612738885940324)"
16754,PAVON,Ciclovías,3,San Cristobal,157.33,"LINESTRING (-58.40678958519998 -34.62812843341926, -58.406979638646035 -34.62814774687988, -58.40848752663389 -34.62833160478127)"
16601,BOLIVAR,Ciclovías,4,Barracas,112.49,"LINESTRING (-58.372549171227995 -34.62678316682778, -58.37254271115656 -34.62693619776424, -58.37249479990536 -34.627357715881935, -58.37241279930831 -34.627789912893164)"
17752,"BONIFACIO, JOSE",Ciclovías,7,Flores,129.06,"LINESTRING (-58.458228656614295 -34.63147680596937, -58.45940571882872 -34.631849669982586, -58.45954373646541 -34.63189122403471)"
4233,DEL LIBERTADOR AV.,Ciclovías,14,Palermo,9.59,"LINESTRING (-58.40986646345141 -34.577280609204344, -58.40995844247456 -34.57723959231155)"
11307,CASTELLI,Ciclovías,3,Balvanera,126.73,"LINESTRING (-58.40467370811134 -34.60876409759463, -58.40475125014187 -34.607623555465814)"
23359,PEPIRI,Ciclovías,4,Nueva Pompeya,36.07,"LINESTRING (-58.40751655505877 -34.65139404379103, -58.40740786382398 -34.65170653138095)"
18238,"CEVALLOS, VIRREY",Ciclovías,1,Constitucion,109.8,"LINESTRING (-58.38772132480012 -34.632468857608835, -58.387655762552676 -34.63345713651437)"
6457,LOYOLA,Ciclovías,15,Chacarita,121.72,"LINESTRING (-58.443305037459474 -34.588249812334524, -58.44428344051348 -34.587508758536686)"
418,CUBA,Ciclovías,13,Nuñez,92.32,"LINESTRING (-58.46727378476071 -34.5463447333743, -58.46779700280131 -34.54563399362142)"
27855,"FIGUEROA ALCORTA, PRES. AV.",Ciclovías,13,Belgrano,13.4,"LINESTRING (-58.44948795221804 -34.54668219411763, -58.44963154252125 -34.54666058438929)"
4612,MONROE,Ciclovías,12,Villa Urquiza,76.65,"LINESTRING (-58.49454002603156 -34.579068622917134, -58.4952217588127 -34.579467974527695)"
17760,ESTRADA,Ciclovías,7,Parque Chacabuco,146.49,"LINESTRING (-58.43485779236291 -34.63174507686224, -58.436429944451625 -34.631979308978316)"
13842,FRAGATA PRES. SARMIENTO,Ciclovías,6,Caballito,137.07,"LINESTRING (-58.45078457947676 -34.61787674705555, -58.45084157940005 -34.61779287859352, -58.45143783520222 -34.61676567146646)"
2827,AMENABAR,Ciclovías,13,Belgrano,102.3,"LINESTRING (-58.454787947304204 -34.56753653055233, -58.455434166775945 -34.566785079276066)"
1098,MILLER,Ciclovías,12,Saavedra,100.52,"LINESTRING (-58.49556448051278 -34.552422440956285, -58.49603091224309 -34.55175772380032, -58.49611427873338 -34.551638754972075)"
29033,COMPLEJO CIUDAD UNIVERSITARIA (SIN NOMBRE OFICIAL),Ciclovías,13,Belgrano,18.97,"LINESTRING (-58.44107658825216 -34.543102038136276, -58.44117591799657 -34.5430903358335, -58.4412773891712 -34.543116682199475)"
5697,"DIAZ, CNEL. AV.",Ciclovías,14,Palermo,126.92,"LINESTRING (-58.40709464493288 -34.58479816541325, -58.40640109845206 -34.58380824880417)"
8006,BILLINGHURST,Ciclovías,2,Recoleta,100.8,"LINESTRING (-58.41383137296558 -34.59560570259709, -58.41353596315082 -34.59473056829714)"
27081,"ROCA, CNEL. AV.",Ciclovías,8,Villa Riachuelo,100.85,"LINESTRING (-58.455855894088955 -34.68519193215914, -58.45649897359458 -34.68592964685266)"
7851,SERRANO,Ciclovías,15,Villa Crespo,124.98,"LINESTRING (-58.440021160704774 -34.59483349643978, -58.43891751729581 -34.594173058801054)"
19658,DOBLAS,Ciclovías,7,Parque Chacabuco,146.85,"LINESTRING (-58.427030808703456 -34.63724840657424, -58.42699402452371 -34.63739022793825, -58.42670399823404 -34.638544236401856)"
31657,LA RABIDA (S) AV.,Ciclovías,1,Monserrat,90.11,"LINESTRING (-58.368323751305304 -34.60731573428566, -58.36829146228658 -34.60744101508823, -58.3682545248068 -34.607615655163805, -58.368240605483706 -34.60774095016483, -58.36824043347495 -34.607892835817964, -58.36824320027658 -34.60812196575246)"
9872,CORRIENTES AV.,Ciclovías mano única,5,Almagro,142.69,"LINESTRING (-58.42256050794887 -34.60301517117374, -58.424104927026704 -34.60286187193771)"
11909,RAWSON,Ciclovías,5,Almagro,76.36,"LINESTRING (-58.42592633956294 -34.610995588175015, -58.42602613043422 -34.61031222904598)"
2151,"FIGUEROA ALCORTA, PRES. AV.",Ciclovías,14,Palermo,425.26,"LINESTRING (-58.42390464227646 -34.56201732505123, -58.42707590600337 -34.55950740703498, -58.427252348409404 -34.55936692695386)"
11549,OTAMENDI,Ciclovías,6,Caballito,115.17,"LINESTRING (-58.434278544430825 -34.60969967391037, -58.43473150417178 -34.60873141801751)"
4509,"MARTINEZ, ENRIQUE, GRAL.",Ciclovías,13,Colegiales,117.48,"LINESTRING (-58.44998351819131 -34.5789270325332, -58.450141215469145 -34.57885035803674, -58.45108901038449 -34.57839291260296)"
8355,CHIVILCOY AV.,Ciclovías mano única,11,Villa Devoto,99.67,"LINESTRING (-58.514146630249996 -34.59718938690532, -58.514795118415975 -34.59646854010565)"
13531,MENDEZ DE ANDES,Ciclovías,6,Caballito,143.61,"LINESTRING (-58.45001189157109 -34.61623171481922, -58.451225572050745 -34.61669712863948, -58.45143783520222 -34.61676567146646)"
9113,LOYOLA,Ciclovías,15,Villa Crespo,117.36,"LINESTRING (-58.431429541222464 -34.600332135405424, -58.432212093835126 -34.59949521162763)"
12289,"ALSINA, ADOLFO",Ciclovías,3,Balvanera,102.04,"LINESTRING (-58.4032431525053 -34.612284083558066, -58.40435288061348 -34.61234899184527)"
2393,ECHEVERRIA,Ciclovías,13,Belgrano,100.7,"LINESTRING (-58.45685533354213 -34.5635664320766, -58.45774990392103 -34.56409205071085)"
24107,POLA,Ciclovías,9,Mataderos,125.8,"LINESTRING (-58.494945259410926 -34.6541305326257, -58.493954098460904 -34.65491473459368)"
7661,JUNCAL,Ciclovías,2,Recoleta,115.82,"LINESTRING (-58.393080021974754 -34.593815497084606, -58.39432017424753 -34.593620215285206)"
441,"RIVADAVIA MARTIN, COMODORO",Ciclovías,13,Nuñez,122.24,"LINESTRING (-58.46515938253674 -34.54569138762073, -58.465250538580996 -34.54586061569507, -58.465447407764245 -34.54628484811213, -58.465563417976234 -34.54648309028841, -58.46575075083889 -34.546668865845234)"
27633,CUBA,Ciclovías,13,Nuñez,22.66,"LINESTRING (-58.46637005103957 -34.547582201026096, -58.46649311124536 -34.547405134172465)"
11374,"GARCIA, JUAN AGUSTIN",Ciclovías,11,Villa Gral. Mitre,67.52,"LINESTRING (-58.47904348847176 -34.608731603253354, -58.47966387211819 -34.60905920229039)"
9871,"ACUÑA DE FIGUEROA, FRANCISCO",Ciclovías,5,Almagro,141.24,"LINESTRING (-58.42256050794887 -34.60301517117374, -58.422536825392484 -34.60285297773643, -58.42238321273667 -34.60175051532912)"
19997,"ARAOZ DE LAMADRID, GREGORIO, GRAL.",Ciclovías,4,La Boca,96.47,"LINESTRING (-58.36516232470578 -34.639540251400504, -58.36582807901218 -34.63964550450729, -58.36619704170582 -34.6396977006841)"
22024,MARTINEZ CASTRO,Ciclovías,9,Parque Avellaneda,141.22,"LINESTRING (-58.470012688632224 -34.64559847623076, -58.46890031446423 -34.64647903235221)"
16558,CABOTO,Ciclovías,4,La Boca,86.46,"LINESTRING (-58.361421736650755 -34.627136784672885, -58.36068354430908 -34.627621593499455)"
15629,BOLIVAR,Ciclovías,1,San Telmo,131.67,"LINESTRING (-58.37273571009352 -34.62313686288638, -58.372673511325495 -34.62432267503446)"
7678,JUNCAL,Ciclovías,2,Recoleta,85.75,"LINESTRING (-58.39216180650697 -34.59396003804841, -58.393080021974754 -34.593815497084606)"
30471,CHIVILCOY AV.,Ciclovías mano única,11,Villa Devoto,95.8,"LINESTRING (-58.51094826268446 -34.600758688548304, -58.51145654766178 -34.60020537874684, -58.51152564437856 -34.600137847254565, -58.511607850537274 -34.600095252563335)"
9915,CORRIENTES AV.,Ciclovías mano única,5,Almagro,148.18,"LINESTRING (-58.420956632980094 -34.60317441624162, -58.42256050794887 -34.60301517117374)"
28901,COMPLEJO CIUDAD UNIVERSITARIA (SIN NOMBRE OFICIAL),Ciclovías,13,Belgrano,239.74,"LINESTRING (-58.43801668192477 -34.54271000010875, -58.44062829500458 -34.54269870377718)"
17849,"GONZALEZ, ELPIDIO",Ciclovías,10,Versalles,102.56,"LINESTRING (-58.51364109338635 -34.631590960625495, -58.51374798797405 -34.63168612869824, -58.51439516425532 -34.632273752586336)"
27395,"ROCA, CNEL. AV.",Ciclovías,8,Villa Riachuelo,104.99,"LINESTRING (-58.46682055850217 -34.69525697449442, -58.467588465686006 -34.69595941452362)"
11054,"PERON, JUAN DOMINGO, TTE. GENERAL",Ciclovías,3,Balvanera,126.48,"LINESTRING (-58.40475125014187 -34.607623555465814, -58.40487355094623 -34.60763333254034, -58.40612253004379 -34.607743010292936)"
16629,MORON,Ciclovías,10,Floresta,117.99,"LINESTRING (-58.48595875417718 -34.62761490644847, -58.48615045081221 -34.62766092753084, -58.487192774430454 -34.62791608272016)"
8300,ANTARTIDA ARGENTINA AV.,Ciclovías,1,Retiro,177.21,"LINESTRING (-58.36859504571971 -34.596909876509024, -58.369065074022245 -34.595556500780674, -58.36917329652818 -34.595389632305725)"
3335,MOLDES,Ciclovías,13,Colegiales,94.82,"LINESTRING (-58.45034190425105 -34.57112670648694, -58.45051406134411 -34.571037638324505, -58.4511949441071 -34.57064460115285)"
9627,TUCUMAN,Ciclovías,3,Balvanera,131.84,"LINESTRING (-58.39410513029485 -34.60206508482813, -58.39540581165655 -34.60215215481652, -58.395537728155276 -34.602160749401556)"
1551,SUPERI,Ciclovías,12,Coghlan,99.0,"LINESTRING (-58.47641239869767 -34.55619411494835, -58.47699066587558 -34.55544079484484)"
7049,MONTEVIDEO,Ciclovías,2,Recoleta,141.91,"LINESTRING (-58.386921086859736 -34.59077463484016, -58.38593965229178 -34.589785901421195)"
12164,PASCO,Ciclovías,3,Balvanera,132.11,"LINESTRING (-58.39747527884094 -34.610682072350784, -58.3974554695764 -34.6109593189343, -58.39743924655602 -34.61187235061178)"
28871,COMPLEJO CIUDAD UNIVERSITARIA (SIN NOMBRE OFICIAL),Ciclovías,13,Belgrano,21.26,"LINESTRING (-58.447393073259306 -34.54024164601168, -58.447534106362745 -34.540393606494796)"
2684,STORNI ALFONSINA,Ciclovías,12,Saavedra,70.72,"LINESTRING (-58.50255951867073 -34.56641647689154, -58.50269262196577 -34.56578853346846)"
6995,"MANSILLA, LUCIO NORBERTO, GENERAL",Ciclovías,14,Palermo,137.78,"LINESTRING (-58.41534715555433 -34.59053833636819, -58.41648616278501 -34.58972894775912)"
21604,PEPIRI,Ciclovías,4,Parque Patricios,109.19,"LINESTRING (-58.40954416613393 -34.644073561407055, -58.409714725813906 -34.64504765839248)"
2066,AMENABAR,Ciclovías,13,Belgrano,127.08,"LINESTRING (-58.460173350327985 -34.56127179393401, -58.46097508544892 -34.56033784761363)"
8506,"BLANES, JUAN MANUEL",Ciclovías,4,La Boca,23.27,"LINESTRING (-58.35968290385188 -34.6282788529857, -58.35984295086937 -34.628441596146445)"
31201,"ROCA, CNEL. AV.",Ciclovías,8,Villa Riachuelo,47.91,"LINESTRING (-58.46043252326625 -34.68939879300105, -58.46078297203317 -34.68971932167692)"
6105,CORDOBA AV.,Ciclovías mano única,14,Palermo,120.85,"LINESTRING (-58.44139893925012 -34.586780093119685, -58.44242654406032 -34.58609857095137)"
16455,MORON,Ciclovías,10,Floresta,132.22,"LINESTRING (-58.48331361766111 -34.62697923535929, -58.48345691961663 -34.627014775536985, -58.48469790684567 -34.62731245476511)"
4629,DEL LIBERTADOR AV.,Ciclovías,14,Palermo,63.28,"LINESTRING (-58.40583455098271 -34.57956086299949, -58.40632678463618 -34.57916129752113)"
31051,MACHU PICCHU,Ciclovías,1,Retiro,43.08,"LINESTRING (-58.37700565760814 -34.58517594378263, -58.37686211073571 -34.58510858371833, -58.37667184717752 -34.58503975951719, -58.37658363528035 -34.5850067832347)"
18319,CABOTO,Ciclovías,4,La Boca,105.41,"LINESTRING (-58.355406618738265 -34.63288237396266, -58.35496809240132 -34.633611780867895, -58.35489679230063 -34.63373397218325)"
13723,"GONZALEZ, ELPIDIO",Ciclovías,10,Monte Castro,116.42,"LINESTRING (-58.49470472795056 -34.616722839253924, -58.49482069796406 -34.61682238807753, -58.495597551400216 -34.61746874236787)"
14368,"CALVO, CARLOS",Ciclovías,1,Constitucion,38.8,"LINESTRING (-58.380618636157685 -34.6197589001646, -58.381041666429574 -34.61975651006233)"
896,"OBLIGADO RAFAEL, AV.COSTANERA",Ciclovías,13,Belgrano,56.38,"LINESTRING (-58.4292181631792 -34.55084705108578, -58.4296918723879 -34.550523454956256)"
8358,"ALVEAR, MARCELO T. DE",Ciclovías,2,Recoleta,136.49,"LINESTRING (-58.388301628263406 -34.5971186222748, -58.38842970605794 -34.5971246869353, -58.38964967221717 -34.597193599447785, -58.38978635559838 -34.59719509034136)"
18809,LAS CASAS,Ciclovías,5,Boedo,104.85,"LINESTRING (-58.416776746722974 -34.635412584888265, -58.417911046080555 -34.635531745824615)"
4416,"MARTINEZ, ENRIQUE, GRAL.",Ciclovías,13,Colegiales,97.95,"LINESTRING (-58.45108901038449 -34.57839291260296, -58.452010995160215 -34.57794785199317)"
15238,"CALVO, CARLOS",Ciclovías,5,Boedo,27.5,"LINESTRING (-58.41204424720904 -34.622973654686355, -58.41233581071847 -34.62303173526783)"
20600,MARTINEZ CASTRO,Ciclovías,9,Parque Avellaneda,141.35,"LINESTRING (-58.47591652684458 -34.640926701459314, -58.474803681185676 -34.64180850933884)"
14452,"CALVO, CARLOS",Ciclovías,1,Constitucion,139.66,"LINESTRING (-58.38732301490382 -34.619955797509256, -58.38743110761623 -34.61996361135486, -58.38884143804591 -34.62005152362587)"
28001,"ALVAREZ, JULIAN",Ciclovías,15,Villa Crespo,8.78,"LINESTRING (-58.43622352344329 -34.600725130398416, -58.43615183120527 -34.60067271929583)"
10260,"GALLARDO, ANGEL AV.",Ciclovías mano única,15,Villa Crespo,59.32,"LINESTRING (-58.43661763839414 -34.604282806148774, -58.4370547457547 -34.60449079135239, -58.43717600749618 -34.604552438004)"
16858,PAVON,Ciclovías,3,San Cristobal,143.66,"LINESTRING (-58.40848752663389 -34.62833160478127, -58.40997560019414 -34.62873635323045)"
13985,RINCON,Ciclovías,3,Balvanera,131.5,"LINESTRING (-58.39605619670719 -34.61719645362678, -58.396003025282106 -34.61816826733316, -58.39599280220958 -34.618380658670084)"
13372,MENDEZ DE ANDES,Ciclovías,6,Caballito,85.84,"LINESTRING (-58.449162859903744 -34.61590612223154, -58.45001189157109 -34.61623171481922)"
7398,MONTEVIDEO,Ciclovías,2,Recoleta,134.08,"LINESTRING (-58.38900876437326 -34.59248390975516, -58.387953572544234 -34.59164768560481)"
11992,"AMBROSETTI, JUAN B.",Ciclovías,6,Caballito,97.91,"LINESTRING (-58.43809388494603 -34.61129202262376, -58.43835665387739 -34.61043664235206)"
16,CAMINO DE SIRGA,Ciclovías,4,Nueva Pompeya,500.45,"LINESTRING (-58.406164923388424 -34.659859757085734, -58.40577647308482 -34.65979534834402, -58.40520547588857 -34.65965182706423, -58.40465485925789 -34.65953359281817, -58.404134820705536 -34.659440650781626, -58.40369635609323 -34.65936459936686, -58.40314567720412 -34.659339051629395, -58.402727531276916 -34.659372553347495, -58.40233996708656 -34.65942292211185, -58.40192175889581 -34.65954068772007, -58.401268893092166 -34.659793160578346, -58.40093298449564 -34.65995796601738)"
10933,POTOSI,Ciclovías,5,Almagro,78.34,"LINESTRING (-58.426181988542865 -34.607278079073865, -58.427036007901364 -34.60728143453273)"
7850,GORRITI,Ciclovías,14,Palermo,102.61,"LINESTRING (-58.42363786537834 -34.594804763864644, -58.4244207027524 -34.59414408947303)"
4932,GUATEMALA,Ciclovías,14,Palermo,117.01,"LINESTRING (-58.43104275298748 -34.58108177640966, -58.43196046942752 -34.58034939618741)"
14893,MENDEZ DE ANDES,Ciclovías,7,Flores,96.7,"LINESTRING (-58.46317997106411 -34.621416446644474, -58.46411004196819 -34.621827012315606)"
15169,PASEO COLON AV.,Ciclovías,1,San Telmo,125.13,"LINESTRING (-58.36831532426055 -34.62168630142967, -58.36821578359052 -34.622619826080104, -58.36819145895145 -34.622809597996834)"
6428,CORDOBA AV.,Ciclovías mano única,14,Palermo,90.13,"LINESTRING (-58.43939052324503 -34.58810811982353, -58.440157973535676 -34.58760093493062)"
398,DEL LIBERTADOR AV.,Ciclovías,13,Nuñez,103.87,"LINESTRING (-58.45811758374383 -34.54605862473628, -58.458925224069 -34.54540286563067)"
18188,ESTRADA,Ciclovías,7,Parque Chacabuco,27.28,"LINESTRING (-58.439420371666465 -34.633168745994496, -58.439672266776725 -34.63329950058966)"
21370,"RODO, JOSE E.",Ciclovías,9,Parque Avellaneda,46.59,"LINESTRING (-58.48743143201381 -34.64443460636438, -58.48777668014356 -34.64474274209381)"
29029,VERTIZ VIRREY AV.,Ciclovías,13,Belgrano,146.4,"LINESTRING (-58.44529011165404 -34.561027816489506, -58.4466935224913 -34.5604005445352)"
6805,LOYOLA,Ciclovías,15,Chacarita,111.93,"LINESTRING (-58.44137585984784 -34.58971098523051, -58.442275515223706 -34.589029512040966)"
15959,"GONZALEZ, ELPIDIO",Ciclovías,10,Monte Castro,166.5,"LINESTRING (-58.50576798660411 -34.62445803363829, -58.50587060403334 -34.624554125726455, -58.50696770643847 -34.625584524223555)"
1433,MILLER,Ciclovías,12,Saavedra,49.77,"LINESTRING (-58.49360594900582 -34.555216880610274, -58.49370727226005 -34.555069809797644, -58.49387716634728 -34.55482842380605)"
8940,CORDOBA AV.,Ciclovías mano única,2,Recoleta,134.47,"LINESTRING (-58.392934176571934 -34.5996364206646, -58.39439939787759 -34.59967331370357)"
764,"PEDRAZA, MANUELA",Ciclovías,13,Nuñez,46.23,"LINESTRING (-58.463021104738964 -34.549581890125076, -58.46345064985207 -34.54979945870145)"
18574,BAIGORRI,Ciclovías,4,Barracas,161.36,"LINESTRING (-58.38727109840165 -34.63335429070699, -58.38644220922422 -34.63463737510257)"
32876,CAMPOS SALLES,Ciclovías,13,Nuñez,677.1,"LINESTRING (-58.45081471638271 -34.54285493664972, -58.451093600278156 -34.542630455482126, -58.45140785585141 -34.54239800242131, -58.451995681464034 -34.542055450133724, -58.45273017185947 -34.543010053516696, -58.45357162821501 -34.544094614240485, -58.45517887582556 -34.54611336357831)"
14866,SAN JUAN AV.,Ciclovías,1,San Telmo,20.56,"LINESTRING (-58.36691329129803 -34.62147672943694, -58.36700717825375 -34.62157645667636, -58.367072103474136 -34.6216009644001)"
426,"FIGUEROA ALCORTA, PRES. AV.",Ciclovías,13,Belgrano,57.0,"LINESTRING (-58.45106286867732 -34.54644510280815, -58.451673801767406 -34.54635311800776)"
21424,MARTINEZ CASTRO,Ciclovías,9,Parque Avellaneda,159.76,"LINESTRING (-58.47254102582384 -34.64359216765243, -58.47242549272407 -34.643689148993076, -58.4712856486742 -34.64459078570979)"
11744,CHIVILCOY,Ciclovías,11,Villa Devoto,117.86,"LINESTRING (-58.50236804816881 -34.61041899313489, -58.5024709692891 -34.61030008525907, -58.502999525713044 -34.609677370600856, -58.50311828668936 -34.60955683726912)"
9473,ECUADOR,Ciclovías,3,Balvanera,105.07,"LINESTRING (-58.40694585290641 -34.6016252053963, -58.40665026567317 -34.60071019547476)"
8366,"ALVEAR, MARCELO T. DE",Ciclovías,2,Recoleta,42.48,"LINESTRING (-58.391346675310764 -34.59721235865723, -58.39162830277944 -34.59721548218916, -58.39180969496683 -34.59721840554081)"
15590,LINIERS VIRREY,Ciclovías,5,Boedo,97.14,"LINESTRING (-58.413732206903646 -34.62333315923942, -58.413656380115505 -34.62420658915102)"
19245,"BONIFACIO, JOSE",Ciclovías,10,Floresta,100.92,"LINESTRING (-58.474913748270716 -34.63676880533517, -58.47592293879892 -34.63713180708322)"
9934,CORRIENTES AV.,Ciclovías mano única,1,San Nicolas,127.78,"LINESTRING (-58.37246477984885 -34.60314633243528, -58.372579322419064 -34.60315388255073, -58.37385386107077 -34.60323200775726)"
18785,CABOTO,Ciclovías,4,La Boca,102.42,"LINESTRING (-58.35442040033499 -34.634549963863826, -58.35393494741665 -34.63538143853827)"
30273,"COLECTORA CANTILO, INT.",Ciclovías,13,Nuñez,157.56,"LINESTRING (-58.4595348074056 -34.53652173409426, -58.459762542627885 -34.53625539457053, -58.459929548170216 -34.53604433238039, -58.4600297520342 -34.5358935730192, -58.460263563111724 -34.535446318180526, -58.46037287474566 -34.53528802064394)"
11635,CASTELLI,Ciclovías,3,Balvanera,141.98,"LINESTRING (-58.40457707362534 -34.61004146313378, -58.40467370811134 -34.60876409759463)"
28162,PATRICIAS ARGENTINAS AV.,Ciclovías,6,Caballito,67.85,"LINESTRING (-58.43464780996631 -34.60464250564615, -58.43535420070135 -34.604461026351636)"
8701,"ALVAREZ, JULIAN",Ciclovías,15,Villa Crespo,125.15,"LINESTRING (-58.43299471593525 -34.598658212304855, -58.43216831750638 -34.598130883279374, -58.431915189665645 -34.59796842150168)"
14395,DOBLAS,Ciclovías mano única,6,Caballito,128.32,"LINESTRING (-58.43154407668187 -34.61870643525585, -58.431349410093745 -34.61965202989229, -58.43131032071288 -34.61984688118798)"
6448,"ALVAREZ, JULIAN",Ciclovías,14,Palermo,158.55,"LINESTRING (-58.41706918675313 -34.588184805476075, -58.415664132359886 -34.587352701327525)"
4669,LA PAMPA,Ciclovías,12,Villa Urquiza,134.06,"LINESTRING (-58.47898792511884 -34.579125134817325, -58.47923248451792 -34.57926961292187, -58.480183223454816 -34.579819988480516)"
1238,CUBA,Ciclovías,13,Nuñez,137.56,"LINESTRING (-58.461925352533044 -34.55363735818729, -58.46270231196107 -34.55257698766316)"
8125,CHIVILCOY AV.,Ciclovías mano única,11,Villa Devoto,62.36,"LINESTRING (-58.515036809324926 -34.59619991244712, -58.515442574206084 -34.595748887422815)"
12247,"ALSINA, ADOLFO",Ciclovías,3,Balvanera,113.54,"LINESTRING (-58.40031976721926 -34.612082325097084, -58.40048900453959 -34.6120948068757, -58.40137905077017 -34.61216709380242, -58.40155203584981 -34.612180068972854)"
9365,CORRIENTES AV.,Ciclovías mano única,15,Villa Crespo,119.16,"LINESTRING (-58.43485262937974 -34.6011840508947, -58.43605666612025 -34.60078100961173)"
4318,DEL LIBERTADOR AV.,Ciclovías,14,Palermo,130.0,"LINESTRING (-58.40861937235455 -34.57783661680978, -58.40986646345141 -34.577280609204344)"
21595,PATRON,Ciclovías,9,Liniers,117.61,"LINESTRING (-58.51115156004508 -34.644228827738914, -58.51201980309216 -34.64500927640293)"
2548,11 DE SEPTIEMBRE DE 1888,Ciclovías,13,Belgrano,126.72,"LINESTRING (-58.44552133103973 -34.565340768136515, -58.446319012262634 -34.56440832660149)"
18706,"RODRIGUEZ, MARTIN",Ciclovías,4,La Boca,101.7,"LINESTRING (-58.36137338265839 -34.63428294194341, -58.360989472243936 -34.63490804884404, -58.36087165926821 -34.63510048694385)"
1919,ZAVALIA,Ciclovías,13,Belgrano,160.59,"LINESTRING (-58.450284094253405 -34.55967237246602, -58.45196533916107 -34.55927133403173)"
15749,VALLE,Ciclovías,6,Caballito,58.8,"LINESTRING (-58.437711160815965 -34.62470429435326, -58.437952922753055 -34.6247275141088, -58.43834810773423 -34.62476484953315)"
30261,COMPLEJO PARQUE DE LOS NIÑOS (SIN NOMBRE OFICIAL),Ciclovías,13,Nuñez,34.69,"LINESTRING (-58.4613520664807 -34.53443445092391, -58.461017294951695 -34.53428939714577)"
23164,"RODO, JOSE E.",Ciclovías,9,Mataderos,42.35,"LINESTRING (-58.494565556189194 -34.650598000703376, -58.4948915263354 -34.650868552421116)"
28101,"FIGUEROA ALCORTA, PRES. AV.",Ciclovías,14,Palermo,63.46,"LINESTRING (-58.43411810056931 -34.5539541183103, -58.4346554474964 -34.553594145734735)"
8658,MONTEVIDEO,Ciclovías,2,Recoleta,142.5,"LINESTRING (-58.389722800931835 -34.59847781854373, -58.38972902798648 -34.59836972202943, -58.38976324059209 -34.59733275463264, -58.38978635559838 -34.59719509034136)"
30009,"PEDRAZA, MANUELA",Ciclovías,13,Nuñez,43.98,"LINESTRING (-58.462395077743345 -34.549271555516206, -58.46251571422458 -34.54928871656993, -58.46274129669919 -34.54939179433422, -58.46283077678608 -34.54942701757679)"
1883,MILLER,Ciclovías,12,Saavedra,101.19,"LINESTRING (-58.490777936011895 -34.55930306451364, -58.49132731120655 -34.558512217785484)"
27485,MACHU PICCHU,Ciclovías,1,Retiro,37.91,"LINESTRING (-58.3759127229063 -34.58447419633845, -58.37568144895948 -34.58419103109984)"
9156,"ACUÑA DE FIGUEROA, FRANCISCO",Ciclovías,5,Almagro,131.4,"LINESTRING (-58.42221347636189 -34.60053910176583, -58.422040746572485 -34.59936325064811)"
12454,RINCON,Ciclovías,3,Balvanera,132.31,"LINESTRING (-58.396168140173096 -34.61178278337802, -58.39615227401739 -34.612975396100545)"
30834,CONGRESO,Ciclovías,13,Nuñez,26.74,"LINESTRING (-58.458317062824186 -34.55327300310948, -58.45840740019771 -34.553252860713485, -58.4585767178892 -34.55333738872904)"
19468,IRALA,Ciclovías,4,La Boca,101.72,"LINESTRING (-58.366623881631504 -34.63701372061219, -58.36647925904101 -34.637922839298085)"
29914,COMPLEJO CIUDAD UNIVERSITARIA (SIN NOMBRE OFICIAL),Ciclovías,13,Belgrano,136.22,"LINESTRING (-58.442274071815106 -34.54306833008233, -58.44349062787419 -34.54236513386647)"
20872,HERRERA,Ciclovías,4,Barracas,151.09,"LINESTRING (-58.37684699709928 -34.64135403901873, -58.376496773301106 -34.64268485751345)"
4925,"NEWBERY, JORGE",Ciclovías,13,Colegiales,115.45,"LINESTRING (-58.44748442000356 -34.5801445038003, -58.44810146692928 -34.581051430175705)"
8004,GORRITI,Ciclovías,14,Palermo,156.07,"LINESTRING (-58.415048827910425 -34.59559745752908, -58.41674857334945 -34.595537905546976)"
4620,GUATEMALA,Ciclovías,14,Palermo,129.12,"LINESTRING (-58.43297696532032 -34.57953815882484, -58.43398952382224 -34.57872994016382)"
9546,CUCHA CUCHA,Ciclovías,15,Villa Crespo,43.81,"LINESTRING (-58.45707057133438 -34.601892430023874, -58.45753311807632 -34.601794000556474)"
17051,CABOTO,Ciclovías,4,La Boca,165.69,"LINESTRING (-58.35984295086937 -34.628441596146445, -58.35872708876464 -34.6291845958451, -58.35843548029236 -34.62937807984591)"
14472,"CALVO, CARLOS",Ciclovías,1,Constitucion,124.92,"LINESTRING (-58.38884143804591 -34.62005152362587, -58.39019964104555 -34.62013607846822)"
10348,SUIPACHA,Ciclovías,1,San Nicolas,7.74,"LINESTRING (-58.37938289814335 -34.60490701622003, -58.379387141585 -34.604837299827125)"
15077,ESTADOS UNIDOS,Ciclovías,5,Boedo,131.69,"LINESTRING (-58.41494828908598 -34.62227715613394, -58.41636971708819 -34.62244538929378)"
28861,COMPLEJO CIUDAD UNIVERSITARIA (SIN NOMBRE OFICIAL),Ciclovías,13,Belgrano,92.67,"LINESTRING (-58.4412773891712 -34.543116682199475, -58.441537763915015 -34.54315324809034, -58.44185773149707 -34.54313869700974, -58.442274071815106 -34.54306833008233)"
18198,LINIERS VIRREY,Ciclovías,5,Boedo,146.23,"LINESTRING (-58.41296512253707 -34.63201631962345, -58.41296748577789 -34.63219428014601, -58.413022122788945 -34.63314072062094, -58.41303325293774 -34.633333121485826)"
14099,CHIVILCOY,Ciclovías,10,Floresta,68.77,"LINESTRING (-58.49397359385869 -34.6187551635085, -58.494515287814366 -34.61832657006671)"
12364,SANCHEZ DE LORIA,Ciclovías,3,Balvanera,129.44,"LINESTRING (-58.41401663116532 -34.61154960554737, -58.41356360274866 -34.612364221391594, -58.41343773198023 -34.612613539540824)"
14691,"SASTRE, MARCOS",Ciclovías,10,Monte Castro,71.59,"LINESTRING (-58.515388809889075 -34.62052651233245, -58.51552628549615 -34.620640116889895, -58.515784277580586 -34.62085423408256, -58.5159357368316 -34.6209869168897)"
14530,MENDEZ DE ANDES,Ciclovías,7,Flores,133.13,"LINESTRING (-58.4597469344114 -34.61984208005729, -58.460873745957926 -34.62035936752353, -58.46101728176615 -34.620422680924776)"
9636,HUMAHUACA,Ciclovías,5,Almagro,132.72,"LINESTRING (-58.41790517578575 -34.60219048749256, -58.41934184576777 -34.60204932124651)"
22755,"RODO, JOSE E.",Ciclovías,9,Mataderos,102.73,"LINESTRING (-58.49221893922148 -34.64859743837783, -58.492341684322476 -34.64870191703117, -58.493000506285064 -34.64926105827564)"
27552,"PERETTE, CARLOS H.",Ciclovías,1,Retiro,78.05,"LINESTRING (-58.37568144895948 -34.58419103109984, -58.376379495868626 -34.58378885681468)"
1983,MILLER,Ciclovías,12,Saavedra,139.17,"LINESTRING (-58.490022389897504 -34.560390721082626, -58.490777936011895 -34.55930306451364)"
7969,CORRIENTES AV.,Ciclovías mano única,15,Villa Crespo,105.12,"LINESTRING (-58.44353937103008 -34.59547131037595, -58.44430137411248 -34.59476367334986)"
27145,"BARROS PAZOS, JOSE",Ciclovías mano única,8,Villa Riachuelo,103.38,"LINESTRING (-58.47843755013593 -34.686486855066256, -58.47908336844244 -34.6870710696349, -58.47919848084431 -34.68717478718902)"
8971,ESTADO DE ISRAEL AV.,Ciclovías mano única,15,Villa Crespo,5.11,"LINESTRING (-58.43015194847563 -34.59977002576182, -58.430189748074554 -34.599803839366324)"
4943,CERETTI,Ciclovías,12,Villa Urquiza,68.16,"LINESTRING (-58.49066472068478 -34.58112733843244, -58.491067201722515 -34.58061097028865)"
7504,"MANSILLA, LUCIO NORBERTO, GENERAL",Ciclovías,2,Recoleta,92.89,"LINESTRING (-58.41212337130227 -34.592875235276686, -58.412686002763 -34.592459829218576, -58.41288041591801 -34.59231927355084)"
9188,PADILLA,Ciclovías,15,Villa Crespo,130.44,"LINESTRING (-58.44182452976848 -34.600660539485865, -58.44278344976453 -34.59979238117649)"
3043,BLANCO ENCALADA,Ciclovías,12,Villa Urquiza,115.97,"LINESTRING (-58.47459844593109 -34.568451816480135, -58.47547675041495 -34.5689831514799, -58.47561799887608 -34.56906940669549)"
11587,"LAMAS, ANDRES",Ciclovías,11,Villa Gral. Mitre,34.49,"LINESTRING (-58.467112081954724 -34.60989222358968, -58.46731393358825 -34.60962988951489)"
31262,"BEIRO, FRANCISCO AV.",Ciclovías,15,Agronomia,81.05,"LINESTRING (-58.49113662022745 -34.59309020880507, -58.49087061460901 -34.59298209982907, -58.49067875499259 -34.59294248138768, -58.49039098325678 -34.592935335647915, -58.490299432216055 -34.59297141327881)"
957,DEL LIBERTADOR AV.,Ciclovías,13,Belgrano,110.67,"LINESTRING (-58.45230977186216 -34.55131836638485, -58.45300747509259 -34.55050474598696)"
6776,CORDOBA AV.,Ciclovías mano única,14,Palermo,109.51,"LINESTRING (-58.43712593045235 -34.5896117657505, -58.438052935675344 -34.58898983762226)"
10263,CORRIENTES AV.,Ciclovías mano única,3,Balvanera,108.89,"LINESTRING (-58.40547222748421 -34.60456293984988, -58.40564717760439 -34.604545135055666, -58.40664511150247 -34.60441236112221)"
2658,DEL LIBERTADOR AV.,Ciclovías,14,Palermo,120.37,"LINESTRING (-58.43224722995798 -34.5661701027001, -58.43331201038407 -34.56553648227389)"
4314,BLANCO ENCALADA,Ciclovías,12,Villa Urquiza,120.96,"LINESTRING (-58.48913496593753 -34.57717168135618, -58.49020795168656 -34.57780505325943)"
15400,"SASTRE, MARCOS",Ciclovías,10,Monte Castro,136.3,"LINESTRING (-58.517890270279814 -34.62271368387648, -58.51890554154505 -34.623610911737124)"
16855,DOBLAS,Ciclovías,7,Parque Chacabuco,149.28,"LINESTRING (-58.429635425946906 -34.62741172945317, -58.42937580178183 -34.628561599604865, -58.42932589367951 -34.62873257347019)"
14616,BOLIVAR,Ciclovías,1,San Telmo,124.32,"LINESTRING (-58.37294194739159 -34.619603242501185, -58.37285423752536 -34.620596076534824, -58.37285418694978 -34.620721218806544)"
30840,CONGRESO,Ciclovías,13,Nuñez,26.64,"LINESTRING (-58.45807944843147 -34.55314988988118, -58.458146815232496 -34.55315719344794, -58.45826372986988 -34.55322168913887, -58.458317062824186 -34.55327300310948)"
6427,HUMBOLDT,Ciclovías,14,Palermo,120.9,"LINESTRING (-58.43939052324503 -34.58810811982353, -58.43921812870426 -34.587971604666514, -58.43851181947193 -34.58729687394003)"
912,MONROE,Ciclovías,13,Belgrano,130.45,"LINESTRING (-58.446478911224894 -34.55031458001088, -58.44763420596332 -34.550999397797426)"
1839,IBERA,Ciclovías,12,Coghlan,105.25,"LINESTRING (-58.47336638795709 -34.55839241147772, -58.47432450785349 -34.55891381925365)"
9633,"ALVAREZ, JULIAN",Ciclovías,15,Villa Crespo,141.95,"LINESTRING (-58.438512163546676 -34.60219373781056, -58.437289666495396 -34.60140931647337)"
30733,SARMIENTO AV.,Ciclovías,14,Palermo,70.57,"LINESTRING (-58.41286023375786 -34.57262423261117, -58.412318664692926 -34.57217262538671)"
16373,NECOCHEA,Ciclovías,4,La Boca,94.43,"LINESTRING (-58.366306500647724 -34.62669393100262, -58.36624523958698 -34.62684719376225, -58.36612661097969 -34.62702872095751, -58.36567039286545 -34.627331247178404)"
17173,TACUARI,Ciclovías,4,Barracas,129.64,"LINESTRING (-58.37562308413089 -34.62896607778474, -58.374921341420475 -34.62976734015319, -58.374793905809994 -34.6299125309228)"
3190,"ROLDAN, BELISARIO AV.",Ciclovías,14,Palermo,104.72,"LINESTRING (-58.41283901495649 -34.57008384481784, -58.41288726191791 -34.56998273593381, -58.41291292647528 -34.569917745206325, -58.41293092358994 -34.56986162472946, -58.41294543061654 -34.569804798570054, -58.41295627720934 -34.569747407507045, -58.412963548424486 -34.5696895924244, -58.4129671589659 -34.56963163498349, -58.41296719397481 -34.569573535219725, -58.41296348306424 -34.56951550433478, -58.41295619638162 -34.56945775367042, -58.41294346630529 -34.569391479458595, -58.41283053946842 -34.56917565375543)"
27196,"ROCA, CNEL. AV.",Ciclovías,8,Villa Riachuelo,155.06,"LINESTRING (-58.45799327829425 -34.687307891824354, -58.45855653105015 -34.68766622530634, -58.45920400799574 -34.688275193079356)"
33090,"HORNOS, GRAL.",Ciclovías,4,Barracas,37.16,"LINESTRING (-58.37552700222937 -34.64219148831955, -58.37549037642358 -34.642525051233235)"
19438,PICHEUTA,Ciclovías,7,Parque Chacabuco,65.42,"LINESTRING (-58.43478714687841 -34.6372728611105, -58.43458348787496 -34.637838029859495)"
7562,CHIVILCOY AV.,Ciclovías mano única,11,Villa Devoto,117.55,"LINESTRING (-58.51774560374982 -34.59319720622214, -58.51851256884258 -34.59234832643098)"
28869,COMPLEJO CIUDAD UNIVERSITARIA (SIN NOMBRE OFICIAL),Ciclovías,13,Belgrano,73.72,"LINESTRING (-58.444981614915434 -34.541545685026655, -58.44565411658189 -34.5411825586748)"
6774,"MANSILLA, LUCIO NORBERTO, GENERAL",Ciclovías,14,Palermo,35.1,"LINESTRING (-58.41681438554538 -34.58960501489865, -58.41702826773227 -34.58934262688601)"
15824,VALLE,Ciclovías,6,Caballito,94.45,"LINESTRING (-58.440622192810146 -34.62499107073725, -58.44164504588288 -34.62509055351631)"
15573,VALLE,Ciclovías,6,Caballito,127.07,"LINESTRING (-58.430422938236575 -34.62397845490656, -58.431623876757314 -34.62413243641835, -58.43179143474104 -34.624157409678915)"
18629,HERRERA,Ciclovías,4,Barracas,223.69,"LINESTRING (-58.37931155984464 -34.63286392383042, -58.37870773634971 -34.63481753934552)"
5251,TAGLE,Ciclovías,14,Palermo,251.13,"LINESTRING (-58.399364781411265 -34.58271474589321, -58.39811256286394 -34.580701863501616)"
9849,"GALLARDO, ANGEL AV.",Ciclovías mano única,15,Villa Crespo,56.79,"LINESTRING (-58.43333571585996 -34.602672865357576, -58.43386732347795 -34.602935252215204)"
9227,BILLINGHURST,Ciclovías,5,Almagro,130.75,"LINESTRING (-58.41513883975179 -34.60076595464438, -58.41496889390546 -34.59980714031118, -58.4149325637405 -34.59959972834054)"
421,"FIGUEROA ALCORTA, PRES. AV.",Ciclovías,13,Belgrano,42.12,"LINESTRING (-58.451673801767406 -34.54635311800776, -58.45212523432932 -34.546285130327036)"
15567,PASEO COLON AV.,Ciclovías,1,San Telmo,140.42,"LINESTRING (-58.36819145895145 -34.622809597996834, -58.36816584544981 -34.62300894647018, -58.36808603315761 -34.623821498931974, -58.36806351396048 -34.62407085031998)"
23400,"RODO, JOSE E.",Ciclovías,9,Mataderos,103.82,"LINESTRING (-58.49534511202232 -34.65125252128901, -58.49545260562057 -34.651342845741055, -58.49614283534678 -34.651916820725106)"
6662,CORRIENTES AV.,Ciclovías mano única,15,Chacarita,61.11,"LINESTRING (-58.45033894256723 -34.58911155169611, -58.45076843528564 -34.588690532901154)"
5297,ROSETI,Ciclovías,15,Chacarita,131.54,"LINESTRING (-58.45401860186867 -34.5829599462241, -58.455368054415366 -34.582559681909906)"
7719,GORRITI,Ciclovías,14,Palermo,100.84,"LINESTRING (-58.4244207027524 -34.59414408947303, -58.42469689513888 -34.593910933881524, -58.42520070825754 -34.59350369112474)"
19226,RONDEAU,Ciclovías,5,Boedo,90.13,"LINESTRING (-58.41092966579978 -34.63704170862011, -58.41191229331334 -34.63706311271216)"
17617,"BONIFACIO, JOSE",Ciclovías,7,Flores,114.1,"LINESTRING (-58.45706745122895 -34.631107241279516, -58.45814226870279 -34.63144947812011, -58.458228656614295 -34.63147680596937)"
11805,TACUARI,Ciclovías,1,Monserrat,126.79,"LINESTRING (-58.37916441339593 -34.609491155192735, -58.37915960476792 -34.60961411129423, -58.37913161218916 -34.61051297736628, -58.379124335778926 -34.61063353734474)"
12008,TRES ARROYOS,Ciclovías,11,Villa Gral. Mitre,72.15,"LINESTRING (-58.464414185020935 -34.610986941083766, -58.46507754246237 -34.611336445056864)"
30603,MONROE,Ciclovías,12,Villa Pueyrredon,27.48,"LINESTRING (-58.4952217588127 -34.579467974527695, -58.495521204143344 -34.57946797475647)"
7230,"ACUÑA DE FIGUEROA, FRANCISCO",Ciclovías,14,Palermo,169.83,"LINESTRING (-58.4205455930777 -34.59157768024439, -58.420244493936735 -34.590067196649265)"
12469,"IRIGOYEN, BERNARDO DE",Ciclovías,1,Monserrat,134.01,"LINESTRING (-58.38054344848492 -34.61183184809686, -58.38050318310773 -34.612666409224154, -58.38048577765864 -34.61303893748677)"
19847,ZAÑARTU,Ciclovías,7,Parque Chacabuco,118.82,"LINESTRING (-58.42908314531605 -34.638974015509916, -58.43034859662479 -34.63920471817755)"
7188,SERRANO,Ciclovías,14,Palermo,108.71,"LINESTRING (-58.434364853669535 -34.59144835678917, -58.433434656852434 -34.59084129140911)"
680,AMENABAR,Ciclovías,12,Saavedra,16.58,"LINESTRING (-58.470848317254244 -34.54914681553315, -58.47095273956213 -34.54902490470625)"
2812,DEL LIBERTADOR AV.,Ciclovías,14,Palermo,118.24,"LINESTRING (-58.430176975500494 -34.567391415133464, -58.43068081105854 -34.5671023194078, -58.43122892541139 -34.56677611977437)"
11268,"LAMAS, ANDRES",Ciclovías,11,Villa Gral. Mitre,119.1,"LINESTRING (-58.46806026244468 -34.608657384233055, -58.46875283423923 -34.60774931418475)"
10331,BILLINGHURST,Ciclovías,5,Almagro,115.43,"LINESTRING (-58.41586290447572 -34.60483129912894, -58.41569203023256 -34.603977910170926, -58.41566308698492 -34.60380402306387)"
968,"OBLIGADO RAFAEL, AV.COSTANERA",Ciclovías,13,Belgrano,83.15,"LINESTRING (-58.42848248435882 -34.55128385116398, -58.42870164085065 -34.55116642038692, -58.4292181631792 -34.55084705108578)"
19156,DEAN FUNES,Ciclovías,4,Parque Patricios,141.46,"LINESTRING (-58.40405438048779 -34.63553763302033, -58.403783481933814 -34.636792935456974)"
1340,AMENABAR,Ciclovías,13,Nuñez,103.94,"LINESTRING (-58.46638409107061 -34.554518685380415, -58.46722596695147 -34.55389202701899)"
10637,"URIBURU JOSE E., PRES.",Ciclovías,3,Balvanera,160.88,"LINESTRING (-58.39798053210631 -34.606015870389804, -58.39799407338841 -34.60590820003841, -58.398200080409296 -34.60473449035756, -58.39822191948896 -34.60457957017559)"
3876,LA PAMPA,Ciclovías,12,Villa Urquiza,104.86,"LINESTRING (-58.47086525151684 -34.57449638225875, -58.471806088534215 -34.575032809767514)"
10276,CHIVILCOY AV.,Ciclovías mano única,11,Villa Devoto,121.94,"LINESTRING (-58.5075813259269 -34.604624648227905, -58.508377351992415 -34.603744273064216)"
8933,ECUADOR,Ciclovías,3,Balvanera,191.29,"LINESTRING (-58.40631424100406 -34.59965699467961, -58.40573815006005 -34.59835621111608, -58.40558907777432 -34.59804036110832)"
29831,SENDERO DORREGO (NO OFICIAL),Ciclovías,14,Palermo,54.36,"LINESTRING (-58.43688013168456 -34.576099521687624, -58.43699911020974 -34.576100980815305, -58.4368388317984 -34.57594180674372, -58.43662266225923 -34.57589651855524)"
26573,"BARROS PAZOS, JOSE",Ciclovías mano única,8,Villa Lugano,105.14,"LINESTRING (-58.46679753639413 -34.67621170291563, -58.467591744942844 -34.67689565737984)"
16354,DEAN FUNES,Ciclovías,3,San Cristobal,137.29,"LINESTRING (-58.40560388072357 -34.625764894762916, -58.405435541556706 -34.626994617306835)"
3613,LUGONES,Ciclovías,12,Villa Urquiza,120.3,"LINESTRING (-58.47773229970931 -34.573122144655855, -58.478507145067695 -34.57224745558888)"
1750,SUPERI,Ciclovías,12,Coghlan,149.74,"LINESTRING (-58.47502834470971 -34.55799697257575, -58.47590305538676 -34.55685756393534)"
30011,"PEDRAZA, MANUELA",Ciclovías,13,Nuñez,46.43,"LINESTRING (-58.46163714317548 -34.54883923900028, -58.46200058058001 -34.549029627931525, -58.462028158487094 -34.54908795630312)"
26901,"BARROS PAZOS, JOSE",Ciclovías mano única,8,Villa Lugano,87.0,"LINESTRING (-58.47288401388557 -34.681525931030855, -58.47353674323379 -34.6820953861701)"
28963,DEL LIBERTADOR AV.,Ciclovías,13,Belgrano,76.13,"LINESTRING (-58.44337110351045 -34.56171831652794, -58.44415417883867 -34.561491799996496)"
16275,AZOPARDO,Ciclovías,4,La Boca,167.28,"LINESTRING (-58.366492172111165 -34.62519392150992, -58.3664730387496 -34.62538426050562, -58.36633955525939 -34.626474095784374, -58.366306500647724 -34.62669393100262)"
16715,BOLIVAR,Ciclovías,4,Barracas,47.11,"LINESTRING (-58.37241279930831 -34.627789912893164, -58.37237732553139 -34.62797678982741, -58.37231556507082 -34.62820667575926)"
11872,BILLINGHURST,Ciclovías,5,Almagro,153.27,"LINESTRING (-58.41582559064895 -34.61083390468991, -58.415796082806274 -34.610749385008425, -58.41595345148391 -34.60946231578933)"
13559,"SASTRE, MARCOS",Ciclovías,10,Monte Castro,103.0,"LINESTRING (-58.50981542374332 -34.6163497693892, -58.51071712781781 -34.616903232089655)"
18925,PICHEUTA,Ciclovías,7,Parque Chacabuco,69.86,"LINESTRING (-58.43547511541079 -34.63536300182371, -58.435257650208605 -34.63596654937779)"
3513,MOLDES,Ciclovías,13,Colegiales,113.06,"LINESTRING (-58.4475613149778 -34.57241394085316, -58.44864127310964 -34.571923431643185)"
10121,BOUCHARD,Ciclovías,1,San Nicolas,150.69,"LINESTRING (-58.368826980447515 -34.60425696648055, -58.36899243414765 -34.603041513440395, -58.36901515496271 -34.60290758538501)"
6041,GORRITI,Ciclovías,14,Palermo,55.5,"LINESTRING (-58.435269961876386 -34.58642003017264, -58.4354719946173 -34.58625514389997, -58.43570298417559 -34.58607075644991)"
10930,"PELLEGRINI, CARLOS",Ciclovías,1,San Nicolas,130.24,"LINESTRING (-58.38077650479519 -34.607256450744046, -58.38083915848382 -34.60608358926493)"
7654,"MANSILLA, LUCIO NORBERTO, GENERAL",Ciclovías,2,Recoleta,141.65,"LINESTRING (-58.41022934424808 -34.59374338428346, -58.41156706530936 -34.59310584960491)"
2317,DEL LIBERTADOR AV.,Ciclovías,14,Palermo,141.02,"LINESTRING (-58.4367814908993 -34.563466302524056, -58.43690353459162 -34.56339979593523, -58.43716841779279 -34.56327596381351, -58.43757543771549 -34.5631217624305, -58.43804692292873 -34.56297714664768, -58.438177601891816 -34.562946820840445)"
17090,COMBATE DE LOS POZOS,Ciclovías,4,Parque Patricios,252.26,"LINESTRING (-58.3921626167845 -34.62726224954113, -58.3917251847845 -34.629507228695275)"
19820,"ARAOZ DE LAMADRID, GREGORIO, GRAL.",Ciclovías,4,La Boca,102.74,"LINESTRING (-58.362234184785905 -34.63868362736226, -58.36317446869125 -34.63906250477974, -58.36323654206859 -34.63909642925447)"
10696,"PERON, JUAN DOMINGO, TTE. GENERAL",Ciclovías mano única,1,San Nicolas,130.01,"LINESTRING (-58.38358509308802 -34.60623499378224, -58.3837123279767 -34.606246133338544, -58.384883512159114 -34.606339709897384, -58.38499601675031 -34.606346613235026)"
23694,"RODO, JOSE E.",Ciclovías,9,Mataderos,103.23,"LINESTRING (-58.49693545627393 -34.65257611623932, -58.49772919792064 -34.653236180862386)"
26840,"ROCA, CNEL. AV.",Ciclovías,8,Villa Lugano,72.0,"LINESTRING (-58.45064148311088 -34.68003614016962, -58.450824562151325 -34.680239821489664, -58.45114215632695 -34.68053553910935)"
15245,ESTADOS UNIDOS,Ciclovías,5,Boedo,60.45,"LINESTRING (-58.42205691306836 -34.622989986271655, -58.42270933136431 -34.62306774122645)"
9881,CORRIENTES AV.,Ciclovías mano única,1,San Nicolas,99.39,"LINESTRING (-58.36901515496271 -34.60290758538501, -58.369187175847856 -34.60292328179558, -58.369935385549425 -34.60298864628346, -58.37009315456111 -34.602996991948196)"
4232,CASARES AV.,Ciclovías,14,Palermo,233.15,"LINESTRING (-58.40986646345141 -34.577280609204344, -58.40978381298471 -34.57684781821656, -58.409771668693026 -34.5767996429516, -58.4097494892551 -34.576733575614846, -58.409727218883326 -34.576676592915284, -58.40970086101487 -34.57662080562242, -58.40967050084276 -34.576566143347186, -58.40963103513674 -34.576504505095265, -58.40960134798114 -34.57646258982234, -58.40957021283073 -34.57642165983902, -58.40953754463668 -34.57638157425898, -58.4095033434002 -34.576342333081016, -58.40946769421753 -34.57630400676525, -58.409430597089454 -34.57626659531048, -58.40939213711166 -34.57623016917685, -58.40935231423907 -34.576194798786936, -58.40929972563245 -34.576151253564895, -58.40922807363717 -34.576095375694486, -58.40915548432797 -34.576040835419796, -58.409081787605686 -34.57598735096809, -58.4090068982838 -34.57593499272334, -58.40894460267881 -34.575893555745445, -58.40885567428649 -34.57582759934192, -58.40877576723472 -34.57576721039125, -58.40854618375906 -34.57557787859746)"
5730,GRIVEO,Ciclovías,12,Villa Pueyrredon,74.88,"LINESTRING (-58.50374293316373 -34.58455848666315, -58.504395969271904 -34.58496327579519)"
14897,"CALVO, CARLOS",Ciclovías,3,San Cristobal,157.2,"LINESTRING (-58.40448928293621 -34.62148022883052, -58.4047959950557 -34.621544179884225, -58.406154023932736 -34.62181778459456)"
13409,CHILE,Ciclovías mano única,1,Monserrat,130.24,"LINESTRING (-58.3774292231301 -34.61629228837867, -58.37884708443215 -34.61635799727226)"
28065,"PERETTE, CARLOS H.",Ciclovías,1,Retiro,17.05,"LINESTRING (-58.37552779003157 -34.58427749902491, -58.37568144895948 -34.58419103109984)"
27880,"BEIRO, FRANCISCO AV.",Ciclovías,15,Agronomia,33.66,"LINESTRING (-58.49062722516749 -34.59277563987583, -58.49099299669208 -34.592799442344315)"
7741,ANTARTIDA ARGENTINA AV.,Ciclovías,1,Retiro,193.65,"LINESTRING (-58.36951851569034 -34.59426537071014, -58.36988062157615 -34.59324901069009, -58.369972720351754 -34.592971040935936, -58.3701072187099 -34.59258905161453)"
26910,UNANUE,Ciclovías mano única,8,Villa Lugano,67.03,"LINESTRING (-58.47503172134935 -34.681899546828724, -58.475535433676995 -34.68233759677274)"
18102,BARCO CENTENERA DEL,Ciclovías,7,Parque Chacabuco,10.97,"LINESTRING (-58.436780551333335 -34.63298812835304, -58.43672352587778 -34.633075088647175)"
357,DEL LIBERTADOR AV.,Ciclovías,13,Nuñez,110.18,"LINESTRING (-58.458925224069 -34.54540286563067, -58.45979634372142 -34.54471963748383)"
4465,LA PAMPA,Ciclovías,12,Villa Urquiza,47.37,"LINESTRING (-58.47777306331914 -34.578427173036594, -58.47819856446243 -34.578669027863235)"
26785,UNANUE,Ciclovías mano única,8,Villa Lugano,106.09,"LINESTRING (-58.47234861193825 -34.67955378439539, -58.47246524031036 -34.67966060692575, -58.47314063028632 -34.68025118946639)"
4115,"MARTINEZ, ENRIQUE, GRAL.",Ciclovías,13,Colegiales,82.8,"LINESTRING (-58.454788555525305 -34.576605727443116, -58.4556424550097 -34.576364441284426)"
8168,"ALVEAR, MARCELO T. DE",Ciclovías,2,Recoleta,125.38,"LINESTRING (-58.401609575303446 -34.596340781656345, -58.402825196249196 -34.59582426920664)"
5252,DEL LIBERTADOR AV.,Ciclovías,14,Palermo,81.67,"LINESTRING (-58.399364781411265 -34.58271474589321, -58.399575463695605 -34.58267739060722, -58.400204001801846 -34.58247461487363)"
29032,"GUIRALDES, INT.",Ciclovías,13,Belgrano,56.75,"LINESTRING (-58.43892007187549 -34.54523982603617, -58.43875681718822 -34.545099194418995, -58.43857222804327 -34.54482193185962)"
2387,"FIGUEROA ALCORTA, PRES. AV.",Ciclovías,14,Palermo,166.51,"LINESTRING (-58.422602252979644 -34.5640369413732, -58.422783467626374 -34.563733051479495, -58.423276973369695 -34.56280178577556, -58.42337067154399 -34.562678856054404)"
13456,MEXICO,Ciclovías,3,Balvanera,87.28,"LINESTRING (-58.400227710302794 -34.61644881310366, -58.40116990552073 -34.61655915712964)"
19836,PEDERNERA,Ciclovías,7,Flores,60.03,"LINESTRING (-58.45782740972555 -34.63879967696434, -58.45736182612356 -34.6391801516115)"
6517,AZCUENAGA,Ciclovías,2,Recoleta,93.72,"LINESTRING (-58.39586120285952 -34.5885533860074, -58.39528758582909 -34.587854323235746)"
5089,GODOY CRUZ,Ciclovías,14,Palermo,144.46,"LINESTRING (-58.427997655757196 -34.58178707348349, -58.427074107812956 -34.58073241708142)"
6360,GRIVEO,Ciclovías,12,Villa Pueyrredon,69.21,"LINESTRING (-58.508416189780334 -34.58744619564884, -58.50902037663713 -34.58781978014747)"
195,DEL LIBERTADOR AV.,Ciclovías,13,Nuñez,85.39,"LINESTRING (-58.46198400057933 -34.54268794006678, -58.46260281310515 -34.54211328288775)"
24968,"RABANAL, FRANCISCO, INTENDENTE AV.",Ciclovías,4,Nueva Pompeya,117.18,"LINESTRING (-58.42538405941652 -34.658478700462965, -58.4264426259908 -34.65907085946006)"
29815,CHIVILCOY AV.,Ciclovías mano única,11,Villa Devoto,20.1,"LINESTRING (-58.515089857682376 -34.5963772957108, -58.5152116083397 -34.59622667311013)"
5269,"BORGES, JORGE LUIS",Ciclovías,14,Palermo,151.59,"LINESTRING (-58.42193653108642 -34.5828167380905, -58.42075372726183 -34.58186272243346)"
32418,YERBAL,Ciclovías,6,Caballito,30.86,"LINESTRING (-58.44965664418447 -34.6225398638731, -58.44995932815002 -34.62266136586009)"
8895,CORDOBA AV.,Ciclovías mano única,2,Recoleta,43.81,"LINESTRING (-58.38966761766499 -34.59944012404755, -58.39014365748361 -34.5994714671931)"
5929,"NEWBERY, JORGE AV.",Ciclovías,15,Chacarita,118.12,"LINESTRING (-58.44955469240659 -34.584887517945035, -58.44988320314321 -34.58591700959855)"
1459,11 DE SEPTIEMBRE DE 1888,Ciclovías,13,Belgrano,60.89,"LINESTRING (-58.45391696718125 -34.5553979614558, -58.45430209462908 -34.554951078787134)"
5475,CORDOBA AV.,Ciclovías mano única,15,Chacarita,124.97,"LINESTRING (-58.44642856994631 -34.583807740077326, -58.44763709025947 -34.583288173360835)"
6870,SERRANO,Ciclovías,14,Palermo,53.31,"LINESTRING (-58.43217108881046 -34.59001666578797, -58.431714943659074 -34.58971893783995)"
30032,"FIGUEROA ALCORTA, PRES. AV.",Ciclovías,13,Belgrano,72.53,"LINESTRING (-58.44142959889755 -34.54794025840231, -58.44176831205577 -34.54785666874659, -58.44219363513017 -34.547774557924626)"
1363,DEL LIBERTADOR AV.,Ciclovías,13,Belgrano,127.47,"LINESTRING (-58.44929883651686 -34.554815745295045, -58.45010412137537 -34.553879616206565)"
18137,ESTRADA,Ciclovías,7,Parque Chacabuco,27.29,"LINESTRING (-58.43916830695001 -34.63303799084288, -58.439420371666465 -34.633168745994496)"
10223,CORRIENTES AV.,Ciclovías mano única,1,San Nicolas,135.02,"LINESTRING (-58.39082287618787 -34.6043332832326, -58.39228965665492 -34.60443527392531)"
12319,"ALSINA, ADOLFO",Ciclovías,3,Balvanera,111.9,"LINESTRING (-58.40435288061348 -34.61234899184527, -58.40533689382352 -34.61240650633457, -58.40556984413318 -34.61242056063531)"
9210,MONTEVIDEO,Ciclovías,1,San Nicolas,141.32,"LINESTRING (-58.38959452996146 -34.60071256410717, -58.38966761766499 -34.59944012404755)"
1523,IBERA,Ciclovías,13,Nuñez,101.31,"LINESTRING (-58.46801441422562 -34.55543956996231, -58.46827437718227 -34.55558639399354, -58.46892650171036 -34.55595383886482)"
1413,"OBLIGADO RAFAEL, AV.COSTANERA",Ciclovías,14,Palermo,237.83,"LINESTRING (-58.41635766228512 -34.55456656359787, -58.41731023207505 -34.55432317592877, -58.417761275681336 -34.554230686524875, -58.41824258711914 -34.5541365371046, -58.41886817221468 -34.55404661217817)"
4198,GUATEMALA,Ciclovías,14,Palermo,135.69,"LINESTRING (-58.436019776957906 -34.57710946428912, -58.4370837994801 -34.57626010355168)"
32940,ANTARTIDA ARGENTINA AV.,Ciclovías,1,Retiro,128.83,"LINESTRING (-58.36917329652818 -34.595389632305725, -58.369228530817956 -34.59511035544866, -58.36951851569034 -34.59426537071014)"
9658,TUCUMAN,Ciclovías,3,Balvanera,108.57,"LINESTRING (-58.39972065319308 -34.602221381840096, -58.40090414130736 -34.6022103024619)"
7000,AZCUENAGA,Ciclovías,2,Recoleta,141.26,"LINESTRING (-58.39743843411738 -34.59056892960062, -58.39736366492115 -34.590465014232954, -58.396627174895826 -34.58948671017335)"
14956,"GONZALEZ, ELPIDIO",Ciclovías,10,Monte Castro,141.33,"LINESTRING (-58.50076279273825 -34.62132386217003, -58.50205283975476 -34.62202079140824)"
15681,VALLE,Ciclovías,6,Caballito,160.43,"LINESTRING (-58.434482888630065 -34.62445821949662, -58.436227966312465 -34.624558902113215)"
2300,OLLEROS AV.,Ciclovías,14,Palermo,95.9,"LINESTRING (-58.43539673544255 -34.56255016080004, -58.435696152531875 -34.56282209666161, -58.43610924526185 -34.563182385497086)"
17440,DOBLAS,Ciclovías,7,Parque Chacabuco,119.4,"LINESTRING (-58.42901799451246 -34.6297874281473, -58.42894991268698 -34.630020650891886, -58.42871383962106 -34.63083397297742)"
12949,"DIAZ, CESAR, GRAL.",Ciclovías,11,Villa Santa Rita,75.02,"LINESTRING (-58.47902139482857 -34.61442696541526, -58.47971141961045 -34.6147900483251)"
5849,BALLIVIAN,Ciclovías,15,Parque Chas,66.99,"LINESTRING (-58.487501808336084 -34.58518829215204, -58.488085786590815 -34.585550716662404)"
28595,OLLEROS AV.,Ciclovías,14,Palermo,70.96,"LINESTRING (-58.43486032802045 -34.56208952525301, -58.43494653673592 -34.562160110220496, -58.43539673544255 -34.56255016080004)"
13920,"VERA PEÑALOZA,  ROSARIO",Ciclovías,1,San Telmo,8.51,"LINESTRING (-58.366508159266154 -34.61812310075149, -58.3664157476747 -34.61811580220759)"
5870,GORRITI,Ciclovías,14,Palermo,115.84,"LINESTRING (-58.43625890501118 -34.58562721100198, -58.43638231917809 -34.585528644971056, -58.43719015588134 -34.5849221898635)"
28913,CORRIENTES AV.,Ciclovías mano única,1,San Nicolas,90.53,"LINESTRING (-58.38114992577926 -34.603671854906445, -58.38129615988445 -34.60359082751152, -58.381835891831614 -34.60361201676566, -58.38206076522625 -34.6037363737301)"
937,CONGRESO,Ciclovías,13,Nuñez,137.82,"LINESTRING (-58.45300747509259 -34.55050474598696, -58.454279010426156 -34.55116556640298)"
21658,HERRERA,Ciclovías,4,Barracas,78.98,"LINESTRING (-58.37600563721136 -34.64455078937598, -58.3759232515035 -34.6448637609738, -58.375826049830465 -34.645247074525635)"
6496,"BORGES, JORGE LUIS",Ciclovías,14,Palermo,59.7,"LINESTRING (-58.429662500803644 -34.588379774677925, -58.429150783158576 -34.588047302825)"
14985,TACUARI,Ciclovías,1,Constitucion,135.6,"LINESTRING (-58.37866770402339 -34.62087835015667, -58.37865871377688 -34.621007289090805, -58.37862959927423 -34.62191108220792, -58.378620462793045 -34.62209995128364)"
12884,"GARCIA, JUAN AGUSTIN",Ciclovías,11,Villa Santa Rita,70.17,"LINESTRING (-58.489493214505025 -34.614257276992696, -58.490134299407856 -34.614602423891256)"
7796,"MANSILLA, LUCIO NORBERTO, GENERAL",Ciclovías,2,Recoleta,11.89,"LINESTRING (-58.40894353362712 -34.59453635242387, -58.40905810517838 -34.59448626174219)"
11011,TRES ARROYOS,Ciclovías,6,Caballito,125.72,"LINESTRING (-58.45664109142877 -34.60703466661551, -58.45783329068791 -34.60759374796066)"
15317,MORON,Ciclovías,7,Flores,131.9,"LINESTRING (-58.468485909134245 -34.622909593671935, -58.46862706861683 -34.62295367261506, -58.469830806532286 -34.62333101290285)"
8481,CORDOBA AV.,Ciclovías mano única,14,Palermo,112.12,"LINESTRING (-58.418943060511275 -34.59778875895814, -58.42016489935273 -34.597762647273626)"
17900,IRALA,Ciclovías,4,La Boca,104.51,"LINESTRING (-58.36809947608342 -34.63151884373313, -58.36781021107165 -34.63243003497966)"
8512,BILLINGHURST,Ciclovías,2,Recoleta,130.13,"LINESTRING (-58.41463028672758 -34.59789739844581, -58.41423732822002 -34.59677025137544)"
3281,BLANCO ENCALADA,Ciclovías,12,Villa Urquiza,108.96,"LINESTRING (-58.477453489086216 -34.57019000535693, -58.47840880128838 -34.57077328303981)"
9552,HUMAHUACA,Ciclovías,5,Almagro,147.69,"LINESTRING (-58.42078447285654 -34.601907576766514, -58.42221423429937 -34.60176707851845, -58.42238321273667 -34.60175051532912)"
12003,"CEVALLOS, VIRREY",Ciclovías,1,Monserrat,134.34,"LINESTRING (-58.38905314402993 -34.61007856758463, -58.38902766157644 -34.610286864760894, -58.388961604002695 -34.61110387780256, -58.388942873276896 -34.611285981505496)"
8487,LOYOLA,Ciclovías,15,Villa Crespo,99.65,"LINESTRING (-58.43378004855183 -34.59781832112871, -58.43444447633701 -34.59710769408988)"
2815,11 DE SEPTIEMBRE DE 1888,Ciclovías,14,Palermo,155.92,"LINESTRING (-58.44374496179126 -34.56741701914318, -58.44472652720554 -34.56626975397394)"
15798,"CEVALLOS, VIRREY",Ciclovías,1,Constitucion,118.95,"LINESTRING (-58.388468735167585 -34.62386760754261, -58.38844870983425 -34.62406393550205, -58.38839238107418 -34.624937924803284)"
16344,LIMA,Ciclovías,1,Constitucion,108.31,"LINESTRING (-58.38224491644215 -34.625962597648446, -58.382226741512554 -34.62651815498748, -58.38223382941855 -34.62693865719167)"
30470,CHIVILCOY AV.,Ciclovías mano única,11,Villa Devoto,95.26,"LINESTRING (-58.510325929631286 -34.60144614729303, -58.51094826268446 -34.600758688548304)"
22201,PATRON,Ciclovías,9,Liniers,98.28,"LINESTRING (-58.513532601083355 -34.64636860293541, -58.514260624722986 -34.647018798846126)"
12163,"ALSINA, ADOLFO",Ciclovías,3,Balvanera,117.02,"LINESTRING (-58.396168140173096 -34.61178278337802, -58.39724505749161 -34.61185463975853, -58.39743924655602 -34.61187235061178)"
20863,MARTINEZ CASTRO,Ciclovías,9,Parque Avellaneda,141.3,"LINESTRING (-58.474803681185676 -34.64180850933884, -58.473807620891044 -34.64259776093222, -58.47368629532926 -34.64268551855134)"
28522,"UDAONDO, GUILLERMO AV.",Ciclovías,13,Nuñez,232.23,"LINESTRING (-58.45074953110023 -34.54452829492487, -58.45212523432932 -34.546285130327036)"
1007,CONGRESO,Ciclovías,13,Nuñez,128.48,"LINESTRING (-58.454279010426156 -34.55116556640298, -58.45545898504412 -34.551788620295845)"
6282,LOYOLA,Ciclovías,15,Chacarita,96.47,"LINESTRING (-58.44428344051348 -34.587508758536686, -58.4450587921736 -34.58692140173696)"
13484,LINIERS VIRREY,Ciclovías,5,Almagro,121.86,"LINESTRING (-58.41437177788323 -34.6155362095187, -58.41434643359666 -34.61575908953751, -58.41425775891941 -34.61663061433112)"
9389,SUIPACHA,Ciclovías,1,San Nicolas,127.52,"LINESTRING (-58.37959699195719 -34.60127957488874, -58.379602299972916 -34.60116704163412, -58.37966412303537 -34.60023981654473, -58.379671129739116 -34.60013172111891)"
28875,COMPLEJO CIUDAD UNIVERSITARIA (SIN NOMBRE OFICIAL),Ciclovías,13,Belgrano,53.29,"LINESTRING (-58.44856437152905 -34.53950602788407, -58.44897043573297 -34.539162795406604)"
52,DEL LIBERTADOR AV.,Ciclovías,13,Nuñez,95.48,"LINESTRING (-58.46483601552283 -34.53906312749244, -58.4651337789106 -34.53858135047062, -58.46530959300562 -34.538296833350344)"
9856,CHIVILCOY AV.,Ciclovías mano única,11,Villa Devoto,96.58,"LINESTRING (-58.50906486167436 -34.60297028493243, -58.50968631999574 -34.60226754426772)"
9569,TUCUMAN,Ciclovías,1,San Nicolas,118.91,"LINESTRING (-58.39130233786311 -34.601912827152105, -58.39259561618995 -34.60198597885651)"
10117,CORRIENTES AV.,Ciclovías mano única,5,Almagro,107.75,"LINESTRING (-58.41451642455954 -34.60401469987806, -58.41566308698492 -34.60380402306387)"
10099,CORRIENTES AV.,Ciclovías mano única,1,San Nicolas,130.69,"LINESTRING (-58.38371514660011 -34.60382736801033, -58.385136276420454 -34.60391075266488)"
36,DEL LIBERTADOR AV.,Ciclovías,13,Nuñez,100.63,"LINESTRING (-58.46530959300562 -34.538296833350344, -58.465808605775 -34.537489127234146)"
2271,"PELLEGRINI, CARLOS E.",Ciclovías,12,Saavedra,109.59,"LINESTRING (-58.50078220424219 -34.56251821997477, -58.50181263483314 -34.56301748751675)"
6653,"ALVAREZ, JULIAN",Ciclovías,14,Palermo,72.43,"LINESTRING (-58.418558033408445 -34.589066854533314, -58.41814712918766 -34.5888231074407, -58.41791635294106 -34.58868647018103)"
13570,AZOPARDO,Ciclovías,1,San Telmo,138.57,"LINESTRING (-58.367572401581214 -34.615684099544914, -58.36745096021273 -34.6167728204834, -58.36743314931195 -34.616927878814025)"
6223,NUEVA YORK,Ciclovías,15,Agronomia,64.85,"LINESTRING (-58.49018515230835 -34.58685339402001, -58.490750501850705 -34.58720426027783)"
17190,CAMACUA,Ciclovías,7,Flores,139.44,"LINESTRING (-58.45820291890388 -34.62882586136156, -58.45766459248385 -34.629859088182045, -58.457602562073994 -34.629980635886504)"
13764,"DIAZ, CESAR, GRAL.",Ciclovías,11,Villa Santa Rita,105.07,"LINESTRING (-58.48410318364705 -34.617096168803826, -58.48507141093225 -34.61760234429416)"
20942,"RODO, JOSE E.",Ciclovías,9,Parque Avellaneda,41.5,"LINESTRING (-58.485396132902395 -34.64268804362152, -58.485709346095675 -34.64295812960045)"
2738,"PEDRAZA, MANUELA",Ciclovías,12,Villa Urquiza,131.59,"LINESTRING (-58.494644274612504 -34.56622594487561, -58.49583652493658 -34.56688494255449)"
23020,PEPIRI,Ciclovías,4,Nueva Pompeya,104.03,"LINESTRING (-58.408575537043205 -34.64959711658889, -58.40841990947905 -34.64976331544954, -58.407916135480974 -34.65024541507042, -58.40788582583423 -34.65033251459411)"
18154,FINOCHIETTO ENRIQUE DR.,Ciclovías,4,Barracas,148.17,"LINESTRING (-58.38128422930486 -34.63235512042581, -58.382552788397504 -34.63318245381337)"
27384,"ROCA, CNEL. AV.",Ciclovías,8,Villa Riachuelo,101.76,"LINESTRING (-58.46607636769467 -34.69457614872392, -58.46682055850217 -34.69525697449442)"
14520,TREINTA Y TRES ORIENTALES,Ciclovías,5,Almagro,137.21,"LINESTRING (-58.42427881646984 -34.61911306510974, -58.42415880943454 -34.62034592904788)"
16192,"GARAY, JUAN DE AV.",Ciclovías,1,Constitucion,112.14,"LINESTRING (-58.379012811518734 -34.62608322533727, -58.38018543959765 -34.6263698077313)"
17577,ESTRADA,Ciclovías,7,Parque Chacabuco,61.75,"LINESTRING (-58.431540838485624 -34.63123108397872, -58.43220192442101 -34.63133724133395)"
12129,"DIAZ, CESAR, GRAL.",Ciclovías,11,Villa Gral. Mitre,128.66,"LINESTRING (-58.47274176244128 -34.611109047295834, -58.47392442594752 -34.61173262053087)"
28821,ARENALES,Ciclovías,1,Retiro,34.28,"LINESTRING (-58.38205025640955 -34.594226196325195, -58.38242099658561 -34.59426475051629)"
17548,ESTRADA,Ciclovías,7,Parque Chacabuco,64.39,"LINESTRING (-58.43084933695728 -34.63113040796533, -58.43133211971671 -34.6311975079797, -58.431540838485624 -34.63123108397872)"
24299,PATRON,Ciclovías,9,Liniers,103.25,"LINESTRING (-58.52328657457289 -34.655129044939265, -58.52404733205665 -34.65581536270053)"
30465,CHIVILCOY AV.,Ciclovías mano única,11,Villa Devoto,122.01,"LINESTRING (-58.50749884294267 -34.60457508087205, -58.50828944572857 -34.6036906063992)"
3041,"PEDRAZA, MANUELA",Ciclovías,12,Villa Urquiza,66.3,"LINESTRING (-58.499139536373924 -34.568710675211115, -58.4997400376538 -34.56904296907101)"
3060,"ROLDAN, BELISARIO AV.",Ciclovías,14,Palermo,119.87,"LINESTRING (-58.41283053946842 -34.56917565375543, -58.41278368515182 -34.56908619592146, -58.41275382886396 -34.56904414044654, -58.412722867710066 -34.568999056275125, -58.412692587866886 -34.56895362025805, -58.41266307446659 -34.56890783243118, -58.41263424237543 -34.56886169275971, -58.41260634694841 -34.56881527177417, -58.41257913278588 -34.56876856936907, -58.41255268506248 -34.56872151515619, -58.41252700373445 -34.5686741795601, -58.41250217397625 -34.5686264921927, -58.4124781105684 -34.568578593866974, -58.41245481355264 -34.56853041415945, -58.41243228288505 -34.56848202349445, -58.412359575194735 -34.568349807351424, -58.41229905772708 -34.56819108067426)"
18196,TREINTA Y TRES ORIENTALES,Ciclovías,5,Boedo,150.04,"LINESTRING (-58.421616931799896 -34.63198747022265, -58.42137625784284 -34.63332521810943)"
1085,MONROE,Ciclovías,13,Belgrano,6.33,"LINESTRING (-58.449855914376194 -34.552316172461325, -58.4499120005575 -34.552349348414275)"
10862,"PERON, JUAN DOMINGO, TTE. GENERAL",Ciclovías,5,Almagro,90.98,"LINESTRING (-58.41628968052785 -34.606962903576594, -58.41642672863778 -34.606950984302145, -58.4172772891274 -34.606887363526184)"
17063,MORON,Ciclovías,10,Velez Sarsfield,109.41,"LINESTRING (-58.49037883474522 -34.62897993558436, -58.491406532057496 -34.62948097606581)"
20824,"HORNOS, GRAL.",Ciclovías,4,Barracas,175.2,"LINESTRING (-58.3756996923896 -34.640618707111024, -58.37552700222937 -34.64219148831955)"
4330,GUATEMALA,Ciclovías,14,Palermo,129.55,"LINESTRING (-58.43500385116233 -34.577920375346075, -58.436019776957906 -34.57710946428912)"
22567,POLA,Ciclovías,9,Mataderos,72.34,"LINESTRING (-58.50287572089298 -34.647975426732316, -58.502307301586605 -34.648427655534384)"
28562,CORRIENTES AV.,Ciclovías mano única,15,Chacarita,126.55,"LINESTRING (-58.451526658418246 -34.58871848149433, -58.452777510683084 -34.5882376865918)"
10291,CORRIENTES AV.,Ciclovías mano única,3,Balvanera,91.44,"LINESTRING (-58.40448282956744 -34.60466352473217, -58.40547222748421 -34.60456293984988)"
16117,PAVON,Ciclovías,1,Constitucion,127.5,"LINESTRING (-58.384366262685745 -34.62605187711664, -58.38575474089764 -34.62611030354895)"
17087,"GARCIA, MARTIN AV.",Ciclovías,1,San Telmo,171.03,"LINESTRING (-58.36944859028488 -34.62832168784518, -58.36963419883699 -34.62849845206958, -58.37046327108755 -34.629293319449616, -58.37066223486257 -34.62949227557456)"
11346,TACUARI,Ciclovías,1,Monserrat,66.86,"LINESTRING (-58.37922098061339 -34.608296882051796, -58.37919132935523 -34.60889905299253)"
12837,"SASTRE, MARCOS",Ciclovías,10,Monte Castro,52.73,"LINESTRING (-58.50616961610701 -34.61410903375475, -58.506630156949875 -34.6143935930935)"
8344,"ALVEAR, MARCELO T. DE",Ciclovías,2,Recoleta,113.56,"LINESTRING (-58.387066417516564 -34.597052855826796, -58.387279476081275 -34.59707031296165, -58.388301628263406 -34.5971186222748)"
731,SUPERI,Ciclovías,12,Saavedra,18.33,"LINESTRING (-58.4814923591273 -34.549533378907654, -58.481598039095644 -34.54939321892698)"
3594,AMENABAR,Ciclovías,13,Colegiales,107.76,"LINESTRING (-58.445412931187995 -34.57303562923191, -58.44633364207838 -34.57243265000611)"
19051,PICHEUTA,Ciclovías,7,Parque Chacabuco,49.68,"LINESTRING (-58.435257650208605 -34.63596654937779, -58.43510311996953 -34.63639574319731)"
28128,POLA,Ciclovías,9,Mataderos,13.36,"LINESTRING (-58.493051013101585 -34.65562925862248, -58.49294566399859 -34.655712485676545)"
14386,MENDEZ DE ANDES,Ciclovías,7,Flores,54.92,"LINESTRING (-58.4592228882744 -34.61960255368033, -58.4597469344114 -34.61984208005729)"
26717,"BARROS PAZOS, JOSE",Ciclovías mano única,8,Villa Lugano,138.35,"LINESTRING (-58.469436786062715 -34.67851839979006, -58.470474721965765 -34.67942397920284)"
31151,CURAPALIGUE AV.,Ciclovías,7,Parque Chacabuco,16.57,"LINESTRING (-58.44449748955273 -34.63974504906299, -58.44440620543706 -34.639873979773505)"
7858,CORDOBA AV.,Ciclovías mano única,14,Palermo,102.15,"LINESTRING (-58.42917090556817 -34.594854888276366, -58.4293506366805 -34.59474500703667, -58.430061297390196 -34.59430195597405)"
2016,SUPERI,Ciclovías,12,Coghlan,133.92,"LINESTRING (-58.472699553040954 -34.56077751760824, -58.47355323361046 -34.55979848360709)"
22384,PATRON,Ciclovías,9,Liniers,104.6,"LINESTRING (-58.514260624722986 -34.647018798846126, -58.51437717441181 -34.64712297623392, -58.5150364048099 -34.64771016757743)"
4082,"MARTINEZ, ENRIQUE, GRAL.",Ciclovías,13,Colegiales,104.25,"LINESTRING (-58.4556424550097 -34.576364441284426, -58.45671754907535 -34.57606069526488)"
15407,TACUARI,Ciclovías,1,Constitucion,168.41,"LINESTRING (-58.378620462793045 -34.62209995128364, -58.378590893840055 -34.62361783536943)"
7946,GORRITI,Ciclovías,14,Palermo,157.06,"LINESTRING (-58.42130200202617 -34.595365329462496, -58.42301221568521 -34.595300200782845)"
6201,FOREST AV.,Ciclovías mano única,15,Chacarita,138.02,"LINESTRING (-58.45220688111775 -34.5871171234042, -58.45237661244034 -34.58693150162835, -58.45311105645246 -34.5861228183911)"
12013,"VALLESE, FELIPE",Ciclovías,6,Caballito,154.55,"LINESTRING (-58.43930199604921 -34.61079866792972, -58.43948314594285 -34.610864690249045, -58.44062175685467 -34.61124765893196, -58.44084659386512 -34.61135199771754)"
5421,"DIAZ, CNEL. AV.",Ciclovías,14,Palermo,135.22,"LINESTRING (-58.40617526907558 -34.58345898207293, -58.406022187356875 -34.583190313909846, -58.40558707416474 -34.58234157235353)"
14043,TACUARI,Ciclovías,1,Constitucion,108.25,"LINESTRING (-58.37877679704246 -34.61754704780739, -58.37876500930625 -34.617747182937045, -58.378736022859904 -34.61835907171223, -58.3787315983354 -34.61852209879027)"
5436,DEL LIBERTADOR AV.,Ciclovías,2,Recoleta,63.41,"LINESTRING (-58.395353812415344 -34.58359189051141, -58.39599837811694 -34.58338576505636)"
12358,BOLIVAR,Ciclovías,1,Monserrat,129.36,"LINESTRING (-58.37338354365018 -34.61138874733691, -58.37333017508727 -34.61238090413946, -58.37332019332151 -34.6125536455121)"
14430,"CALVO, CARLOS",Ciclovías,1,Constitucion,136.67,"LINESTRING (-58.38583653065705 -34.61986972078143, -58.386026738110225 -34.6198811091557, -58.38718349100828 -34.619945710412, -58.38732301490382 -34.619955797509256)"
7215,LOYOLA,Ciclovías,15,Villa Crespo,151.54,"LINESTRING (-58.43965956967561 -34.59154118902842, -58.440671771778305 -34.590461714663526)"
18677,LAS CASAS,Ciclovías,5,Boedo,101.41,"LINESTRING (-58.414168734272494 -34.63471402024473, -58.41520782494993 -34.63502711347618)"
15231,DEAN FUNES,Ciclovías,3,San Cristobal,133.48,"LINESTRING (-58.406154023932736 -34.62181778459456, -58.40601474247666 -34.62281068862462, -58.405986235789264 -34.62301300152383)"
28836,"ROCA, CNEL. AV.",Ciclovías,8,Villa Soldati,107.28,"LINESTRING (-58.444832589068355 -34.67152226214589, -58.44509849438002 -34.671864709727274, -58.44530294303728 -34.672096112974316, -58.44547526809372 -34.67232989948649)"
4016,ZAPATA,Ciclovías,14,Palermo,99.8,"LINESTRING (-58.43755455411386 -34.57594188770163, -58.438383907664615 -34.575359865345334)"
25406,"RABANAL, FRANCISCO, INTENDENTE AV.",Ciclovías,8,Villa Soldati,117.92,"LINESTRING (-58.43073856207555 -34.661478011254616, -58.43097382397309 -34.66161018724009, -58.43180802943069 -34.66206864742911)"
5088,GORRITI,Ciclovías,14,Palermo,140.23,"LINESTRING (-58.44137734483559 -34.581786759342485, -58.44251076553723 -34.580938772873424)"
2435,11 DE SEPTIEMBRE DE 1888,Ciclovías,13,Belgrano,126.51,"LINESTRING (-58.446319012262634 -34.56440832660149, -58.447115398452745 -34.56347749928973)"
3375,SARMIENTO AV.,Ciclovías,14,Palermo,41.66,"LINESTRING (-58.411867268505574 -34.57136888779292, -58.41154453812674 -34.57110482100092)"
26659,"BARROS PAZOS, JOSE",Ciclovías mano única,8,Villa Lugano,146.78,"LINESTRING (-58.468335618322165 -34.677557673034435, -58.469436786062715 -34.67851839979006)"
16499,PUAN,Ciclovías,6,Caballito,128.35,"LINESTRING (-58.447482638589854 -34.62637745060587, -58.44738257688191 -34.626622158632415, -58.447032953717155 -34.62747303742645)"
13491,CHILE,Ciclovías,1,Monserrat,122.99,"LINESTRING (-58.38306594686599 -34.61653528369903, -58.3832393644203 -34.61654786257426, -58.38419025849004 -34.616624681039944, -58.38440098361202 -34.616639747270625)"
9626,CORRIENTES AV.,Ciclovías mano única,5,Almagro,76.3,"LINESTRING (-58.43107105533052 -34.60216397066395, -58.43189660979431 -34.60207967760541)"
16596,LIMA,Ciclovías,1,Constitucion,99.4,"LINESTRING (-58.38018543959765 -34.6263698077313, -58.380039731692975 -34.62665597905905, -58.379822244199936 -34.627213186434744)"
2512,AMENABAR,Ciclovías,13,Belgrano,128.51,"LINESTRING (-58.45693822098791 -34.56503604538923, -58.45774990392103 -34.56409205071085)"
3000,SUPERI,Ciclovías,13,Belgrano,127.28,"LINESTRING (-58.46573871530772 -34.56880520962464, -58.46654624952101 -34.56787235454382)"
2720,"ROLDAN, BELISARIO AV.",Ciclovías,14,Palermo,558.02,"LINESTRING (-58.41392995923236 -34.56656745776685, -58.41401465304855 -34.56615339880144, -58.414027878873746 -34.56610143121784, -58.414046383533595 -34.56604812770596, -58.414068037232056 -34.565996093093105, -58.414090540211674 -34.56594743917113, -58.41411798500997 -34.56589146313786, -58.414140825053494 -34.56584858411095, -58.414171162292874 -34.56579584873438, -58.41422416249275 -34.565711642926125, -58.414260799843085 -34.56565785369827, -58.41429070443147 -34.565616808503854, -58.41432989356083 -34.56556647105583, -58.41437623669593 -34.56551071381239, -58.41441652968697 -34.565465024763476, -58.41445068779965 -34.56542877006522, -58.41448501733473 -34.56539047312905, -58.41452351451596 -34.5653584455863, -58.41456550476251 -34.56532163059216, -58.414621972403346 -34.565275454961785, -58.41467417950476 -34.56523617916239, -58.4147189748319 -34.56520633721046, -58.41476734465124 -34.56517804599159, -58.41482618634121 -34.56514799831137, -58.4148829821971 -34.56512259777694, -58.41493398373794 -34.56510670216404, -58.415003629582216 -34.56508898288261, -58.41505675706906 -34.56507696138082, -58.415131508655335 -34.565062624397235, -58.41520404491555 -34.56505166684837, -58.41527385524717 -34.56504380684118, -58.41534128086205 -34.565037847306016, -58.41546736123637 -34.5650303614013, -58.41556253686673 -34.565027933815195, -58.41563923837479 -34.565027470816474, -58.41570189315623 -34.56502777695786, -58.415783871619915 -34.56502914695039, -58.4158894296605 -34.5650325683444, -58.41597625865036 -34.56503717959671, -58.416042401220224 -34.565041923629074, -58.416096710904036 -34.56504659262675, -58.41616761936266 -34.56505373285092, -58.416275981198595 -34.565066943933026, -58.41633488514851 -34.56507647385226, -58.41639787352754 -34.56508917439359, -58.416453881025795 -34.56510243561597, -58.416526059480645 -34.56512211159607, -58.41657968159474 -34.565138611351905, -58.416636196665 -34.565157717879025, -58.41671322227079 -34.565186902844594, -58.41678641594059 -34.56521819902224, -58.416855607887 -34.565250761265915, -58.41692326654427 -34.565285153912406, -58.416973903224985 -34.56531263850841, -58.417029815421465 -34.56534470264458, -58.41707576990323 -34.565372467119445, -58.41713414805119 -34.56540974351901, -58.417178313524914 -34.56543997211924, -58.41723719885383 -34.565483938942954, -58.4172920824985 -34.565529101438294, -58.41734798547175 -34.565578419309595, -58.41740269569053 -34.56562956773108, -58.417442259158264 -34.56566930174735, -58.41749185958812 -34.56572432152967, -58.41752843993638 -34.565770744679845, -58.41757088483745 -34.56583442390043, -58.41759869667016 -34.56588126628791, -58.41763424477033 -34.56594747816783, -58.41767727067587 -34.56603876378154, -58.41789762070706 -34.566582767755335)"
18509,"BONIFACIO, JOSE",Ciclovías,7,Flores,125.58,"LINESTRING (-58.46668241848179 -34.6340568202568, -58.467753308312076 -34.634384394736784, -58.467963159550315 -34.63445734536089)"
466,"FIGUEROA ALCORTA, PRES. AV.",Ciclovías,13,Belgrano,70.38,"LINESTRING (-58.447291190985176 -34.5470129198301, -58.448045547643574 -34.54689935166837)"
3921,ZAPATA,Ciclovías,14,Palermo,146.1,"LINESTRING (-58.438383907664615 -34.575359865345334, -58.439210013746326 -34.57478001979613, -58.439599345951905 -34.57450917518309)"
6220,FRENCH,Ciclovías,2,Recoleta,140.0,"LINESTRING (-58.40550070801969 -34.587177674301856, -58.405596633956044 -34.58711222559177, -58.40662622408356 -34.58632579282459)"
23900,PATRON,Ciclovías,9,Liniers,103.31,"LINESTRING (-58.52134180082621 -34.653374481959354, -58.521439182616625 -34.65346246431268, -58.5221028674241 -34.65406123445901)"
5364,CORDOBA AV.,Ciclovías mano única,15,Chacarita,127.95,"LINESTRING (-58.44763709025947 -34.583288173360835, -58.44887522865068 -34.58275747116991)"
11804,"ALSINA, ADOLFO",Ciclovías mano única,1,Monserrat,130.79,"LINESTRING (-58.37770233484089 -34.61054634962077, -58.379049386000446 -34.61062890808452, -58.379124335778926 -34.61063353734474)"
7468,ESTADO PLURINACIONAL DE BOLIVIA,Ciclovías,15,Agronomia,88.47,"LINESTRING (-58.49099299669208 -34.592799442344315, -58.49157031741788 -34.59216070772201)"
1266,DEL LIBERTADOR AV.,Ciclovías,13,Belgrano,127.74,"LINESTRING (-58.45010412137537 -34.553879616206565, -58.45033627912547 -34.55360970524601, -58.45091389943143 -34.5529431299952)"
9578,PADILLA,Ciclovías,15,Villa Crespo,98.17,"LINESTRING (-58.44051490479776 -34.602043985107564, -58.44109040499388 -34.601297882654436)"
11870,OTAMENDI,Ciclovías,6,Caballito,135.38,"LINESTRING (-58.433750484078665 -34.61083928120862, -58.434278544430825 -34.60969967391037)"
2338,MIGUELETES,Ciclovías,14,Palermo,117.69,"LINESTRING (-58.438811161318036 -34.563664570685035, -58.439850318600215 -34.563042859896)"
28880,COMPLEJO PARQUE DE LOS NIÑOS (SIN NOMBRE OFICIAL),Ciclovías,13,Nuñez,707.16,"LINESTRING (-58.461017294951695 -34.53428939714577, -58.45419354882786 -34.53133241311797)"
1394,MONROE,Ciclovías,13,Belgrano,116.0,"LINESTRING (-58.45327461398043 -34.55434218190844, -58.45430209462908 -34.554951078787134)"
9821,"GUEVARA, TRINIDAD",Ciclovías,1,Puerto Madero,85.64,"LINESTRING (-58.368169716933316 -34.6028295303064, -58.36723907545113 -34.6027682304699)"
1819,AMENABAR,Ciclovías,13,Belgrano,101.15,"LINESTRING (-58.46241327751293 -34.558652688226296, -58.463050762373896 -34.55790894211626)"
28561,CORRIENTES AV.,Ciclovías mano única,15,Chacarita,75.48,"LINESTRING (-58.45076843528564 -34.588690532901154, -58.45085274040739 -34.58873591577561, -58.45101312131334 -34.58880231862481, -58.45121659473598 -34.58882758099268, -58.451526658418246 -34.58871848149433)"
19268,USPALLATA,Ciclovías,4,Parque Patricios,175.54,"LINESTRING (-58.39119633409578 -34.636749030484275, -58.39303863958008 -34.637179264607305)"
2068,DE LOS OMBUES AV.,Ciclovías,14,Palermo,333.94,"LINESTRING (-58.428006104878406 -34.55998057727407, -58.42814769414369 -34.560115761951906, -58.42843232154326 -34.56038521570713, -58.428499464598175 -34.56043326409109, -58.42856720380586 -34.560480819638784, -58.428635454100146 -34.56052774147691, -58.428704300546535 -34.5605741704769, -58.42877365804936 -34.56062003618957, -58.42884361173262 -34.56066533863815, -58.42891407647128 -34.5607100777976, -58.42898505229366 -34.560754183243006, -58.42905653914121 -34.56079779582164, -58.429128622195826 -34.560840774708254, -58.42920113117848 -34.56088319027837, -58.42931049106556 -34.5609458277812, -58.42938538452919 -34.560986272030824, -58.42946215181209 -34.56102425191088, -58.42954070778507 -34.56105976739437, -58.42962079709684 -34.56109274798333, -58.42970250492361 -34.561123052850085, -58.42978549073078 -34.56115075232201, -58.42986966941496 -34.561175775949124, -58.42995504102536 -34.5611979828809, -58.43004135012281 -34.5612175138934, -58.4301285116305 -34.5612342281134, -58.43021644044283 -34.56124805509193, -58.430313648651314 -34.56126005348878, -58.430378000175196 -34.56126795835579, -58.430442863597854 -34.56127297593956, -58.430507898411854 -34.56127510614778, -58.430573019457746 -34.56127441938144, -58.43063797138087 -34.561270845147995, -58.43070258395164 -34.561264312978196, -58.43076668683069 -34.561255034099396, -58.43083010981626 -34.56124286761897, -58.43089268259719 -34.5612279543409, -58.430954149819634 -34.56121022377472, -58.43101442629855 -34.561189816747735, -58.431087645154236 -34.561160610096856)"
13851,MENDEZ DE ANDES,Ciclovías,6,Caballito,128.09,"LINESTRING (-58.4538615152372 -34.61750124452619, -58.45517362891657 -34.61789669609284)"
5829,CORDOBA AV.,Ciclovías mano única,14,Palermo,130.37,"LINESTRING (-58.443478573934314 -34.58540084654664, -58.444587048462864 -34.58466565619218)"
3342,MILLER,Ciclovías,12,Villa Urquiza,129.45,"LINESTRING (-58.48090298991315 -34.571139364741086, -58.48101593738565 -34.57101202187226, -58.48173438302466 -34.570196687607165)"
11763,"DIAZ, CESAR, GRAL.",Ciclovías,11,Villa Gral. Mitre,60.52,"LINESTRING (-58.47104999833406 -34.610217182359065, -58.47160630627865 -34.61051045967137)"
7465,GORRITI,Ciclovías,14,Palermo,98.65,"LINESTRING (-58.42608479722341 -34.59278909291613, -58.426866807928675 -34.592178755305)"
2286,MILLER,Ciclovías,12,Villa Urquiza,174.46,"LINESTRING (-58.48813879930611 -34.563102163920625, -58.48908601294596 -34.56173862806584)"
15132,ESTADOS UNIDOS,Ciclovías,5,Boedo,122.8,"LINESTRING (-58.41794543806576 -34.6225912687242, -58.418205332904655 -34.622615309019956, -58.41927763070202 -34.622702391864)"
14336,"GONZALEZ, ELPIDIO",Ciclovías,10,Monte Castro,116.52,"LINESTRING (-58.49739594037219 -34.61896475054716, -58.49751106334415 -34.61906056457082, -58.49829383662568 -34.61970781528368)"
22469,PEPIRI,Ciclovías,4,Parque Patricios,127.09,"LINESTRING (-58.40919739246174 -34.64730723628134, -58.40915843095888 -34.64746778358622, -58.4090230025523 -34.648028643092225, -58.40900941684349 -34.64808497549328, -58.408926022481005 -34.64843064513149)"
14373,"CALVO, CARLOS",Ciclovías,1,Constitucion,140.74,"LINESTRING (-58.38144604114449 -34.619754176400136, -58.38168839328989 -34.619752859885025, -58.382794081124985 -34.61976458063258, -58.38298055138298 -34.61976392889251)"
5154,ROSETI,Ciclovías,15,Chacarita,159.15,"LINESTRING (-58.45670710584234 -34.58216334582142, -58.45840494415051 -34.58186989916461)"
8768,CORRIENTES AV.,Ciclovías mano única,15,Villa Crespo,128.08,"LINESTRING (-58.43976519593558 -34.598974147530036, -58.44069413899061 -34.5981121968946)"
12029,"ALSINA, ADOLFO",Ciclovías,1,Monserrat,131.16,"LINESTRING (-58.388942873276896 -34.611285981505496, -58.390367440196776 -34.61138895546295)"
1388,IBERA,Ciclovías,13,Nuñez,81.18,"LINESTRING (-58.46638409107061 -34.554518685380415, -58.46711459533637 -34.55493127987239)"
6082,CERETTI,Ciclovías,15,Parque Chas,95.01,"LINESTRING (-58.486374996778856 -34.5866301558457, -58.48693713063593 -34.58591088054659)"
20644,PRIMERA JUNTA,Ciclovías,7,Flores,127.85,"LINESTRING (-58.460936191201185 -34.641234446522795, -58.46199606717315 -34.64198334220722)"
12960,TREINTA Y TRES ORIENTALES,Ciclovías,5,Almagro,111.52,"LINESTRING (-58.424793122168595 -34.61384295005251, -58.42456813195935 -34.61483084952564)"
10875,"GARCIA, JUAN AGUSTIN",Ciclovías,11,Villa Gral. Mitre,123.67,"LINESTRING (-58.47474344350907 -34.60646507811342, -58.47572384057018 -34.606971890948714, -58.47588542443286 -34.60705765027012)"
1579,MILLER,Ciclovías,12,Saavedra,26.58,"LINESTRING (-58.49278267368564 -34.556411757299045, -58.492926027515225 -34.556203619281)"
6822,GRIVEO,Ciclovías,11,Villa Devoto,58.51,"LINESTRING (-58.511701419911134 -34.58947750737649, -58.51221218801173 -34.58979329506062)"
3849,LUGONES,Ciclovías,12,Villa Urquiza,122.08,"LINESTRING (-58.47616442884458 -34.5748920029405, -58.47695079857746 -34.57400436478547)"
8462,CORDOBA AV.,Ciclovías mano única,14,Palermo,155.5,"LINESTRING (-58.42336930425086 -34.59774487338942, -58.42354330446549 -34.597628629209986, -58.424844981666965 -34.59706138383529)"
11937,"ALSINA, ADOLFO",Ciclovías mano única,1,Monserrat,123.1,"LINESTRING (-58.384819759087236 -34.61100424025594, -58.38497178997375 -34.61101285919797, -58.385849557044224 -34.61107299784499, -58.386157965049186 -34.61108833428754)"
11678,"ALSINA, ADOLFO",Ciclovías mano única,1,Monserrat,128.78,"LINESTRING (-58.37065725043584 -34.61005887300491, -58.37205734647661 -34.610145281374606)"
25555,"RABANAL, FRANCISCO, INTENDENTE AV.",Ciclovías,8,Villa Soldati,136.0,"LINESTRING (-58.433082039769644 -34.66271763519678, -58.434286669927616 -34.66343335399727)"
15438,MORON,Ciclovías,7,Flores,136.0,"LINESTRING (-58.469830806532286 -34.62333101290285, -58.46995262916286 -34.62336917578046, -58.471218824104845 -34.62376262587063)"
17230,CABOTO,Ciclovías,4,La Boca,125.22,"LINESTRING (-58.35843548029236 -34.62937807984591, -58.35737050117256 -34.6300845610704)"
8466,SUIPACHA,Ciclovías,1,Retiro,134.69,"LINESTRING (-58.379837989913646 -34.59772546040252, -58.379898789039245 -34.59662456926302, -58.379904606741796 -34.59651259964583)"
3199,BLANCO ENCALADA,Ciclovías,12,Villa Urquiza,105.14,"LINESTRING (-58.47653165101141 -34.56962720989506, -58.477453489086216 -34.57019000535693)"
16115,"GARAY, JUAN DE AV.",Ciclovías,1,Constitucion,103.55,"LINESTRING (-58.37801003780684 -34.62565414335572, -58.379012811518734 -34.62608322533727)"
21426,POLA,Ciclovías,9,Liniers,147.33,"LINESTRING (-58.50836602089495 -34.64368714950372, -58.50718336305253 -34.644586179699104)"
18741,IRALA,Ciclovías,4,La Boca,107.31,"LINESTRING (-58.36722388042407 -34.63427705696188, -58.36692689988519 -34.6352126764499)"
17519,MORON,Ciclovías,10,Velez Sarsfield,59.69,"LINESTRING (-58.49477804167062 -34.63086213894287, -58.4949538245266 -34.63092286873088, -58.49536717613935 -34.63109043855552)"
10990,"PERON, JUAN DOMINGO, TTE. GENERAL",Ciclovías mano única,3,Balvanera,122.66,"LINESTRING (-58.40063673958802 -34.607396015508826, -58.4019709931743 -34.60747014522026)"
17143,DOBLAS,Ciclovías,7,Parque Chacabuco,120.38,"LINESTRING (-58.42932589367951 -34.62873257347019, -58.42901799451246 -34.6297874281473)"
5910,GRIVEO,Ciclovías,12,Villa Pueyrredon,77.87,"LINESTRING (-58.50503282819104 -34.585357925910145, -58.50515701509154 -34.58543485658762, -58.50571245162727 -34.58577840335042)"
10926,POTOSI,Ciclovías,5,Almagro,136.93,"LINESTRING (-58.42766406977814 -34.607275211048375, -58.42894373501275 -34.60717959080854, -58.42915070979507 -34.60716302895823)"
30255,"COLECTORA CANTILO, INT.",Ciclovías,13,Nuñez,38.87,"LINESTRING (-58.46037287474566 -34.53528802064394, -58.46038507039154 -34.53521428133939, -58.46041336085601 -34.535156819978766, -58.460485369353755 -34.535112128967164, -58.46065372135129 -34.53511662698663)"
9350,CUCHA CUCHA,Ciclovías,15,Paternal,138.62,"LINESTRING (-58.460657643399344 -34.60112937973726, -58.460795868450575 -34.60109994558016, -58.4621213080161 -34.600818623223574)"
17357,MORON,Ciclovías,10,Velez Sarsfield,116.77,"LINESTRING (-58.492481959231945 -34.63000523611581, -58.493578787906486 -34.63053997439157)"
15097,DOBLAS,Ciclovías,6,Caballito,181.51,"LINESTRING (-58.431092765326504 -34.620931344144616, -58.43081724960066 -34.62230473818071, -58.43076076201792 -34.62254423299352)"
572,SUPERI,Ciclovías,12,Saavedra,50.21,"LINESTRING (-58.482466184020566 -34.5482415792697, -58.48275564543209 -34.547857580578246)"
13631,QUITO,Ciclovías,5,Almagro,132.17,"LINESTRING (-58.42735713283207 -34.61710278861986, -58.42879471753603 -34.61718609207695)"
18217,15 DE NOVIEMBRE DE 1889,Ciclovías,4,Parque Patricios,137.3,"LINESTRING (-58.39685995118278 -34.633046437233276, -58.39829842903102 -34.633390103036156)"
19415,RONDEAU,Ciclovías,5,Boedo,59.65,"LINESTRING (-58.42145920427327 -34.63764106269272, -58.42167031943094 -34.63767754372412, -58.422095189826194 -34.63775409716464)"
13618,LINIERS VIRREY,Ciclovías,5,Almagro,57.68,"LINESTRING (-58.41425775891941 -34.61663061433112, -58.41420506715547 -34.6171486982755)"
18180,USPALLATA,Ciclovías,4,Barracas,78.08,"LINESTRING (-58.375205879931485 -34.63276173078304, -58.37562511442819 -34.63319083983708, -58.37579331646197 -34.63325286263698)"
28049,DEL LIBERTADOR AV.,Ciclovías,2,Recoleta,130.92,"LINESTRING (-58.38863781324082 -34.585323737716074, -58.38928677664519 -34.58511782596896, -58.389566477433874 -34.58503869809146, -58.3898529514075 -34.58500302512265, -58.389997945076956 -34.585020720494086)"
31728,"PERETTE, CARLOS H.",Ciclovías,1,Retiro,27.87,"LINESTRING (-58.37890011803753 -34.58234355269013, -58.37914766295714 -34.58219797336889)"
4484,GUATEMALA,Ciclovías,14,Palermo,129.34,"LINESTRING (-58.43398952382224 -34.57872994016382, -58.43500385116233 -34.577920375346075)"
1312,SUPERI,Ciclovías,12,Saavedra,141.13,"LINESTRING (-58.47785528139846 -34.55431447176977, -58.477935274183814 -34.554210304873926, -58.47867426004871 -34.553237726738594)"
1540,"OBLIGADO RAFAEL, AV.COSTANERA",Ciclovías,14,Palermo,329.9,"LINESTRING (-58.4131998612302 -34.55596687205611, -58.41365404079936 -34.55571329032101, -58.41477935093066 -34.555143601095246, -58.415246604340275 -34.55494761709182, -58.41576127423582 -34.554754154046975, -58.41635766228512 -34.55456656359787)"
1462,IBERA,Ciclovías,13,Nuñez,100.0,"LINESTRING (-58.46711459533637 -34.55493127987239, -58.46801441422562 -34.55543956996231)"
9529,TUCUMAN,Ciclovías,1,San Nicolas,137.66,"LINESTRING (-58.38803535703451 -34.6017121203439, -58.38940204298373 -34.60178513988299, -58.38953216516856 -34.60179895121942)"
13423,"DIAZ, CESAR, GRAL.",Ciclovías,11,Villa Santa Rita,136.76,"LINESTRING (-58.481581587310075 -34.61577387972464, -58.482839692415986 -34.61643566505945)"
3990,LUGONES,Ciclovías,12,Villa Urquiza,121.93,"LINESTRING (-58.47537897878403 -34.575778579451836, -58.47616442884458 -34.5748920029405)"
32392,LA RABIDA (S) AV.,Ciclovías,1,Monserrat,52.83,"LINESTRING (-58.368733320310774 -34.60902738137383, -58.36876266844442 -34.60905516516045, -58.36891408174612 -34.60918058739211, -58.369024217856094 -34.60925661487938, -58.36916456944861 -34.60934108784196)"
11840,"ALSINA, ADOLFO",Ciclovías mano única,1,Monserrat,135.52,"LINESTRING (-58.379124335778926 -34.61063353734474, -58.379287010830005 -34.610643649606786, -58.38037454911419 -34.610712070612415, -58.380597180519636 -34.610729827600736)"
1368,MILLER,Ciclovías,12,Saavedra,91.71,"LINESTRING (-58.493961548189034 -34.554708131067116, -58.49407754104486 -34.554543997464336, -58.49446434389107 -34.55399367866976)"
5479,ROSETI,Ciclovías,15,Chacarita,108.52,"LINESTRING (-58.45174734786293 -34.58382638793162, -58.452767059971016 -34.58333076692129)"
12566,"ALSINA, ADOLFO",Ciclovías,3,Balvanera,157.48,"LINESTRING (-58.411463990005366 -34.613036807041794, -58.413118685324505 -34.61341553204709)"
30305,"PEDRAZA, MANUELA",Ciclovías,12,Villa Urquiza,30.4,"LINESTRING (-58.48247543808477 -34.5603836888312, -58.48275093571485 -34.56053583170307)"
16922,TACUARI,Ciclovías,4,Barracas,147.86,"LINESTRING (-58.37658077954838 -34.627893850739625, -58.37562308413089 -34.62896607778474)"
7864,CHIVILCOY AV.,Ciclovías mano única,11,Villa Devoto,118.36,"LINESTRING (-58.516209754514385 -34.59489692370523, -58.51698202691155 -34.594042206288584)"
9877,ECUADOR,Ciclovías,3,Balvanera,160.7,"LINESTRING (-58.407410351275196 -34.603021918859056, -58.40694585290641 -34.6016252053963)"
8559,PADILLA,Ciclovías,15,Villa Crespo,130.27,"LINESTRING (-58.44469347852934 -34.5980630123174, -58.445531981948555 -34.59730382943301, -58.44565140177326 -34.59719609856159)"
17490,PUAN,Ciclovías,7,Parque Chacabuco,140.39,"LINESTRING (-58.44606178264138 -34.62981729558767, -58.44596333339169 -34.63005214327855, -58.445546012974525 -34.63100878343467)"
19597,PICHEUTA,Ciclovías,7,Parque Chacabuco,62.02,"LINESTRING (-58.43458348787496 -34.637838029859495, -58.43439048678556 -34.638373834275214)"
11785,"ALSINA, ADOLFO",Ciclovías mano única,1,Monserrat,132.0,"LINESTRING (-58.37626782481828 -34.61045082643048, -58.37651362216638 -34.61046874824029, -58.377516067979265 -34.61053488061411, -58.37770233484089 -34.61054634962077)"
22678,PATRON,Ciclovías,9,Liniers,86.39,"LINESTRING (-58.51574825117582 -34.64834437528019, -58.51585892129212 -34.64844299033444, -58.5163878917514 -34.64891621538901)"
8277,"ALVEAR, MARCELO T. DE",Ciclovías,1,Retiro,36.87,"LINESTRING (-58.38226758130253 -34.59676595619856, -58.38266703794984 -34.59680248898296)"
4224,DEL LIBERTADOR AV.,Ciclovías,14,Palermo,102.58,"LINESTRING (-58.40995844247456 -34.57723959231155, -58.41072740056463 -34.576896750342364, -58.41094184667112 -34.57679979840107)"
13644,CHILE,Ciclovías,3,Balvanera,138.82,"LINESTRING (-58.39454967809271 -34.61707575326978, -58.394794987812624 -34.61709370839277, -58.39605619670719 -34.61719645362678)"
90,DEL LIBERTADOR AV.,Ciclovías,13,Nuñez,101.89,"LINESTRING (-58.46382483684968 -34.540698952321236, -58.46433026092702 -34.5398812522829)"
15346,CHIVILCOY,Ciclovías,10,Floresta,68.84,"LINESTRING (-58.48804218982164 -34.623455863057195, -58.488584881820465 -34.62302708479402)"
18682,RONDEAU,Ciclovías,4,Parque Patricios,151.53,"LINESTRING (-58.39929820833785 -34.634758250675134, -58.400654415617666 -34.63499719653022, -58.40091663544086 -34.635033387616716)"
16268,RINCON,Ciclovías,3,San Cristobal,134.81,"LINESTRING (-58.39460434683463 -34.62547179852175, -58.39443279795784 -34.62667868689015)"
6737,SERRANO,Ciclovías,14,Palermo,60.41,"LINESTRING (-58.43120968026304 -34.589389222885096, -58.43069284297996 -34.589051826540654)"
3441,"GARCIA, TEODORO",Ciclovías,13,Colegiales,101.91,"LINESTRING (-58.44669888559417 -34.57110929322438, -58.44723167703714 -34.571915296321244)"
20094,"FAVALORO, RENE DR.",Ciclovías,4,Parque Patricios,115.91,"LINESTRING (-58.40653686742072 -34.64006061555976, -58.40687816583452 -34.64011267579823, -58.40708035524514 -34.64011805090752, -58.4073017212547 -34.64011554709524, -58.407533750353885 -34.64009452646828, -58.4077891385743 -34.64005414966712)"
4995,"ARENAL, CONCEPCION",Ciclovías,13,Colegiales,80.16,"LINESTRING (-58.44457817644176 -34.58094220615809, -58.44517084238974 -34.581473080167264)"
13509,CHILE,Ciclovías,1,Monserrat,146.73,"LINESTRING (-58.3858917915391 -34.616684364848126, -58.38618540781082 -34.616689832557185, -58.38730988056936 -34.61670187634232, -58.387491485847626 -34.6167042428782)"
15863,"SASTRE, MARCOS",Ciclovías,10,Monte Castro,64.94,"LINESTRING (-58.52015237132061 -34.62474478654285, -58.52061704549696 -34.62518654589116)"
1454,AMENABAR,Ciclovías,13,Nuñez,142.16,"LINESTRING (-58.465226842007176 -34.555370348415664, -58.46638409107061 -34.554518685380415)"
21721,"RODO, JOSE E.",Ciclovías,9,Parque Avellaneda,73.52,"LINESTRING (-58.4880836965341 -34.6450072645919, -58.48863541153909 -34.64548814100845)"
5075,"RAVIGNANI, EMILIO, DR.",Ciclovías,14,Palermo,131.72,"LINESTRING (-58.43938510846347 -34.581743919662166, -58.43839775632837 -34.580882016036306)"
17937,"HORNOS, GRAL.",Ciclovías,4,Barracas,228.44,"LINESTRING (-58.37854752758853 -34.6305769641635, -58.37829283990933 -34.63119806078619, -58.37776972608966 -34.63253320126033)"
3237,"FIGUEROA ALCORTA, PRES. AV.",Ciclovías,14,Palermo,264.97,"LINESTRING (-58.413353730875656 -34.57051976958133, -58.41530275497524 -34.569121227174, -58.415537690814446 -34.56895731752613)"
12088,"ALSINA, ADOLFO",Ciclovías,3,Balvanera,138.9,"LINESTRING (-58.3917979672137 -34.61149867693397, -58.39209239774338 -34.61152715937341, -58.3931404389317 -34.61159241532028, -58.39330695058766 -34.61160244067224)"
15198,ESTADOS UNIDOS,Ciclovías,5,Boedo,71.87,"LINESTRING (-58.42052437625447 -34.62282734392259, -58.421301675162916 -34.622909868499406)"
10950,"PERON, JUAN DOMINGO, TTE. GENERAL",Ciclovías,5,Almagro,77.3,"LINESTRING (-58.41393939419971 -34.60734529069359, -58.41474626206453 -34.60714434398613)"
13174,"MOREAU DE JUSTO, ALICIA AV.",Ciclovías,1,Puerto Madero,145.77,"LINESTRING (-58.36629483631195 -34.61211192055326, -58.36626645691231 -34.61227283147624, -58.366289827604646 -34.612578181593925, -58.366289681764684 -34.612703555035566, -58.366212510946625 -34.613420766807934)"
8365,"ALVEAR, MARCELO T. DE",Ciclovías,2,Recoleta,122.39,"LINESTRING (-58.39755453968057 -34.59722114304013, -58.397673266307976 -34.59720712222119, -58.39887212689948 -34.59704811068338)"
9217,LOYOLA,Ciclovías,15,Villa Crespo,58.42,"LINESTRING (-58.431039920475634 -34.60074872957914, -58.431429541222464 -34.600332135405424)"
17562,CABOTO,Ciclovías,4,La Boca,102.33,"LINESTRING (-58.35690067681918 -34.63039619749598, -58.3564062478892 -34.63122316770727)"
27863,SERRANO,Ciclovías,14,Palermo,17.81,"LINESTRING (-58.43069284297996 -34.589051826540654, -58.43054045720114 -34.58895241781307)"
4424,BLANCO ENCALADA,Ciclovías,12,Villa Urquiza,119.9,"LINESTRING (-58.49020795168656 -34.57780505325943, -58.49127158617374 -34.578432924740994)"
31958,"GARCIA, MARTIN AV.",Ciclovías,1,San Telmo,64.95,"LINESTRING (-58.36816096776406 -34.62712689018745, -58.36847008746693 -34.62737691631837, -58.36861720721662 -34.62756971469076)"
17439,ESTRADA,Ciclovías,7,Parque Chacabuco,121.8,"LINESTRING (-58.42740394142368 -34.63065211374757, -58.42755217368152 -34.63067258003001, -58.42871383962106 -34.63083397297742)"
6865,GORRITI,Ciclovías,14,Palermo,111.19,"LINESTRING (-58.43025247775376 -34.59000404842814, -58.43120968026304 -34.589389222885096)"
4897,"ARENAL, CONCEPCION",Ciclovías,13,Colegiales,128.28,"LINESTRING (-58.443612741372895 -34.58010591181792, -58.44450011401367 -34.58087219285128, -58.44457817644176 -34.58094220615809)"
10334,SUIPACHA,Ciclovías,1,San Nicolas,140.11,"LINESTRING (-58.379387141585 -34.604837299827125, -58.37939632240975 -34.60468533212393, -58.37946610494387 -34.60372445068783, -58.37947502603063 -34.603576426491614)"
2620,BLANCO ENCALADA,Ciclovías,13,Belgrano,169.93,"LINESTRING (-58.468962274174025 -34.56507417924239, -58.46912436664705 -34.56517051169665, -58.47047058223634 -34.5659626399586)"
17982,MORON,Ciclovías,10,Villa Luro,131.76,"LINESTRING (-58.498984222330854 -34.63255571658783, -58.500404127089425 -34.63273768911129)"
7641,SAN MARTIN,Ciclovías,1,Retiro,191.8,"LINESTRING (-58.373842227962754 -34.59356776800097, -58.37267596650422 -34.59213286343341)"
5095,ROSETI,Ciclovías,15,Villa Ortuzar,131.66,"LINESTRING (-58.461911180232455 -34.58181597433955, -58.463345211508575 -34.58177295326568)"
12370,"SASTRE, MARCOS",Ciclovías,10,Monte Castro,138.47,"LINESTRING (-58.50246253755416 -34.611933913060405, -58.503502675880306 -34.612554357737196, -58.50368722335715 -34.612663805292065)"
8836,CORDOBA AV.,Ciclovías mano única,1,Retiro,132.59,"LINESTRING (-58.38403232073397 -34.59915940603537, -58.38420672855778 -34.59916747707744, -58.385475358428174 -34.59922695566426)"
18937,"BONIFACIO, JOSE",Ciclovías,10,Floresta,108.09,"LINESTRING (-58.47175569763954 -34.63564384312721, -58.472838307026606 -34.6360292599384)"
9270,ESTADO DE ISRAEL AV.,Ciclovías,15,Villa Crespo,18.1,"LINESTRING (-58.431039920475634 -34.60074872957914, -58.431156035323234 -34.600880663657435)"
7345,ESTADO PLURINACIONAL DE BOLIVIA,Ciclovías,15,Agronomia,102.53,"LINESTRING (-58.49157031741788 -34.59216070772201, -58.49223939229793 -34.5914203975661)"
30378,"ACHAVAL RODRIGUEZ, T., DR. AV.",Ciclovías,1,Puerto Madero,17.43,"LINESTRING (-58.356619550480936 -34.61776342953792, -58.35661127208759 -34.61792035563535)"
1519,BLANCO ENCALADA,Ciclovías,13,Belgrano,5.89,"LINESTRING (-58.45349335629241 -34.555889418273516, -58.453545360805876 -34.55592054991027)"
4361,"BULLRICH, INT. AV.",Ciclovías,14,Palermo,431.46,"LINESTRING (-58.4249896110082 -34.574556239745846, -58.425250742709736 -34.57509224743492, -58.42571680833101 -34.576008818154484, -58.42662163854858 -34.577788065189864, -58.42653328892007 -34.57816791121093)"
496,"RIVADAVIA MARTIN, COMODORO",Ciclovías,13,Nuñez,106.37,"LINESTRING (-58.46575075083889 -34.546668865845234, -58.46649311124536 -34.547405134172465)"
10923,POTOSI,Ciclovías,5,Almagro,157.19,"LINESTRING (-58.42291589816364 -34.60726823879774, -58.424458448793196 -34.60727120444195, -58.4246295592417 -34.607271892606654)"
6067,"DIAZ, CNEL. AV.",Ciclovías,14,Palermo,50.89,"LINESTRING (-58.40831947180599 -34.58654558532527, -58.408138866198556 -34.58628852746811, -58.40804103537844 -34.586148832858065)"
4038,"LORETO, VIRREY",Ciclovías,13,Colegiales,70.97,"LINESTRING (-58.45629751201375 -34.57552354871876, -58.45671754907535 -34.57606069526488)"
19998,IRALA,Ciclovías,4,La Boca,103.23,"LINESTRING (-58.36634373105733 -34.63877513342691, -58.36619704170582 -34.6396977006841)"
7002,GRIVEO,Ciclovías,11,Villa Devoto,52.61,"LINESTRING (-58.513030567668984 -34.590301212419234, -58.513488956910535 -34.590586170452085)"
27774,CHIVILCOY AV.,Ciclovías mano única,11,Villa Devoto,117.56,"LINESTRING (-58.51787606501024 -34.593277226218696, -58.51864488767278 -34.592429427744456)"
4766,GRIVEO,Ciclovías,12,Villa Pueyrredon,129.35,"LINESTRING (-58.4958240465517 -34.57965738315576, -58.49695367685711 -34.580354977347184)"
13069,TACUARI,Ciclovías,1,Monserrat,119.16,"LINESTRING (-58.37898582839735 -34.61409968438286, -58.37898222099035 -34.61421348616673, -58.37892295135313 -34.61504042756549, -58.37891540736097 -34.615172184580814)"
444,"FIGUEROA ALCORTA, PRES. AV.",Ciclovías,13,Belgrano,65.22,"LINESTRING (-58.44963154252125 -34.54666058438929, -58.450330564269215 -34.54655538202445)"
31085,BRAVARD,Ciclovías,6,Caballito,24.81,"LINESTRING (-58.43778070849815 -34.60511348972574, -58.437976390652004 -34.60495909160835)"
3439,MILLER,Ciclovías,12,Villa Urquiza,103.26,"LINESTRING (-58.480237128984264 -34.57188975581706, -58.48090298991315 -34.571139364741086)"
12328,"CEVALLOS, VIRREY",Ciclovías,1,Monserrat,131.06,"LINESTRING (-58.388942873276896 -34.611285981505496, -58.38892568933335 -34.61145273382516, -58.38893420227165 -34.61222218586673, -58.38894480182646 -34.61246663217725)"
12452,OTAMENDI,Ciclovías,6,Caballito,101.16,"LINESTRING (-58.43279172576253 -34.61298956729703, -58.432833678025126 -34.61286718177813, -58.43315685384591 -34.61212936481211)"
9859,"GALLARDO, ANGEL AV.",Ciclovías mano única,15,Villa Crespo,5.15,"LINESTRING (-58.43386732347795 -34.602935252215204, -58.433915519999786 -34.602959067006)"
8562,CORDOBA AV.,Ciclovías mano única,2,Recoleta,117.45,"LINESTRING (-58.40815066745208 -34.598068377123596, -58.408724146875684 -34.5980779308831, -58.409430735557486 -34.5980878224776)"
23850,"RODO, JOSE E.",Ciclovías,9,Mataderos,105.33,"LINESTRING (-58.49772919792064 -34.653236180862386, -58.498539064378804 -34.65390968637675)"
17102,IRALA,Ciclovías,4,La Boca,153.02,"LINESTRING (-58.36944859028488 -34.62832168784518, -58.36872039550352 -34.629562757875874)"
1898,IBERA,Ciclovías,12,Coghlan,103.86,"LINESTRING (-58.47432450785349 -34.55891381925365, -58.47527157238132 -34.55942620626405)"
7723,SERRANO,Ciclovías,15,Villa Crespo,125.19,"LINESTRING (-58.43891751729581 -34.594173058801054, -58.43781201824601 -34.5935114135224)"
18204,SANLUCAR DE BARRAMEDA,Ciclovías,4,Barracas,36.34,"LINESTRING (-58.38369668050954 -34.633343841112314, -58.383591143873 -34.633318138135444, -58.38347426212333 -34.6333067939793, -58.38337492206854 -34.63330510918844, -58.38330668722496 -34.63329541647423)"
9935,SAN MARTIN,Ciclovías,1,San Nicolas,122.35,"LINESTRING (-58.37385386107077 -34.60323200775726, -58.37386260088711 -34.603103420737945, -58.37390338124946 -34.60224315630779, -58.373910230538456 -34.60213013148894)"
5878,FOREST AV.,Ciclovías mano única,15,Chacarita,68.65,"LINESTRING (-58.453516340144596 -34.585676505548776, -58.453965732432245 -34.58518167270936)"
18379,"BONIFACIO, JOSE",Ciclovías,7,Flores,136.28,"LINESTRING (-58.465288629932935 -34.63363036782052, -58.46668241848179 -34.6340568202568)"
1165,"FIGUEROA ALCORTA, PRES. AV.",Ciclovías,13,Belgrano,88.76,"LINESTRING (-58.43530874374466 -34.5531565065836, -58.435934508861926 -34.55254645700394)"
8554,CORDOBA AV.,Ciclovías mano única,2,Recoleta,78.37,"LINESTRING (-58.404734813765955 -34.59803636249119, -58.40558907777432 -34.59804036110832)"
5718,"GARCIA, TEODORO",Ciclovías mano única,15,Chacarita,30.77,"LINESTRING (-58.455367809592644 -34.585140056403034, -58.455501503711275 -34.585394456348936)"
11991,"JAURETCHE, ARTURO",Ciclovías,6,Caballito,145.67,"LINESTRING (-58.43667384438476 -34.61070403686809, -58.43809388494603 -34.61129202262376)"
4243,SARMIENTO AV.,Ciclovías,14,Palermo,253.62,"LINESTRING (-58.4172704158941 -34.57734940180585, -58.41557610912088 -34.57554308242817)"
19000,"HORNOS, GRAL.",Ciclovías,4,Barracas,171.49,"LINESTRING (-58.37713726475054 -34.63471172069617, -58.37709182993628 -34.63489880302655, -58.37682888892637 -34.63606059951989, -58.376784919678364 -34.63622979524432)"
3784,SUPERI,Ciclovías,13,Colegiales,40.47,"LINESTRING (-58.45940277973642 -34.57441577824063, -58.45957714635098 -34.57435359935506, -58.45979893631475 -34.57425606877681)"
30420,CORRIENTES AV.,Ciclovías mano única,1,San Nicolas,16.04,"LINESTRING (-58.37009315456111 -34.602996991948196, -58.370267690326465 -34.603006224300984)"
19219,MIRO,Ciclovías,7,Parque Chacabuco,83.8,"LINESTRING (-58.44407975201152 -34.63631671276265, -58.44390917572226 -34.637058805474084)"
5586,GODOY CRUZ,Ciclovías,14,Palermo,120.27,"LINESTRING (-58.430175302671465 -34.584273504040894, -58.43003529678381 -34.58411381518487, -58.42940625595752 -34.58339560090001)"
5956,NUEVA YORK,Ciclovías,15,Agronomia,91.7,"LINESTRING (-58.488085786590815 -34.585550716662404, -58.48888524116784 -34.58604675772819)"
8463,"ACUÑA DE FIGUEROA, FRANCISCO",Ciclovías,14,Palermo,146.58,"LINESTRING (-58.42177967769403 -34.597734404132424, -58.42151692306705 -34.59643112466026)"
14309,RINCON,Ciclovías,3,San Cristobal,131.19,"LINESTRING (-58.39599280220958 -34.618380658670084, -58.395943924459054 -34.61941339075953, -58.395928300929576 -34.61956183463126)"
7075,FRENCH,Ciclovías,2,Recoleta,126.53,"LINESTRING (-58.39923047963244 -34.59084615585345, -58.40035749527471 -34.59018877347407)"
16209,TREINTA Y TRES ORIENTALES,Ciclovías,5,Boedo,94.1,"LINESTRING (-58.423045116403834 -34.62559344479989, -58.422889068785985 -34.62625100619384, -58.422844003120574 -34.626425218544924)"
4119,LA PAMPA,Ciclovías,12,Villa Urquiza,103.86,"LINESTRING (-58.473684819194986 -34.57610789669959, -58.47382914196233 -34.57618661826327, -58.474619050409615 -34.57663634504155)"
18881,CULPINA,Ciclovías,7,Flores,134.03,"LINESTRING (-58.464805400686224 -34.634724047558045, -58.464304352183795 -34.63585899333538)"
10233,CORRIENTES AV.,Ciclovías mano única,3,Balvanera,25.81,"LINESTRING (-58.393579526817255 -34.604456018084335, -58.39369050084689 -34.60445777161145, -58.39386083586723 -34.60446188281242)"
2122,"PEDRAZA, MANUELA",Ciclovías,12,Villa Urquiza,99.78,"LINESTRING (-58.48434057611917 -34.56131699370453, -58.48528907217723 -34.56175669532349)"
3895,SUPERI,Ciclovías,13,Colegiales,97.72,"LINESTRING (-58.45723884117759 -34.575187747434796, -58.45821668821321 -34.57483891197296)"
13186,CHIVILCOY,Ciclovías,10,Monte Castro,144.84,"LINESTRING (-58.49794468181362 -34.615650258298594, -58.49874472148141 -34.61470198800285, -58.49884782178893 -34.61457928034531)"
12187,"ALSINA, ADOLFO",Ciclovías,3,Balvanera,140.58,"LINESTRING (-58.39743924655602 -34.61187235061178, -58.39762006383678 -34.611888927182335, -58.39896595507313 -34.61198323712056)"
9957,CORRIENTES AV.,Ciclovías mano única,1,San Nicolas,125.7,"LINESTRING (-58.37385386107077 -34.60323200775726, -58.375220377674225 -34.60331574954359)"
13255,NEUQUEN,Ciclovías,6,Caballito,13.94,"LINESTRING (-58.448995234858565 -34.615841806085996, -58.44914685835537 -34.61583266872265)"
6939,GRIVEO,Ciclovías,11,Villa Devoto,76.2,"LINESTRING (-58.51236645844674 -34.58988865729862, -58.512487166183384 -34.58996332829318, -58.513030567668984 -34.590301212419234)"
212,"GUIRALDES, INT.",Ciclovías,13,Belgrano,94.68,"LINESTRING (-58.43705505715574 -34.54270471021889, -58.43679396562314 -34.54262769742943, -58.436418395878285 -34.54260393643923, -58.43605025102078 -34.542673286740886)"
17388,ACHAVAL,Ciclovías,7,Parque Chacabuco,61.63,"LINESTRING (-58.44822303961699 -34.63014216278947, -58.447982948587416 -34.6306610115766)"
11327,CHIVILCOY,Ciclovías,11,Villa Devoto,104.38,"LINESTRING (-58.503787658518974 -34.60882590255743, -58.50391075458404 -34.608692197800735, -58.504364059075485 -34.60819513767492, -58.50447285077405 -34.60807467677514)"
4422,LA PAMPA,Ciclovías,12,Villa Urquiza,69.33,"LINESTRING (-58.477150271044174 -34.57807336528863, -58.477333174195856 -34.57817714920126, -58.47777306331914 -34.578427173036594)"
10231,CORRIENTES AV.,Ciclovías mano única,3,Balvanera,118.34,"LINESTRING (-58.39228965665492 -34.60443527392531, -58.393579526817255 -34.604456018084335)"
14090,DEAN FUNES,Ciclovías,3,Balvanera,99.37,"LINESTRING (-58.40657493271277 -34.617811242389294, -58.40647312766752 -34.61870303702261)"
31249,LA RABIDA (N) AV.,Ciclovías,1,Monserrat,59.99,"LINESTRING (-58.368323751305304 -34.60731573428566, -58.368434249179195 -34.60706900527845, -58.36858990512265 -34.606822938391915)"
13227,"DIAZ, CESAR, GRAL.",Ciclovías,11,Villa Santa Rita,137.72,"LINESTRING (-58.48031472765504 -34.6151073641897, -58.481436678188025 -34.61569763276132, -58.481581587310075 -34.61577387972464)"
10354,BRAVARD,Ciclovías,15,Villa Crespo,154.58,"LINESTRING (-58.437976390652004 -34.60495909160835, -58.43902276342479 -34.603866823345456)"
5823,DEL LIBERTADOR AV.,Ciclovías,2,Recoleta,93.09,"LINESTRING (-58.389997945076956 -34.585020720494086, -58.390344309122895 -34.585047968512775, -58.390702548436984 -34.58502987195032, -58.391005802901056 -34.58498660048687)"
10918,"PERON, JUAN DOMINGO, TTE. GENERAL",Ciclovías mano única,3,Balvanera,126.95,"LINESTRING (-58.396473120354486 -34.607152253349724, -58.39772482622511 -34.6072370182066, -58.39785292406743 -34.60723821376329)"
8516,CHIVILCOY AV.,Ciclovías mano única,11,Villa Devoto,99.46,"LINESTRING (-58.51349974812408 -34.597908821044605, -58.513596087283915 -34.597801244466645, -58.514146630249996 -34.59718938690532)"
18962,DOBLAS,Ciclovías,7,Parque Chacabuco,90.5,"LINESTRING (-58.42753109628245 -34.635317057105254, -58.42748731492606 -34.635487750129066, -58.4273247363941 -34.636114820964416)"
15912,"SASTRE, MARCOS",Ciclovías,10,Versalles,99.21,"LINESTRING (-58.52147282420335 -34.62512339358788, -58.522521162902585 -34.62534408878932)"
26951,UNANUE,Ciclovías mano única,8,Villa Lugano,103.33,"LINESTRING (-58.47657742612302 -34.68284065770129, -58.47733864893846 -34.68352775675172)"
17647,ESTRADA,Ciclovías,7,Parque Chacabuco,59.55,"LINESTRING (-58.43302215035418 -34.63146906878047, -58.433233767027126 -34.63150306514028, -58.43366075110964 -34.6315666914274)"
21111,DON PEDRO DE MENDOZA AV.,Ciclovías,4,La Boca,109.67,"LINESTRING (-58.35806544093068 -34.64256393639316, -58.357996420527236 -34.642902400616656, -58.35790164894365 -34.643187391406315, -58.35781350254423 -34.64342126068079, -58.35777009160086 -34.64351974501613)"
9245,CUCHA CUCHA,Ciclovías,15,Paternal,138.69,"LINESTRING (-58.4621213080161 -34.600818623223574, -58.462279460813676 -34.600785032581534, -58.463412842885276 -34.60054306122947, -58.4635853023862 -34.60050651108708)"
31703,SENDERO PARQUE CHACABUCO (NO OFICIAL),Ciclovías,7,Parque Chacabuco,125.96,"LINESTRING (-58.44413774489072 -34.63345109565883, -58.44420064953702 -34.63358270899411, -58.4442274510552 -34.63373163783729, -58.444127751507665 -34.633858367188274, -58.44407629819689 -34.63392653644013, -58.44465156739825 -34.63431155736229)"
17012,BOLIVAR,Ciclovías,4,Barracas,25.12,"LINESTRING (-58.372089905325524 -34.62904679763692, -58.372030538358516 -34.62926788226507)"
9204,CORRIENTES AV.,Ciclovías mano única,15,Villa Crespo,136.39,"LINESTRING (-58.43622352344329 -34.600725130398416, -58.43760172735821 -34.60026380159824)"
15719,DOBLAS,Ciclovías,6,Caballito,79.96,"LINESTRING (-58.430422938236575 -34.62397845490656, -58.43038530663705 -34.62413844660228, -58.43025841292997 -34.62468630590285)"
33054,OLLEROS AV.,Ciclovías,14,Palermo,31.77,"LINESTRING (-58.43610924526185 -34.563182385497086, -58.43615567511458 -34.5632495024309, -58.436197946115804 -34.5633137506197, -58.43624507295149 -34.56336997001988, -58.43628977317185 -34.56342647564485)"
12467,LINIERS VIRREY,Ciclovías,5,Almagro,139.97,"LINESTRING (-58.41533710490443 -34.61187562916196, -58.41478634857669 -34.61305232854091)"
26599,"BARROS PAZOS, JOSE",Ciclovías mano única,8,Villa Lugano,100.21,"LINESTRING (-58.467591744942844 -34.67689565737984, -58.468335618322165 -34.677557673034435)"
3285,DORREGO AV.,Ciclovías,14,Palermo,86.47,"LINESTRING (-58.42407726279497 -34.57082298184812, -58.42370930222082 -34.57040955107399, -58.42362029760446 -34.570348291360766, -58.423440171641616 -34.57026584702274)"
12046,"VALLESE, FELIPE",Ciclovías,6,Caballito,29.95,"LINESTRING (-58.44084659386512 -34.61135199771754, -58.44102782648982 -34.61143625743847, -58.44113547846408 -34.61147747478822)"
10113,CORRIENTES AV.,Ciclovías mano única,1,San Nicolas,127.79,"LINESTRING (-58.385136276420454 -34.60391075266488, -58.386345776279285 -34.60398166335405, -58.38652589838241 -34.60399226993417)"
1188,MILLER,Ciclovías,12,Saavedra,100.84,"LINESTRING (-58.49501280032142 -34.553208519277234, -58.49556448051278 -34.552422440956285)"
30737,SARMIENTO AV.,Ciclovías,14,Palermo,40.72,"LINESTRING (-58.41211595480204 -34.57163765969686, -58.4120953144832 -34.57155990299951, -58.412071601892954 -34.571494257927974, -58.41203340644682 -34.571444663430476, -58.41198481828691 -34.57140520560124, -58.411867268505574 -34.57136888779292)"
16072,RIGLOS,Ciclovías,6,Caballito,158.7,"LINESTRING (-58.436227966312465 -34.624558902113215, -58.436200410953646 -34.62598926433341)"
24674,POLA,Ciclovías,9,Mataderos,145.34,"LINESTRING (-58.49176144234742 -34.6566315445467, -58.490604413537476 -34.65752730755169)"
100,"FIGUEROA ALCORTA, PRES. AV.",Ciclovías,14,Palermo,27.95,"LINESTRING (-58.41982979340612 -34.56552974977226, -58.42008769057804 -34.56539579027669)"
24150,PATRON,Ciclovías,9,Liniers,103.31,"LINESTRING (-58.5225254032799 -34.65444237043311, -58.52328657457289 -34.655129044939265)"
6538,CORDOBA AV.,Ciclovías mano única,14,Palermo,104.22,"LINESTRING (-58.43849922876373 -34.58869034646916, -58.43861582418158 -34.588620157619395, -58.43939052324503 -34.58810811982353)"
8209,"ALVEAR, MARCELO T. DE",Ciclovías,1,Retiro,135.16,"LINESTRING (-58.37844177217033 -34.596367081829996, -58.379904606741796 -34.59651259964583)"
712,DEL LIBERTADOR AV.,Ciclovías,13,Nuñez,78.9,"LINESTRING (-58.45415859510474 -34.54940530438796, -58.454408339519446 -34.54919341635614, -58.45475502519333 -34.5488931162651)"
10178,SARMIENTO,Ciclovías,1,San Nicolas,60.48,"LINESTRING (-58.37035886288971 -34.60420447324621, -58.37101622003 -34.6042465994247)"
9045,"OROÑO, NICASIO",Ciclovías,15,Paternal,118.6,"LINESTRING (-58.46033728620838 -34.60009527189483, -58.460013530444186 -34.59906024743637)"
12880,CHIVILCOY,Ciclovías,10,Monte Castro,152.15,"LINESTRING (-58.49884782178893 -34.61457928034531, -58.49895764750574 -34.614448471935056, -58.499664182862766 -34.613602688868404, -58.49979179936905 -34.613451451576864)"
8881,VIAMONTE,Ciclovías,1,San Nicolas,35.59,"LINESTRING (-58.369076742369394 -34.59935328429158, -58.36930248652786 -34.599375993951675, -58.369462067200914 -34.59939083531071)"
1578,AMENABAR,Ciclovías,13,Nuñez,140.27,"LINESTRING (-58.46434263674059 -34.55640172073553, -58.465226842007176 -34.555370348415664)"
20164,CULPINA,Ciclovías,7,Flores,138.23,"LINESTRING (-58.46084907421893 -34.63954851432231, -58.45972390526802 -34.640377860148504)"
4333,"MARTINEZ, ENRIQUE, GRAL.",Ciclovías,13,Colegiales,181.75,"LINESTRING (-58.452010995160215 -34.57794785199317, -58.45372168173395 -34.57712206683398)"
7262,CORRIENTES AV.,Ciclovías mano única,15,Chacarita,160.22,"LINESTRING (-58.44759966059718 -34.59170240115051, -58.44788992342673 -34.591429334934034, -58.44874979972005 -34.59061555339416)"
10541,BILLINGHURST,Ciclovías,5,Almagro,94.23,"LINESTRING (-58.41603063959698 -34.605669334177776, -58.41586290447572 -34.60483129912894)"
21556,BALBASTRO,Ciclovías,7,Flores,116.4,"LINESTRING (-58.44951236514802 -34.644182447502274, -58.45039595967748 -34.64493586023148)"
20434,BALBASTRO,Ciclovías,7,Parque Chacabuco,120.79,"LINESTRING (-58.445296475156745 -34.64046186616147, -58.446209489145176 -34.6412467498702)"
31952,PASEO COLON AV.,Ciclovías,1,San Telmo,32.63,"LINESTRING (-58.36798010254514 -34.62677709055505, -58.368031847248545 -34.626889029883685, -58.368043137434675 -34.62698325064862, -58.36805586968094 -34.62706216307982)"
27261,"ROCA, CNEL. AV.",Ciclovías,8,Villa Riachuelo,55.91,"LINESTRING (-58.46002361997666 -34.68902479602674, -58.46043252326625 -34.68939879300105)"
24114,"RODO, JOSE E.",Ciclovías,9,Mataderos,99.99,"LINESTRING (-58.49901782950275 -34.654307859545405, -58.499786625380054 -34.654947213523144)"
22773,PEPIRI,Ciclovías,4,Nueva Pompeya,104.61,"LINESTRING (-58.408926022481005 -34.64843064513149, -58.40870275161036 -34.6493554113021)"
8391,"ALVEAR, MARCELO T. DE",Ciclovías,2,Recoleta,133.48,"LINESTRING (-58.396102979654046 -34.597297747914155, -58.396257722630985 -34.59729304422217, -58.39740021198232 -34.597239440364724, -58.39755453968057 -34.59722114304013)"
7829,ARENALES,Ciclovías,2,Recoleta,58.08,"LINESTRING (-58.38856866910028 -34.59467557819012, -58.38920138529037 -34.59469462630023)"
16468,PI Y MARGALL,Ciclovías,4,La Boca,64.72,"LINESTRING (-58.36523099563227 -34.62687469269671, -58.36567039286545 -34.627331247178404)"
24471,POLA,Ciclovías,9,Mataderos,135.7,"LINESTRING (-58.49294566399859 -34.655712485676545, -58.492620707920715 -34.65596474247703, -58.49186681314005 -34.656549966289944)"
27992,BALBASTRO,Ciclovías,7,Flores,13.67,"LINESTRING (-58.446209489145176 -34.6412467498702, -58.44628815470183 -34.64135146956613)"
15220,RINCON,Ciclovías,3,San Cristobal,138.54,"LINESTRING (-58.395644822886254 -34.62174599950547, -58.395627700456515 -34.62185077996723, -58.39536773199197 -34.622973465403156)"
9827,CORRIENTES AV.,Ciclovías,1,San Nicolas,78.03,"LINESTRING (-58.368169716933316 -34.6028295303064, -58.36840371511677 -34.60285161761207, -58.36901515496271 -34.60290758538501)"
5928,CERETTI,Ciclovías,15,Parque Chas,95.45,"LINESTRING (-58.48693713063593 -34.58591088054659, -58.487501808336084 -34.58518829215204)"
32941,ANTARTIDA ARGENTINA AV.,Ciclovías,1,Retiro,94.81,"LINESTRING (-58.3701072187099 -34.59258905161453, -58.370166251179235 -34.59236734678608, -58.37022229783449 -34.59204841083691, -58.37027513464312 -34.59183309784202, -58.37030709345299 -34.59175161905748)"
22550,"HORNOS, GRAL.",Ciclovías,4,Barracas,158.08,"LINESTRING (-58.3743030075649 -34.646985422226614, -58.37422845929129 -34.64721248214387, -58.3739048129348 -34.64817239312401, -58.37382127990427 -34.648352826108145)"
18421,DOBLAS,Ciclovías,7,Parque Chacabuco,151.44,"LINESTRING (-58.428173287251205 -34.63281390919293, -58.42811849947662 -34.6330283321778, -58.427830818442494 -34.63414931634348)"
3079,CERETTI,Ciclovías,12,Villa Urquiza,94.51,"LINESTRING (-58.50021996525134 -34.5693085345498, -58.50068019267282 -34.56872965018087, -58.50078578281978 -34.56859672773491)"
9455,CORRIENTES AV.,Ciclovías mano única,15,Villa Crespo,111.92,"LINESTRING (-58.43372174755523 -34.60156259060627, -58.43485262937974 -34.6011840508947)"
3397,MOLDES,Ciclovías,13,Colegiales,100.02,"LINESTRING (-58.44939614744635 -34.571574498826415, -58.450176132460804 -34.57121246516558, -58.45034190425105 -34.57112670648694)"
12038,"GARCIA, JUAN AGUSTIN",Ciclovías,11,Villa Santa Rita,68.95,"LINESTRING (-58.483514992398796 -34.61108752636496, -58.48414963696617 -34.61142066355164)"
6129,AZCUENAGA,Ciclovías,2,Recoleta,173.39,"LINESTRING (-58.394410607144586 -34.58681691191924, -58.39332012380972 -34.58554035359763)"
19041,RONDEAU,Ciclovías,4,Parque Patricios,182.44,"LINESTRING (-58.40575080955818 -34.635918871425496, -58.40767027791724 -34.63635173793517)"
28854,COMPLEJO CIUDAD UNIVERSITARIA (SIN NOMBRE OFICIAL),Ciclovías,13,Belgrano,175.3,"LINESTRING (-58.43921713906984 -34.54538280303895, -58.44112678116202 -34.54538956211481)"
2416,DEL LIBERTADOR AV.,Ciclovías,14,Palermo,104.6,"LINESTRING (-58.435491583099534 -34.56425450612577, -58.43640910943142 -34.563695071770404)"
14029,BOLIVAR,Ciclovías,1,San Telmo,149.43,"LINESTRING (-58.37308676751853 -34.61715691168568, -58.373034730408534 -34.61840738137733, -58.37302321259245 -34.618502726117484)"
1079,"OBLIGADO RAFAEL, AV.COSTANERA",Ciclovías,14,Palermo,88.39,"LINESTRING (-58.42602614493797 -34.55229840596255, -58.42690391923337 -34.551970775786536)"
1175,IBERA,Ciclovías,13,Nuñez,17.31,"LINESTRING (-58.46347636083153 -34.552973829245325, -58.46363672111624 -34.55305601392162)"
28899,COMPLEJO CIUDAD UNIVERSITARIA (SIN NOMBRE OFICIAL),Ciclovías,13,Belgrano,62.14,"LINESTRING (-58.44107658825216 -34.543102038136276, -58.440957476707666 -34.54292489822564, -58.440838348499796 -34.54281166681312, -58.44062829500458 -34.54269870377718)"
16983,BRASIL,Ciclovías,1,Constitucion,70.74,"LINESTRING (-58.38929643618108 -34.62904436605133, -58.39005148386897 -34.62917510486473)"
12131,"GARCIA, JUAN AGUSTIN",Ciclovías,11,Villa Santa Rita,68.37,"LINESTRING (-58.48414963696617 -34.61142066355164, -58.48477891974581 -34.61175098142207)"
27556,"MOREAU DE JUSTO, ALICIA AV.",Ciclovías,1,Puerto Madero,136.46,"LINESTRING (-58.36596650721995 -34.615607357873394, -58.36582684110415 -34.61683198324368)"
29702,DORREGO AV.,Ciclovías,14,Palermo,236.56,"LINESTRING (-58.423440171641616 -34.57026584702274, -58.42307687733174 -34.56997426503214, -58.42243751345392 -34.56929263028358, -58.421981610326526 -34.56880450904132, -58.42185571772011 -34.56859481415464)"
19411,"BONIFACIO, JOSE",Ciclovías,10,Floresta,70.21,"LINESTRING (-58.47688859683672 -34.637479171366714, -58.47759071273305 -34.63773169911065)"
11099,"PERON, JUAN DOMINGO, TTE. GENERAL",Ciclovías,3,Balvanera,124.48,"LINESTRING (-58.409116585380666 -34.607899519707225, -58.40927474678803 -34.60790628007864, -58.41020430203327 -34.607937956190504, -58.41047268323069 -34.60793518532507)"
10025,"GALLARDO, ANGEL AV.",Ciclovías mano única,15,Villa Crespo,132.22,"LINESTRING (-58.433915519999786 -34.602959067006, -58.43497329606699 -34.6034810151135, -58.43514990350268 -34.603574367238316)"
28903,COMPLEJO CIUDAD UNIVERSITARIA (SIN NOMBRE OFICIAL),Ciclovías,13,Belgrano,88.29,"LINESTRING (-58.43705505715574 -34.54270471021889, -58.43735334178992 -34.54269964298231, -58.43801668192477 -34.54271000010875)"
26797,"ROCA, CNEL. AV.",Ciclovías,8,Villa Soldati,51.75,"LINESTRING (-58.44999761487008 -34.68004276176034, -58.4503191902932 -34.68042617759608)"
13973,CHIVILCOY,Ciclovías,10,Monte Castro,67.81,"LINESTRING (-58.494515287814366 -34.61832657006671, -58.49479818250505 -34.61810269173833, -58.495049141540946 -34.6179036805285)"
30838,CONGRESO,Ciclovías,13,Belgrano,47.34,"LINESTRING (-58.45716147732151 -34.55267422649519, -58.45726813342113 -34.5527828582745, -58.45756073866264 -34.55293662023396)"
8163,SERRANO,Ciclovías,15,Villa Crespo,173.53,"LINESTRING (-58.44259166170722 -34.59635137875842, -58.44242961925732 -34.59627592739948, -58.441152748710984 -34.595514211123884, -58.44104853029583 -34.59544834602274)"
2110,IBERA,Ciclovías,12,Coghlan,50.12,"LINESTRING (-58.47901942320854 -34.5614558964358, -58.47947616885972 -34.56170358866825)"
5864,"BORGES, JORGE LUIS",Ciclovías,14,Palermo,147.45,"LINESTRING (-58.42538449429541 -34.58559741522322, -58.424233870952264 -34.58466950050206)"
20762,PRIMERA JUNTA,Ciclovías,7,Flores,62.23,"LINESTRING (-58.46199606717315 -34.64198334220722, -58.4623306746314 -34.64221975581157, -58.46251932364298 -34.64234032157969)"
10296,SARMIENTO,Ciclovías,1,San Nicolas,130.45,"LINESTRING (-58.375165744159 -34.60456361548502, -58.376453841493806 -34.60464869525821, -58.376583376081555 -34.60465646355559)"
6148,GORRITI,Ciclovías,14,Palermo,78.58,"LINESTRING (-58.43466045179697 -34.586917643953846, -58.435269961876386 -34.58642003017264)"
29908,DEL LIBERTADOR AV.,Ciclovías,13,Nuñez,38.08,"LINESTRING (-58.45475502519333 -34.5488931162651, -58.455041548556565 -34.54864492655139)"
3367,BLANCO ENCALADA,Ciclovías,12,Villa Urquiza,103.94,"LINESTRING (-58.47840880128838 -34.57077328303981, -58.4793201917672 -34.57132965700713)"
8775,ESTADO DE ISRAEL AV.,Ciclovías mano única,15,Villa Crespo,6.96,"LINESTRING (-58.429163606309686 -34.59895861385966, -58.42922192699142 -34.59899877163475)"
10208,SARMIENTO,Ciclovías,1,San Nicolas,104.29,"LINESTRING (-58.368826980447515 -34.60425696648055, -58.36988642881877 -34.60434461435175, -58.36994625028017 -34.60431117045978)"
22898,HERRERA,Ciclovías,4,Barracas,143.45,"LINESTRING (-58.37493132230091 -34.64855236938548, -58.37459549903803 -34.649666640433274, -58.3745481411369 -34.64980604355902)"
29705,DORREGO AV.,Ciclovías,14,Palermo,141.43,"LINESTRING (-58.420644573769565 -34.566577141071555, -58.420583725955076 -34.56631823899405, -58.420499616439756 -34.56617731147142, -58.420371379210216 -34.56596244586687, -58.42023294016502 -34.565730485392926, -58.42008769057804 -34.56539579027669)"
17524,CAMACUA,Ciclovías,7,Flores,134.28,"LINESTRING (-58.457602562073994 -34.629980635886504, -58.457538145689504 -34.6301068313808, -58.457138004006744 -34.630970623720835, -58.45706745122895 -34.631107241279516)"
12967,"SASTRE, MARCOS",Ciclovías,10,Monte Castro,44.51,"LINESTRING (-58.506968258088534 -34.61460241893156, -58.507356974273186 -34.61484256399223)"
11036,"GARCIA, JUAN AGUSTIN",Ciclovías,11,Villa Gral. Mitre,135.44,"LINESTRING (-58.47588542443286 -34.60705765027012, -58.477128021406 -34.607717173103495)"
12627,DON BOSCO,Ciclovías,5,Almagro,125.43,"LINESTRING (-58.42198866284637 -34.613391392881184, -58.42212263760237 -34.61341326944912, -58.423330970114584 -34.61360768795503)"
6132,GODOY CRUZ,Ciclovías,14,Palermo,122.86,"LINESTRING (-58.43290380865871 -34.586837992329365, -58.4318372009353 -34.58616834395535)"
3799,LA PAMPA,Ciclovías,12,Villa Urquiza,104.7,"LINESTRING (-58.46992587399457 -34.57396072203392, -58.47086525151684 -34.57449638225875)"
7934,SUIPACHA,Ciclovías,1,Retiro,58.07,"LINESTRING (-58.379957838437534 -34.59522754521767, -58.37995417329513 -34.595060286521644, -58.379962448779864 -34.5947041597089)"
18781,LAS CASAS,Ciclovías,5,Boedo,55.87,"LINESTRING (-58.41617792253171 -34.635319466781425, -58.416776746722974 -34.635412584888265)"
7561,GRIVEO,Ciclovías,11,Villa Devoto,93.39,"LINESTRING (-58.5169275120842 -34.59269622214902, -58.517614152876774 -34.59311655924071, -58.51774560374982 -34.59319720622214)"
3758,SUPERI,Ciclovías,13,Colegiales,75.12,"LINESTRING (-58.45979893631475 -34.57425606877681, -58.46052185731536 -34.5739382641701)"
9869,PADILLA,Ciclovías,15,Villa Crespo,126.29,"LINESTRING (-58.43977453487653 -34.60300371826226, -58.44051490479776 -34.602043985107564)"
7754,JUNCAL,Ciclovías,2,Recoleta,195.61,"LINESTRING (-58.390063566301336 -34.59427373152243, -58.39216180650697 -34.59396003804841)"
11312,"LAMAS, ANDRES",Ciclovías,11,Villa Gral. Mitre,18.32,"LINESTRING (-58.46795371815245 -34.60879710862505, -58.46806026244468 -34.608657384233055)"
9461,TUCUMAN,Ciclovías,1,San Nicolas,130.05,"LINESTRING (-58.38388382762491 -34.60145152732453, -58.38427821915788 -34.60149861014572, -58.38451940400881 -34.60156137759315, -58.38461383541595 -34.60157942344169, -58.38509533741892 -34.60155680187037, -58.385280089867535 -34.60158186665396)"
9912,CORRIENTES AV.,Ciclovías mano única,1,San Nicolas,125.75,"LINESTRING (-58.37109827562857 -34.60305643294922, -58.371278477592774 -34.6030682592975, -58.37246477984885 -34.60314633243528)"
31247,BOLIVAR,Ciclovías,1,San Telmo,9.49,"LINESTRING (-58.372552857122805 -34.62669769218927, -58.372549171227995 -34.62678316682778)"
9460,HUMAHUACA,Ciclovías,5,Almagro,142.49,"LINESTRING (-58.423923093880276 -34.601599399964236, -58.425465609710905 -34.6014480547063)"
4536,LA PAMPA,Ciclovías,12,Villa Urquiza,88.36,"LINESTRING (-58.47819856446243 -34.578669027863235, -58.47865514857969 -34.57892855368256, -58.47898792511884 -34.579125134817325)"
17707,RIGLOS,Ciclovías,7,Parque Chacabuco,119.87,"LINESTRING (-58.43510062261664 -34.63068336168171, -58.43485779236291 -34.63174507686224)"
5372,ROSETI,Ciclovías,15,Chacarita,121.98,"LINESTRING (-58.452767059971016 -34.58333076692129, -58.45401860186867 -34.5829599462241)"
542,"PEDRAZA, MANUELA",Ciclovías,13,Nuñez,101.25,"LINESTRING (-58.45876587369628 -34.547456219738855, -58.45970982095984 -34.54792844565459)"
7683,CORRIENTES AV.,Ciclovías mano única,15,Villa Crespo,102.37,"LINESTRING (-58.445079036594656 -34.59404166738544, -58.44582193418856 -34.593353173087145)"
8567,CORDOBA AV.,Ciclovías mano única,2,Recoleta,149.37,"LINESTRING (-58.41029675259318 -34.59809214544383, -58.41192137209617 -34.59800248677594)"
8021,PADILLA,Ciclovías,15,Villa Crespo,102.35,"LINESTRING (-58.44731736978962 -34.59569355742889, -58.44807133282545 -34.59501357233852)"
626,CUBA,Ciclovías,13,Nuñez,104.86,"LINESTRING (-58.46553053995925 -34.54871715901672, -58.46612272484041 -34.54790881744659)"
16022,MORON,Ciclovías,10,Floresta,100.62,"LINESTRING (-58.47760914832672 -34.6255115003426, -58.477752701157854 -34.625548526091606, -58.47865576681737 -34.62578370010033)"
5208,LA PAMPA,Ciclovías,12,Villa Urquiza,70.19,"LINESTRING (-58.48412051693751 -34.58210871885186, -58.484746436691765 -34.582472490422845)"
6532,NUEVA YORK,Ciclovías,15,Agronomia,129.79,"LINESTRING (-58.491881640687225 -34.58790521010769, -58.49301416101639 -34.588606289878726)"
15022,MENDEZ DE ANDES,Ciclovías,7,Flores,102.07,"LINESTRING (-58.46411004196819 -34.621827012315606, -58.464221296712964 -34.62187616704303, -58.46509276830886 -34.62225897881022)"
27682,CHIVILCOY AV.,Ciclovías mano única,11,Villa Devoto,20.59,"LINESTRING (-58.51490420026294 -34.59634970963907, -58.515036809324926 -34.59619991244712)"
10829,"PERON, JUAN DOMINGO, TTE. GENERAL",Ciclovías mano única,1,San Nicolas,125.95,"LINESTRING (-58.39074654887535 -34.60670165215049, -58.39089499754533 -34.60670772633549, -58.39191964408345 -34.60676847178958, -58.392115437039905 -34.60678781180275)"
1870,"FIGUEROA ALCORTA, PRES. AV.",Ciclovías,14,Palermo,316.78,"LINESTRING (-58.427484552009595 -34.559183506327784, -58.42785036374659 -34.558893465797986, -58.42977194016931 -34.55737101678213, -58.42997740246505 -34.55720853415948)"
12978,BOLIVAR,Ciclovías,1,Monserrat,125.93,"LINESTRING (-58.373252836347305 -34.61371987851734, -58.37318772713301 -34.61485371814368)"
30418,SARMIENTO,Ciclovías,1,San Nicolas,23.66,"LINESTRING (-58.36994625028017 -34.60431117045978, -58.37015990712317 -34.60419172262706)"
4831,"MARTINEZ, ENRIQUE, GRAL.",Ciclovías,13,Colegiales,114.43,"LINESTRING (-58.44641260036363 -34.58067176447178, -58.446566132453476 -34.580593403868505, -58.44748442000356 -34.5801445038003)"
8904,ALVAREZ JONTE,Ciclovías,15,Paternal,91.04,"LINESTRING (-58.46842172687186 -34.598750531447436, -58.46813409035263 -34.59953597804174)"
9200,ECUADOR,Ciclovías,3,Balvanera,120.84,"LINESTRING (-58.40665026567317 -34.60071019547476, -58.40661873615492 -34.600611799048814, -58.40631424100406 -34.59965699467961)"
21122,"HORNOS, GRAL.",Ciclovías,4,Barracas,47.61,"LINESTRING (-58.375420634973835 -34.64312951291736, -58.375401127787576 -34.64328569729237, -58.37534290292344 -34.643553544770974)"
10861,BILLINGHURST,Ciclovías,5,Almagro,145.46,"LINESTRING (-58.41628968052785 -34.606962903576594, -58.41603063959698 -34.605669334177776)"
20009,MARTINEZ CASTRO,Ciclovías,9,Parque Avellaneda,110.67,"LINESTRING (-58.478283314443175 -34.63906719166521, -58.47740820906734 -34.63975427407943)"
3339,SARMIENTO AV.,Ciclovías,14,Palermo,263.08,"LINESTRING (-58.41121928718774 -34.570880341651446, -58.409458451651155 -34.56900889159826)"
5055,ROSETI,Ciclovías,15,Villa Ortuzar,103.43,"LINESTRING (-58.46618236173347 -34.58169003037639, -58.46635120609516 -34.58168509660315, -58.46730884186558 -34.58165654724936)"
15745,"SASTRE, MARCOS",Ciclovías,10,Monte Castro,63.61,"LINESTRING (-58.51969818609285 -34.62431147134091, -58.52015237132061 -34.62474478654285)"
11853,FRAGATA PRES. SARMIENTO,Ciclovías,6,Caballito,15.48,"LINESTRING (-58.45557779827824 -34.61079522027609, -58.45566272950555 -34.61067466058071)"
18651,"BONIFACIO, JOSE",Ciclovías,7,Flores,149.07,"LINESTRING (-58.467963159550315 -34.63445734536089, -58.46814736544921 -34.6345214233181, -58.469484523985365 -34.63493059221664)"
25605,"RABANAL, FRANCISCO, INTENDENTE AV.",Ciclovías,8,Villa Soldati,94.21,"LINESTRING (-58.434286669927616 -34.66343335399727, -58.43515654012431 -34.66388567283815)"
8850,CORDOBA AV.,Ciclovías mano única,1,Retiro,122.58,"LINESTRING (-58.385475358428174 -34.59922695566426, -58.38680947845172 -34.5992894199246)"
26823,UNANUE,Ciclovías mano única,8,Villa Lugano,87.52,"LINESTRING (-58.47314063028632 -34.68025118946639, -58.47379642079714 -34.680824657181844)"
871,"FIGUEROA ALCORTA, PRES. AV.",Ciclovías,13,Belgrano,286.05,"LINESTRING (-58.43756634406426 -34.5506588801626, -58.43762560552115 -34.55058776419496, -58.43780543178865 -34.55037519120699, -58.437959455894664 -34.550201345907745, -58.43817435951869 -34.54994821529304, -58.43825150043372 -34.549854989489, -58.438389939789175 -34.54970501424115, -58.438474825237364 -34.54961284623509, -58.43862883906378 -34.54946435278426, -58.4388632196989 -34.54924516933213, -58.4390235242259 -34.54911829686819, -58.439172738372356 -34.54899297759731, -58.43937379811781 -34.54887256912997, -58.43961090666691 -34.5487395489626)"
28679,"OBLIGADO RAFAEL, AV.COSTANERA",Ciclovías,13,Belgrano,298.5,"LINESTRING (-58.431041673540946 -34.54806391039965, -58.430955414436504 -34.5469453176376, -58.43095151842378 -34.54689601963578, -58.430948473547836 -34.54684665143467, -58.430946364917624 -34.54679721305691, -58.43094502228345 -34.546747774881695, -58.43094461586462 -34.546698336954165, -58.4309450605492 -34.54664889925171, -58.430946441445904 -34.54659946179694, -58.430948588305455 -34.5465500949689, -58.430951671374025 -34.54650072838847, -58.43095560553988 -34.546451362033025, -58.43096039077424 -34.54640206632668, -58.43096611215837 -34.54635291171614, -58.43097259952526 -34.54630375730772, -58.430980023066105 -34.54625467357061, -58.43098829764219 -34.54620573090634, -58.4309974232793 -34.546156858890534, -58.43100739994875 -34.54610812794715, -58.43101831278601 -34.54605946767439, -58.431029991515786 -34.546011018875404, -58.43104252130079 -34.54596264072398, -58.431055987194824 -34.54591447409082, -58.43107021897735 -34.54586651893073, -58.43108530181088 -34.545818634417394, -58.43110132072203 -34.54577103184565, -58.431118105544876 -34.54572357032182, -58.431135656251115 -34.54567632026978, -58.431154143058066 -34.54562928173408, -58.43117339574591 -34.54558245466949, -58.43119349939561 -34.54553590952227, -58.431214454005946 -34.545489646292054, -58.431236174493634 -34.545443594531726, -58.43125318028833 -34.54540905757087)"
17011,USPALLATA,Ciclovías,4,Barracas,122.6,"LINESTRING (-58.37069707690106 -34.629187932715766, -58.372030538358516 -34.62926788226507)"
10932,POTOSI,Ciclovías,5,Almagro,133.04,"LINESTRING (-58.41996459491787 -34.60727715596508, -58.42141499589534 -34.60726709896799)"
30018,"PEDRAZA, MANUELA",Ciclovías,13,Nuñez,40.85,"LINESTRING (-58.462028158487094 -34.54908795630312, -58.46205007787938 -34.54912311752506, -58.4623465859514 -34.54927469071405, -58.462395077743345 -34.549271555516206)"
18145,"HUGO, VICTOR",Ciclovías,10,Villa Luro,143.69,"LINESTRING (-58.50594137517798 -34.63317095371222, -58.50699197193067 -34.632383602152785, -58.507102003892406 -34.63230074494833)"
15875,MORON,Ciclovías,7,Flores,108.7,"LINESTRING (-58.47536122011825 -34.624923285923266, -58.476489781389375 -34.62522274999541)"
9078,"MOREAU DE JUSTO, ALICIA AV.",Ciclovías,1,Puerto Madero,101.8,"LINESTRING (-58.367854950117504 -34.599230290623154, -58.367796393827284 -34.59931811661131, -58.36752217137222 -34.600103407078805)"
16553,"GARAY, JUAN DE AV.",Ciclovías,3,San Cristobal,101.93,"LINESTRING (-58.393209220968146 -34.62744806869514, -58.39429594972209 -34.627641084747594)"
13378,CHILE,Ciclovías mano única,1,Monserrat,133.24,"LINESTRING (-58.374537366230676 -34.61608711743822, -58.37470976378198 -34.616095552714086, -58.37525539611526 -34.61613130027376, -58.3758619714032 -34.61621208964927, -58.37598002524768 -34.61621907569986)"
2978,CERETTI,Ciclovías,12,Villa Urquiza,122.28,"LINESTRING (-58.50078578281978 -34.56859672773491, -58.50151750220598 -34.56767549584213)"
7135,"MANSILLA, LUCIO NORBERTO, GENERAL",Ciclovías,14,Palermo,99.89,"LINESTRING (-58.41452668158805 -34.59113027476369, -58.41534715555433 -34.59053833636819)"
31669,VERTIZ VIRREY AV.,Ciclovías,13,Belgrano,57.57,"LINESTRING (-58.4447340210902 -34.561267978265846, -58.44517942509253 -34.56107728813688, -58.44529011165404 -34.561027816489506)"
20091,MARTINEZ CASTRO,Ciclovías,9,Parque Avellaneda,57.28,"LINESTRING (-58.47740820906734 -34.63975427407943, -58.47695523072169 -34.640109892204045)"
16279,BOLIVAR,Ciclovías,1,San Telmo,135.49,"LINESTRING (-58.372626678311015 -34.62547793462713, -58.37262159491527 -34.62560877734393, -58.37255862130035 -34.62656402252293, -58.372552857122805 -34.62669769218927)"
14416,"SASTRE, MARCOS",Ciclovías,10,Monte Castro,91.39,"LINESTRING (-58.513939498241655 -34.619324995323716, -58.51405481128811 -34.6194211457598, -58.514642288611284 -34.619909074874016)"
11682,"DIAZ, CESAR, GRAL.",Ciclovías,11,Villa Gral. Mitre,59.45,"LINESTRING (-58.47050136071672 -34.609931789476896, -58.470946335191826 -34.61016246983121, -58.47104999833406 -34.610217182359065)"
18887,PERDRIEL,Ciclovías,4,Barracas,104.87,"LINESTRING (-58.387883192797204 -34.63501933459767, -58.38732480372935 -34.63584427748398)"
18826,"BONIFACIO, JOSE",Ciclovías,7,Flores,106.71,"LINESTRING (-58.47066952340501 -34.63529876940181, -58.4716028414299 -34.63558941648249, -58.47175569763954 -34.63564384312721)"
14935,BOLIVAR,Ciclovías,1,San Telmo,129.63,"LINESTRING (-58.37285418694978 -34.620721218806544, -58.37285407166288 -34.62082748756799, -58.37281324503975 -34.62171162247556, -58.37280180804787 -34.62188879912949)"
9954,CORRIENTES AV.,Ciclovías mano única,5,Almagro,133.45,"LINESTRING (-58.419512449510705 -34.60331947206896, -58.42074762029649 -34.60319518891028, -58.420956632980094 -34.60317441624162)"
2742,SUPERI,Ciclovías,13,Belgrano,124.92,"LINESTRING (-58.46737411085858 -34.566916042104644, -58.46816007144148 -34.56599662776583)"
2607,"GARCIA, TEODORO",Ciclovías,14,Palermo,169.01,"LINESTRING (-58.44126939824819 -34.564609566341446, -58.44235464955645 -34.56584041733289)"
17253,"GONZALEZ, ELPIDIO",Ciclovías,10,Villa Luro,132.97,"LINESTRING (-58.51110644995883 -34.629303717168376, -58.51208610895553 -34.63018742307253)"
16555,"GONZALEZ, ELPIDIO",Ciclovías,10,Villa Luro,127.17,"LINESTRING (-58.50831107148346 -34.6268301061087, -58.50916066420956 -34.62755345954063, -58.50927394150482 -34.627655037722654)"
9745,CORRIENTES AV.,Ciclovías mano única,5,Almagro,135.58,"LINESTRING (-58.427105681052005 -34.6025648367385, -58.42835317822166 -34.602441536575036, -58.428573174401016 -34.60241906383438)"
7993,GORRITI,Ciclovías,14,Palermo,163.99,"LINESTRING (-58.41674857334945 -34.595537905546976, -58.416979276624566 -34.59552982419155, -58.418534247038004 -34.59547061483575)"
14214,MENDEZ DE ANDES,Ciclovías,7,Flores,123.13,"LINESTRING (-58.457225117765425 -34.61868950149223, -58.458400111249745 -34.61922646242489)"
8853,ESTADO DE ISRAEL AV.,Ciclovías mano única,15,Villa Crespo,53.17,"LINESTRING (-58.42922192699142 -34.59899877163475, -58.42943069679244 -34.59912566273076, -58.4296483821731 -34.599320162615214)"
6703,DEL LIBERTADOR AV.,Ciclovías,1,Retiro,116.75,"LINESTRING (-58.38090932694877 -34.58927731875665, -58.381972268502025 -34.58869872611618)"
25670,"RABANAL, FRANCISCO, INTENDENTE AV.",Ciclovías,8,Villa Soldati,135.43,"LINESTRING (-58.435267577708196 -34.66393647331932, -58.43635998761128 -34.66441277828302, -58.436574824080886 -34.66450536122864)"
1702,IBERA,Ciclovías,12,Coghlan,100.45,"LINESTRING (-58.47087243753057 -34.557030800405705, -58.471789920526135 -34.55752448360123)"
8198,CHIVILCOY AV.,Ciclovías mano única,11,Villa Devoto,16.55,"LINESTRING (-58.514795118415975 -34.59646854010565, -58.51490420026294 -34.59634970963907)"
8139,"ALVEAR, MARCELO T. DE",Ciclovías,1,Retiro,110.24,"LINESTRING (-58.373122398339284 -34.59617748919449, -58.374321735835885 -34.59623991987154)"
30419,SARMIENTO,Ciclovías,1,San Nicolas,18.3,"LINESTRING (-58.37015990712317 -34.60419172262706, -58.37035886288971 -34.60420447324621)"
15444,VALLE,Ciclovías,6,Caballito,130.11,"LINESTRING (-58.42749318662752 -34.623606499039326, -58.42770538197087 -34.623629800848235, -58.428895832706566 -34.62378253854276)"
9155,TUCUMAN,Ciclovías,3,Balvanera,133.69,"LINESTRING (-58.41086513144157 -34.600527076668484, -58.41100175257128 -34.60050136025852, -58.412281432475034 -34.60024288396286)"
20134,PEPIRI,Ciclovías,4,Parque Patricios,32.73,"LINESTRING (-58.40886788293727 -34.64016804460983, -58.40891154209334 -34.64046085612208)"
11935,"DIAZ, CESAR, GRAL.",Ciclovías,11,Villa Gral. Mitre,123.52,"LINESTRING (-58.47160630627865 -34.61051045967137, -58.47274176244128 -34.611109047295834)"
12138,TACUARI,Ciclovías,1,Monserrat,122.49,"LINESTRING (-58.379124335778926 -34.61063353734474, -58.37905746637239 -34.61173632278245)"
10904,POTOSI,Ciclovías,5,Almagro,134.25,"LINESTRING (-58.42915070979507 -34.60716302895823, -58.430607537410246 -34.60704638408276)"
19942,ZAÑARTU,Ciclovías,7,Parque Chacabuco,82.32,"LINESTRING (-58.431612439191426 -34.63942716777934, -58.43182220244996 -34.63945729279336, -58.43232122225773 -34.63952692823821, -58.432498270704244 -34.639547747916616)"
30263,COMPLEJO PARQUE DE LOS NIÑOS (SIN NOMBRE OFICIAL),Ciclovías,13,Nuñez,41.27,"LINESTRING (-58.46174698377053 -34.53461225500434, -58.4613520664807 -34.53443445092391)"
1279,MILLER,Ciclovías,12,Saavedra,100.6,"LINESTRING (-58.49446434389107 -34.55399367866976, -58.49455290446209 -34.553867878480524, -58.494947635891016 -34.55330142566456, -58.49501280032142 -34.553208519277234)"
15124,YERBAL,Ciclovías,6,Caballito,98.58,"LINESTRING (-58.44868969277465 -34.62215170732348, -58.44965664418447 -34.6225398638731)"
17801,ESTRADA,Ciclovías,7,Parque Chacabuco,86.97,"LINESTRING (-58.436429944451625 -34.631979308978316, -58.43736648056682 -34.63210282282315)"
27637,"RIVADAVIA MARTIN, COMODORO",Ciclovías,13,Nuñez,124.73,"LINESTRING (-58.46743713729533 -34.5478715964296, -58.468668068391395 -34.54834782059513)"
3977,BLANCO ENCALADA,Ciclovías,12,Villa Urquiza,138.2,"LINESTRING (-58.485396588882296 -34.57496321743395, -58.4856107480212 -34.575091138737, -58.486621603068585 -34.57568786287949)"
12961,"VALLESE, FELIPE",Ciclovías,6,Caballito,121.71,"LINESTRING (-58.44855903170865 -34.61435053751393, -58.44974686337877 -34.61483955491743)"
15600,CHIRIMAY,Ciclovías,6,Caballito,107.11,"LINESTRING (-58.44812289890907 -34.62332186318587, -58.44778589148778 -34.62424633857224)"
7538,NUEVA YORK,Ciclovías,15,Agronomia,152.09,"LINESTRING (-58.49883939747425 -34.592207681331104, -58.50016897071 -34.59302659633458)"
29907,"UDAONDO, GUILLERMO AV.",Ciclovías,13,Nuñez,34.95,"LINESTRING (-58.45409529244019 -34.54860218522569, -58.45446767773769 -34.54866787923668)"
22440,"RODO, JOSE E.",Ciclovías,9,Parque Avellaneda,100.12,"LINESTRING (-58.49066376217806 -34.647254688464166, -58.49141428376945 -34.647910297414384)"
18735,LINIERS VIRREY,Ciclovías,5,Boedo,107.81,"LINESTRING (-58.412736866909256 -34.634282444935366, -58.41241117459516 -34.63521619175889)"
20896,POLA,Ciclovías,9,Liniers,147.01,"LINESTRING (-58.51072904291224 -34.641886097457444, -58.50955146359813 -34.64278543058135)"
10061,CORRIENTES AV.,Ciclovías mano única,1,San Nicolas,13.63,"LINESTRING (-58.38206076522625 -34.6037363737301, -58.38220928185864 -34.60373898087009)"
14088,MEXICO,Ciclovías,3,Balvanera,128.1,"LINESTRING (-58.408034144398776 -34.61828128420019, -58.409335133275455 -34.61870144929333)"
15508,DOBLAS,Ciclovías,6,Caballito,83.04,"LINESTRING (-58.430595990142606 -34.62324370416906, -58.430422938236575 -34.62397845490656)"
8889,CORDOBA AV.,Ciclovías mano única,2,Recoleta,139.48,"LINESTRING (-58.38815075243375 -34.599353916290134, -58.38948375913312 -34.59942797052387, -58.38966761766499 -34.59944012404755)"
31442,"VALLESE, FELIPE",Ciclovías,6,Caballito,13.4,"LINESTRING (-58.4421405405283 -34.61186242574596, -58.44227305892652 -34.61191319623147)"
20464,MIRO,Ciclovías,7,Parque Chacabuco,100.68,"LINESTRING (-58.44292415429018 -34.640521141294734, -58.44260356374537 -34.64138912309586)"
7586,CORRIENTES AV.,Ciclovías mano única,15,Chacarita,245.23,"LINESTRING (-58.44582193418856 -34.593353173087145, -58.44596477148248 -34.59322086731563, -58.44735061904325 -34.59193659816347, -58.44759966059718 -34.59170240115051)"
28523,"UDAONDO, GUILLERMO AV.",Ciclovías,13,Nuñez,135.31,"LINESTRING (-58.45004419617609 -34.543463088325154, -58.45035647496191 -34.543869743142565, -58.450583944790196 -34.54417032781416, -58.45074953110023 -34.54452829492487)"
13554,CHILE,Ciclovías,1,Monserrat,121.81,"LINESTRING (-58.39035445248039 -34.61679148238821, -58.39051458640196 -34.61680052180779, -58.391465842840375 -34.61686341037017, -58.39167844463043 -34.61687762005496)"
5884,ESTADO PLURINACIONAL DE BOLIVIA,Ciclovías,12,Villa Pueyrredon,99.81,"LINESTRING (-58.49739282895623 -34.58571762958513, -58.49804409768715 -34.58499694006153)"
28680,"OBLIGADO RAFAEL, AV.COSTANERA",Ciclovías,13,Belgrano,134.91,"LINESTRING (-58.43125318028833 -34.54540905757087, -58.431291366933415 -34.54533452183255, -58.43131572533741 -34.54528945668802, -58.43134093466921 -34.545244743882286, -58.431366909845806 -34.545200312968326, -58.43139365086627 -34.545156163945684, -58.431421072594034 -34.545112367215914, -58.431449430354476 -34.545068922845125, -58.43147838373873 -34.54502576031969, -58.43150818801839 -34.54498302055421, -58.43153875811078 -34.5449406331017, -58.431570094015164 -34.54489859796152, -58.43160211062229 -34.544856915111076, -58.43163489298663 -34.54481572542034, -58.43166835605256 -34.5447748880182, -58.43170258492783 -34.54473440292611, -58.43173749445027 -34.544694410969946, -58.43177308467264 -34.54465477130064, -58.43180944064964 -34.5446156247881, -58.43204144484391 -34.54439025630737)"
22588,HERRERA,Ciclovías,4,Barracas,148.53,"LINESTRING (-58.37531292291253 -34.64725129788515, -58.37522728740322 -34.64757032290645, -58.37493132230091 -34.64855236938548)"
1610,DEL LIBERTADOR AV.,Ciclovías,13,Belgrano,130.18,"LINESTRING (-58.44769485350847 -34.55668031170918, -58.44851728686105 -34.55572426553733)"
28862,COMPLEJO CIUDAD UNIVERSITARIA (SIN NOMBRE OFICIAL),Ciclovías,13,Belgrano,93.46,"LINESTRING (-58.44133248384597 -34.543388760237654, -58.441809060645376 -34.54322612856724, -58.442274071815106 -34.54306833008233)"
12175,"SASTRE, MARCOS",Ciclovías,10,Monte Castro,104.0,"LINESTRING (-58.5015422058947 -34.6113863102672, -58.50229844111858 -34.61183600655505, -58.50246253755416 -34.611933913060405)"
30743,"FIGUEROA ALCORTA, PRES. AV.",Ciclovías,14,Palermo,64.16,"LINESTRING (-58.41211595480204 -34.57163765969686, -58.41229528089723 -34.57141079652118, -58.41242168820109 -34.57123612235988, -58.41248199761148 -34.57114519708564)"
1035,"OBLIGADO RAFAEL, AV.COSTANERA",Ciclovías,13,Belgrano,163.71,"LINESTRING (-58.42690391923337 -34.551970775786536, -58.42848248435882 -34.55128385116398)"
26085,"ROCA, CNEL. AV.",Ciclovías,8,Villa Soldati,33.48,"LINESTRING (-58.44233217161454 -34.668441964324465, -58.442463675735134 -34.66860706101464, -58.442530667611614 -34.6686952487108)"
13638,PADRE M. L. MIGONE,Ciclovías,1,Puerto Madero,106.88,"LINESTRING (-58.358081838171834 -34.61716101982693, -58.3576605000083 -34.61711523261362, -58.35694469020357 -34.616959012639064)"
2959,BLANCO ENCALADA,Ciclovías,12,Villa Urquiza,103.26,"LINESTRING (-58.473690269037036 -34.56790230826693, -58.47459844593109 -34.568451816480135)"
19138,"GARCIA, MANUEL",Ciclovías,4,Parque Patricios,124.49,"LINESTRING (-58.397435114162576 -34.63564811232234, -58.39733018467399 -34.63592263566109, -58.39703100539015 -34.63671938230673)"
13868,"VERA PEÑALOZA,  ROSARIO",Ciclovías,1,Puerto Madero,152.07,"LINESTRING (-58.36493788773369 -34.617961820512775, -58.36412055062131 -34.617895524162705, -58.36328714237592 -34.617833020860665)"
13471,CHIVILCOY,Ciclovías,10,Monte Castro,158.22,"LINESTRING (-58.496674427992886 -34.61661520225618, -58.49794468181362 -34.615650258298594)"
31679,"OBLIGADO RAFAEL, AV.COSTANERA",Ciclovías,14,Palermo,477.37,"LINESTRING (-58.40405730077401 -34.56379384402065, -58.40408442567325 -34.56377754431823, -58.40484887157442 -34.56312935724348, -58.40689244173854 -34.56123422283657, -58.40750729573488 -34.56057812395818)"
14394,GUAYAQUIL,Ciclovías,6,Caballito,147.11,"LINESTRING (-58.429729378156985 -34.61962279165884, -58.43131032071288 -34.61984688118798)"
4756,"RAVIGNANI, EMILIO, DR.",Ciclovías,14,Palermo,69.01,"LINESTRING (-58.43771779846155 -34.5802884135983, -58.43753963884066 -34.58013288024841, -58.437200430821015 -34.57983695754751)"
3323,LA PAMPA,Ciclovías,13,Belgrano,87.74,"LINESTRING (-58.46415458146587 -34.57063519816482, -58.4649371489156 -34.57108956562383)"
12923,"CEVALLOS, VIRREY",Ciclovías,1,Monserrat,117.36,"LINESTRING (-58.38895414984877 -34.613637287010796, -58.388960361142736 -34.613835955347426, -58.388971314366074 -34.61454399933178, -58.38897271295549 -34.614695058461514)"
4206,BLANCO ENCALADA,Ciclovías,12,Villa Urquiza,170.93,"LINESTRING (-58.4876187626022 -34.576276552993136, -58.48913496593753 -34.57717168135618)"
19532,LINIERS VIRREY,Ciclovías,5,Boedo,124.18,"LINESTRING (-58.41191229331334 -34.63706311271216, -58.41162806048243 -34.63815758016079)"
9476,CORRIENTES AV.,Ciclovías mano única,15,Villa Crespo,24.45,"LINESTRING (-58.433474650605795 -34.60164527819773, -58.43372174755523 -34.60156259060627)"
32419,PUENTE CABALLITO,Ciclovías,6,Caballito,47.92,"LINESTRING (-58.44965664418447 -34.6225398638731, -58.44978911078191 -34.6225398559574, -58.449875666858354 -34.62252984781927, -58.44992760505476 -34.622494077309575, -58.44994492252109 -34.622451147970615, -58.44993558535214 -34.622409997682304, -58.44989819476894 -34.62237529804165, -58.449848000076756 -34.62233093057352)"
19117,RONDEAU,Ciclovías,4,Parque Patricios,139.78,"LINESTRING (-58.40767027791724 -34.63635173793517, -58.40783639651834 -34.63638920830929, -58.40891703364407 -34.636616598485425, -58.40914406034333 -34.63667331975281)"
3340,"ROLDAN, BELISARIO AV.",Ciclovías,14,Palermo,167.28,"LINESTRING (-58.41154453812674 -34.57110482100092, -58.41165368767707 -34.57105456592973, -58.411733825663944 -34.57101276797933, -58.41179471636195 -34.570981807145714, -58.41184513262978 -34.57095534900002, -58.41189495335404 -34.57092818634301, -58.41194434871741 -34.570900460094904, -58.41199314844945 -34.570872170184636, -58.41204152286279 -34.570843246260495, -58.41208938682189 -34.57081368828726, -58.41213665510506 -34.570783637077696, -58.41218341293317 -34.57075295182028, -58.412229575127796 -34.570721702903896, -58.412275226823475 -34.57068989036482, -58.4123201977504 -34.57065751413245, -58.41236465813489 -34.570624644702605, -58.41240852292792 -34.57059114119239, -58.41245179200058 -34.570557214874285, -58.41249361370719 -34.57052335836219, -58.41253977818393 -34.570487954314345, -58.41259523540868 -34.57043093395229, -58.4126440509181 -34.570375812255556, -58.4126899727753 -34.570319069587875, -58.41273291589178 -34.57026063549331, -58.41277262469802 -34.57020079156494, -58.412809184333135 -34.57013953784118, -58.41283901495649 -34.57008384481784)"
6438,GORRITI,Ciclovías,14,Palermo,104.77,"LINESTRING (-58.43313119735605 -34.588155254985246, -58.4339478726429 -34.58749509046104)"
10910,SUIPACHA,Ciclovías,1,San Nicolas,127.35,"LINESTRING (-58.37928055866359 -34.60715592132667, -58.379323873890634 -34.60600854062296)"
11730,"ALSINA, ADOLFO",Ciclovías mano única,1,Monserrat,120.33,"LINESTRING (-58.373452661921704 -34.6102444168078, -58.373668223392954 -34.61025999810469, -58.37449793604176 -34.61031961971631, -58.37475948814788 -34.61033931711313)"
1666,"FIGUEROA ALCORTA, PRES. AV.",Ciclovías,14,Palermo,524.19,"LINESTRING (-58.42997740246505 -34.55720853415948, -58.430198530973996 -34.557034012909604, -58.43204237021032 -34.55557256429784, -58.43411810056931 -34.5539541183103)"
433,"FIGUEROA ALCORTA, PRES. AV.",Ciclovías,13,Belgrano,68.32,"LINESTRING (-58.450330564269215 -34.54655538202445, -58.45106286867732 -34.54644510280815)"
21724,POLA,Ciclovías,9,Liniers,147.8,"LINESTRING (-58.50718336305253 -34.644586179699104, -58.50614752631713 -34.64537359661986, -58.505998040154914 -34.64548914292839)"
16362,PASEO COLON AV.,Ciclovías,4,La Boca,175.63,"LINESTRING (-58.36797542172831 -34.625194033298094, -58.36796999185987 -34.62547248278836, -58.36798010254514 -34.62677709055505)"
13540,CHILE,Ciclovías,1,Monserrat,119.42,"LINESTRING (-58.389054288755005 -34.616733655070014, -58.38929083017277 -34.616743024267244, -58.390148067183794 -34.616779809366896, -58.39035445248039 -34.61679148238821)"
10031,CORRIENTES AV.,Ciclovías mano única,1,San Nicolas,128.78,"LINESTRING (-58.37807494661316 -34.60349066663076, -58.37947502603063 -34.603576426491614)"
23993,PATRON,Ciclovías,9,Liniers,57.34,"LINESTRING (-58.5221028674241 -34.65406123445901, -58.5225254032799 -34.65444237043311)"
14260,MEXICO,Ciclovías,3,Balvanera,156.31,"LINESTRING (-58.410991995522934 -34.619048583691665, -58.41264444332856 -34.61939351061508)"
19781,PICHEUTA,Ciclovías,7,Parque Chacabuco,74.43,"LINESTRING (-58.43439048678556 -34.638373834275214, -58.434158848087115 -34.6390168836064)"
13400,"SASTRE, MARCOS",Ciclovías,10,Monte Castro,139.93,"LINESTRING (-58.50858729806128 -34.61560134864986, -58.509679172214305 -34.616266158226274, -58.50981542374332 -34.6163497693892)"
8689,CHIVILCOY AV.,Ciclovías mano única,11,Villa Devoto,100.3,"LINESTRING (-58.51284894151882 -34.5986352956317, -58.51349974812408 -34.597908821044605)"
10036,CUCHA CUCHA,Ciclovías,15,Villa Crespo,116.46,"LINESTRING (-58.45518345274707 -34.60360748582258, -58.45595327804051 -34.60277266290618)"
15842,CHIVILCOY,Ciclovías,10,Floresta,133.43,"LINESTRING (-58.48592332454983 -34.62514298399527, -58.48697033262898 -34.624307846184706)"
4927,GRIVEO,Ciclovías,12,Villa Pueyrredon,130.1,"LINESTRING (-58.49695367685711 -34.580354977347184, -58.498089883898295 -34.58105657328229)"
1193,SUPERI,Ciclovías,12,Saavedra,100.14,"LINESTRING (-58.47867426004871 -34.553237726738594, -58.47925495267909 -34.55247347949584)"
17901,ESTRADA,Ciclovías,7,Parque Chacabuco,27.67,"LINESTRING (-58.437837122034104 -34.63234707940474, -58.438092675108194 -34.63247973947012)"
10623,"ACUÑA DE FIGUEROA, FRANCISCO",Ciclovías,5,Almagro,145.76,"LINESTRING (-58.422814477345874 -34.606000370067605, -58.4228041281478 -34.60468647423516)"
15,DEL LIBERTADOR AV.,Ciclovías,13,Nuñez,94.39,"LINESTRING (-58.46630369452358 -34.536687686836736, -58.466598632888 -34.53621041328422, -58.466760565799966 -34.535925542216425)"
7567,"MANSILLA, LUCIO NORBERTO, GENERAL",Ciclovías,2,Recoleta,58.21,"LINESTRING (-58.41165010562321 -34.59322468956097, -58.41212337130227 -34.592875235276686)"
17445,MORON,Ciclovías,10,Velez Sarsfield,115.68,"LINESTRING (-58.493578787906486 -34.63053997439157, -58.49465602483249 -34.63081998683371, -58.49477804167062 -34.63086213894287)"
9234,CORRIENTES AV.,Ciclovías mano única,15,Villa Crespo,16.51,"LINESTRING (-58.43605666612025 -34.60078100961173, -58.43622352344329 -34.600725130398416)"
28564,CORRIENTES AV.,Ciclovías mano única,15,Chacarita,89.35,"LINESTRING (-58.454083295440604 -34.58775398089667, -58.454844717939075 -34.587469617837456, -58.45497420227809 -34.58742906429993)"
9537,TUCUMAN,Ciclovías,3,Balvanera,104.09,"LINESTRING (-58.40480504724405 -34.601838849010534, -58.40498544230066 -34.6018212590352, -58.40593162242052 -34.601726635706136)"
5153,FOREST AV.,Ciclovías mano única,15,Chacarita,195.19,"LINESTRING (-58.45670710584234 -34.58216334582142, -58.45798345627967 -34.58075577626799)"
15475,"CEVALLOS, VIRREY",Ciclovías,1,Constitucion,146.24,"LINESTRING (-58.38865417105461 -34.62255876254768, -58.388635246414545 -34.62276347163222, -58.38849090946421 -34.62364973135111, -58.388468735167585 -34.62386760754261)"
12144,"ALSINA, ADOLFO",Ciclovías,3,Balvanera,128.45,"LINESTRING (-58.394771998320486 -34.611691935534516, -58.395944733725834 -34.611767871313724, -58.396168140173096 -34.61178278337802)"
12474,"GARCIA, JUAN AGUSTIN",Ciclovías,11,Villa Santa Rita,68.22,"LINESTRING (-58.48667352617639 -34.612738885940324, -58.4872967827745 -34.61307447366289)"
10255,CORRIENTES AV.,Ciclovías mano única,3,Balvanera,136.83,"LINESTRING (-58.39529165099295 -34.60449606948021, -58.3966154967561 -34.60452764570632, -58.39678267996527 -34.604532807459215)"
12130,"ARTIGAS, JOSE GERVASIO, GRAL.",Ciclovías,11,Villa Gral. Mitre,133.11,"LINESTRING (-58.47392442594752 -34.61173262053087, -58.47472264963785 -34.610730492432744)"
26833,"BARROS PAZOS, JOSE",Ciclovías mano única,8,Villa Lugano,104.87,"LINESTRING (-58.47144311309552 -34.6802688499415, -58.4722299293861 -34.68095527525551)"
9514,HUMAHUACA,Ciclovías,5,Almagro,142.25,"LINESTRING (-58.42238321273667 -34.60175051532912, -58.423923093880276 -34.601599399964236)"
17656,"GONZALEZ, ELPIDIO",Ciclovías,10,Versalles,83.72,"LINESTRING (-58.513021380901534 -34.63103677252161, -58.513145750044075 -34.63114982151463, -58.51364109338635 -34.631590960625495)"
30455,COMPLEJO CIUDAD UNIVERSITARIA (SIN NOMBRE OFICIAL),Ciclovías,13,Belgrano,132.53,"LINESTRING (-58.45048445141267 -34.54047611007106, -58.45045892782561 -34.54027895552675, -58.44988905420981 -34.539685877458155, -58.44967867710238 -34.5395225909146)"
19378,"RODRIGUEZ, MARTIN",Ciclovías,4,La Boca,100.97,"LINESTRING (-58.35987722053244 -34.63673057798924, -58.35975026422912 -34.636940331286816, -58.35951512175727 -34.63733781098847, -58.35938705843548 -34.6375455910949)"
2876,SUPERI,Ciclovías,13,Belgrano,130.49,"LINESTRING (-58.46654624952101 -34.56787235454382, -58.46737411085858 -34.566916042104644)"
19478,ZAVALETA,Ciclovías,4,Parque Patricios,133.42,"LINESTRING (-58.403783481933814 -34.636792935456974, -58.403528048205175 -34.637976905931204)"
13435,CHILE,Ciclovías,1,Monserrat,39.15,"LINESTRING (-58.38032133512995 -34.616426685839485, -58.38074747748405 -34.616447256892876)"
4098,CERETTI,Ciclovías,12,Villa Urquiza,99.98,"LINESTRING (-58.4944365469932 -34.57647669827988, -58.49503948349127 -34.57572603543981)"
20073,PRIMERA JUNTA,Ciclovías,7,Flores,84.67,"LINESTRING (-58.45855262726213 -34.63953253091407, -58.45870675628182 -34.63965908725367, -58.4592435306579 -34.64003840546911)"
11737,"GARCIA, JUAN AGUSTIN",Ciclovías,11,Villa Santa Rita,135.77,"LINESTRING (-58.48097348230397 -34.6097483250273, -58.48222092923933 -34.61040709074941)"
7759,"URIBURU JOSE E., PRES.",Ciclovías,2,Recoleta,182.69,"LINESTRING (-58.39812594282215 -34.59442809498876, -58.398099933096155 -34.594365474443876, -58.39807485762428 -34.59430609388147, -58.397511477226786 -34.59297091045438, -58.39747025295865 -34.59287314013312)"
21099,MARTINEZ CASTRO,Ciclovías,9,Parque Avellaneda,133.69,"LINESTRING (-58.47368629532926 -34.64268551855134, -58.473550400175704 -34.642783840743945, -58.472743719313556 -34.64342208027837, -58.47263091312638 -34.64351680806511)"
8503,CORDOBA AV.,Ciclovías mano única,14,Palermo,115.85,"LINESTRING (-58.41600287580789 -34.59785420510173, -58.416161449647205 -34.59785194248211, -58.417265255489994 -34.59782510994273)"
30467,CHIVILCOY AV.,Ciclovías mano única,11,Villa Devoto,92.11,"LINESTRING (-58.508992704344045 -34.6029272242273, -58.50959421913942 -34.60226234099206)"
14299,"DIAZ, CESAR, GRAL.",Ciclovías,11,Villa Santa Rita,98.25,"LINESTRING (-58.48685848306982 -34.61889674678582, -58.486984074707806 -34.619003906894605, -58.48760292119808 -34.61953358044929)"
19464,"GARCIA, MANUEL",Ciclovías,4,Parque Patricios,139.95,"LINESTRING (-58.39703100539015 -34.63671938230673, -58.39657855418673 -34.637924217079785)"
12416,FRAGATA PRES. SARMIENTO,Ciclovías,6,Caballito,109.41,"LINESTRING (-58.45414202561532 -34.61280937369936, -58.454754881197964 -34.611963279975996)"
11754,"ALSINA, ADOLFO",Ciclovías mano única,1,Monserrat,119.67,"LINESTRING (-58.37496832105198 -34.61035510250036, -58.37533633397069 -34.6103828335455, -58.37626782481828 -34.61045082643048)"
5040,HUMBOLDT,Ciclovías,14,Palermo,81.53,"LINESTRING (-58.4316539798396 -34.58161518576187, -58.43104275298748 -34.58108177640966)"
16917,PAVON,Ciclovías,3,San Cristobal,90.89,"LINESTRING (-58.40997560019414 -34.62873635323045, -58.41092220893463 -34.628979089913585)"
10798,"PERON, JUAN DOMINGO, TTE. GENERAL",Ciclovías mano única,1,San Nicolas,131.94,"LINESTRING (-58.38931087696526 -34.6066292396726, -58.38944544027873 -34.60663777202369, -58.39061445253393 -34.606696291762944, -58.39074654887535 -34.60670165215049)"
27766,CHIVILCOY AV.,Ciclovías mano única,11,Villa Devoto,100.11,"LINESTRING (-58.512981284225226 -34.598716965422334, -58.51362894699363 -34.59799071075226)"
19502,RONDEAU,Ciclovías,5,Boedo,111.67,"LINESTRING (-58.422847639193485 -34.637889631999194, -58.424045171751615 -34.638072982753165)"
10721,"GARCIA, JUAN AGUSTIN",Ciclovías,11,Villa Gral. Mitre,124.33,"LINESTRING (-58.47359287659506 -34.60587270720382, -58.473751304025406 -34.60595213151326, -58.47474344350907 -34.60646507811342)"
15886,GRANADEROS,Ciclovías,7,Flores,138.49,"LINESTRING (-58.46005279354029 -34.62524433561028, -58.46058313759047 -34.6242215903627, -58.46064677807416 -34.62409659031758)"
14620,LINIERS VIRREY,Ciclovías,5,Almagro,121.14,"LINESTRING (-58.413941217598506 -34.61966298914265, -58.41382582822736 -34.62075077244928)"
491,DEL LIBERTADOR AV.,Ciclovías,13,Nuñez,101.61,"LINESTRING (-58.45651452118299 -34.547368789326335, -58.456595213402125 -34.54728210154224, -58.45729461045678 -34.54672029331228)"
10905,"PERON, JUAN DOMINGO, TTE. GENERAL",Ciclovías mano única,3,Balvanera,132.36,"LINESTRING (-58.39503498619145 -34.607054765674796, -58.396473120354486 -34.607152253349724)"
2209,SUPERI,Ciclovías,12,Coghlan,128.61,"LINESTRING (-58.47121658693166 -34.562481814984686, -58.472034979192664 -34.56154068230869)"
10928,POTOSI,Ciclovías,5,Almagro,142.4,"LINESTRING (-58.4246295592417 -34.607271892606654, -58.426181988542865 -34.607278079073865)"
30729,"OBLIGADO RAFAEL, AV.COSTANERA",Ciclovías,14,Palermo,77.5,"LINESTRING (-58.40121083055799 -34.56791553289253, -58.40100873749792 -34.56771404741195, -58.40096092890342 -34.567279013783306)"
16987,PICHINCHA AV.,Ciclovías,4,Parque Patricios,125.42,"LINESTRING (-58.39683369944856 -34.62809061541779, -58.396771744054675 -34.62825211821085, -58.396545672191934 -34.629194888405756)"
5368,ESTADO PLURINACIONAL DE BOLIVIA,Ciclovías,12,Villa Pueyrredon,117.64,"LINESTRING (-58.49958047960134 -34.583306392009035, -58.50023264813424 -34.58258766213226, -58.500350178607235 -34.58245825793822)"
14406,"CALVO, CARLOS",Ciclovías,1,Constitucion,136.69,"LINESTRING (-58.38434824149469 -34.61980383628213, -58.384583939492686 -34.61981293236758, -58.385642745753245 -34.6198580481398, -58.38583653065705 -34.61986972078143)"
27583,PATRICIAS ARGENTINAS AV.,Ciclovías,6,Caballito,76.47,"LINESTRING (-58.43290581244917 -34.60635344714706, -58.43293800922326 -34.606226551754936, -58.43298000219334 -34.606109161580584, -58.43303812972959 -34.60599177539233, -58.43310271193273 -34.60587172257576, -58.4331511458111 -34.605789020477665, -58.43320431268266 -34.60571379355062)"
11808,"GARCIA, JUAN AGUSTIN",Ciclovías,11,Villa Santa Rita,54.89,"LINESTRING (-58.48222092923933 -34.61040709074941, -58.482725484606995 -34.61067314188909)"
9193,"ALVAREZ, JULIAN",Ciclovías,15,Villa Crespo,116.12,"LINESTRING (-58.43615183120527 -34.60067271929583, -58.435149650479175 -34.600033256976864)"
5961,GORRITI,Ciclovías,14,Palermo,70.87,"LINESTRING (-58.43570298417559 -34.58607075644991, -58.43625890501118 -34.58562721100198)"
1141,CONGRESO,Ciclovías,13,Nuñez,72.64,"LINESTRING (-58.456490882051455 -34.55232644129281, -58.45716147732151 -34.55267422649519)"
21087,PATRON,Ciclovías,9,Liniers,103.69,"LINESTRING (-58.50955146359813 -34.64278543058135, -58.51031600130245 -34.643474228467255)"
5086,ROSETI,Ciclovías,15,Villa Ortuzar,129.75,"LINESTRING (-58.463345211508575 -34.58177295326568, -58.46349711213444 -34.58176844598898, -58.464758380553164 -34.5817316057656)"
12789,OTAMENDI,Ciclovías,6,Caballito,68.46,"LINESTRING (-58.432367656887195 -34.614280745231255, -58.43256191487738 -34.613684941397686)"
7895,"MANSILLA, LUCIO NORBERTO, GENERAL",Ciclovías,2,Recoleta,117.55,"LINESTRING (-58.40668428239432 -34.59538590232481, -58.407719031182594 -34.59504735844748, -58.407872527087235 -34.59498975127322)"
11028,"PERON, JUAN DOMINGO, TTE. GENERAL",Ciclovías,3,Balvanera,112.39,"LINESTRING (-58.41276529054813 -34.60763495500253, -58.41393939419971 -34.60734529069359)"
7750,ARENALES,Ciclovías,1,Retiro,41.97,"LINESTRING (-58.38159631748329 -34.59417898850716, -58.38205025640955 -34.594226196325195)"
662,MONROE,Ciclovías,13,Belgrano,128.59,"LINESTRING (-58.44314002431658 -34.548335506002395, -58.44334043477487 -34.54845427417495, -58.4442788398162 -34.549010564062215)"
7339,LOYOLA,Ciclovías,15,Villa Crespo,83.16,"LINESTRING (-58.439104095291235 -34.5921335549396, -58.43965956967561 -34.59154118902842)"
30724,"OBLIGADO RAFAEL, AV.COSTANERA",Ciclovías,14,Palermo,132.52,"LINESTRING (-58.408609926346195 -34.55936655116247, -58.40915107380006 -34.55886259718073, -58.40956702799057 -34.55847211312832)"
2077,"PEDRAZA, MANUELA",Ciclovías,12,Villa Urquiza,14.31,"LINESTRING (-58.48420453019827 -34.561253917101624, -58.48434057611917 -34.56131699370453)"
30739,SARMIENTO AV.,Ciclovías,14,Palermo,38.87,"LINESTRING (-58.41154453812674 -34.57110482100092, -58.41121928718774 -34.570880341651446)"
9647,TUCUMAN,Ciclovías,3,Balvanera,135.63,"LINESTRING (-58.39702182683442 -34.602185086046454, -58.39835782819819 -34.60220031168837, -58.3985002253691 -34.60220278179626)"
19213,IRALA,Ciclovías,4,La Boca,99.78,"LINESTRING (-58.366766435973354 -34.63612206492615, -58.36672636038921 -34.6363692185397, -58.366623881631504 -34.63701372061219)"
30466,CHIVILCOY AV.,Ciclovías mano única,11,Villa Devoto,106.46,"LINESTRING (-58.50828944572857 -34.6036906063992, -58.508992704344045 -34.6029272242273)"
18108,PARACAS,Ciclovías,1,Constitucion,79.19,"LINESTRING (-58.38128422930486 -34.63235512042581, -58.381253963287406 -34.63306855775997)"
470,"GUIRALDES, INT.",Ciclovías,13,Belgrano,80.29,"LINESTRING (-58.43845952746513 -34.54667234982398, -58.438654727782676 -34.5459668838124)"
15575,MORON,Ciclovías,7,Flores,131.42,"LINESTRING (-58.471218824104845 -34.62376262587063, -58.471334258602376 -34.6237984638095, -58.47230621274836 -34.62410262480129, -58.47256315145059 -34.62417232467667)"
13323,RINCON,Ciclovías,3,Balvanera,82.15,"LINESTRING (-58.39612275475176 -34.61525512774744, -58.396120410710516 -34.615415691888536, -58.3960995002842 -34.61599533563032)"
19387,CULPINA,Ciclovías,7,Flores,14.64,"LINESTRING (-58.46355228522415 -34.63756260493907, -58.46342916691893 -34.63764669042484)"
7479,MONTEVIDEO,Ciclovías,2,Recoleta,55.99,"LINESTRING (-58.38946073324805 -34.592822922039424, -58.389144153845535 -34.59259117696759, -58.38900876437326 -34.59248390975516)"
30728,"OBLIGADO RAFAEL, AV.COSTANERA",Ciclovías,14,Palermo,94.99,"LINESTRING (-58.40221465335012 -34.567916690783704, -58.40192413621321 -34.567933959190256, -58.40165885965492 -34.567979102257034, -58.401427281714184 -34.56800104299546, -58.40121083055799 -34.56791553289253)"
2903,"PEDRAZA, MANUELA",Ciclovías,12,Villa Urquiza,59.78,"LINESTRING (-58.497486224383714 -34.56779669385046, -58.49802787245907 -34.568095983800674)"
28874,COMPLEJO CIUDAD UNIVERSITARIA (SIN NOMBRE OFICIAL),Ciclovías,13,Belgrano,74.64,"LINESTRING (-58.44798867652129 -34.539981135673216, -58.44856437152905 -34.53950602788407)"
17777,PUAN,Ciclovías,7,Parque Chacabuco,119.85,"LINESTRING (-58.445546012974525 -34.63100878343467, -58.445102599560514 -34.63202506661944)"
1156,MONROE,Ciclovías,13,Belgrano,106.7,"LINESTRING (-58.4499120005575 -34.552349348414275, -58.45085704647719 -34.55290946145827)"
826,"PEDRAZA, MANUELA",Ciclovías,13,Nuñez,101.01,"LINESTRING (-58.46345064985207 -34.54979945870145, -58.46439235194694 -34.550270521451765)"
8384,"ALVEAR, MARCELO T. DE",Ciclovías,2,Recoleta,144.5,"LINESTRING (-58.393194670908876 -34.5972313923786, -58.39463558135574 -34.59726538123075, -58.394769197334206 -34.597269047949936)"
13410,TACUARI,Ciclovías,1,Monserrat,131.7,"LINESTRING (-58.37891540736097 -34.615172184580814, -58.37885358421777 -34.61624821166964, -58.37884708443215 -34.61635799727226)"
18815,DEAN FUNES,Ciclovías,4,Parque Patricios,131.29,"LINESTRING (-58.40430348131568 -34.63437217920251, -58.404279026095104 -34.634496534772275, -58.40405438048779 -34.63553763302033)"
12932,"ARTIGAS, JOSE GERVASIO, GRAL.",Ciclovías,11,Villa Gral. Mitre,122.61,"LINESTRING (-58.47152163388787 -34.61474911403226, -58.4722527834405 -34.613823878523725)"
18280,"BONIFACIO, JOSE",Ciclovías,7,Flores,131.57,"LINESTRING (-58.463941374235986 -34.63322263177362, -58.46407837398672 -34.63326016656551, -58.465288629932935 -34.63363036782052)"
15109,CHIVILCOY,Ciclovías,10,Floresta,66.9,"LINESTRING (-58.48913421120165 -34.62259288008279, -58.489661221239885 -34.622175931419065)"
7631,"BEIRO, FRANCISCO AV.",Ciclovías,15,Agronomia,101.52,"LINESTRING (-58.48973666117512 -34.59223252838094, -58.49062722516749 -34.59277563987583)"
32541,GRIVEO,Ciclovías,11,Villa Devoto,17.67,"LINESTRING (-58.51221218801173 -34.58979329506062, -58.51236645844674 -34.58988865729862)"
7255,"DIAZ, CNEL. AV.",Ciclovías,14,Palermo,180.71,"LINESTRING (-58.41232958857011 -34.59167593537616, -58.411191454640225 -34.59034641817538)"
15394,ESTADOS UNIDOS,Ciclovías,5,Boedo,110.27,"LINESTRING (-58.42630213744762 -34.62347001526639, -58.42749318662752 -34.623606499039326)"
8647,ANTARTIDA ARGENTINA AV.,Ciclovías,1,Retiro,175.24,"LINESTRING (-58.36812071533131 -34.598436401596636, -58.36814800808861 -34.598212734701065, -58.36820602033603 -34.59798932447189, -58.36859504571971 -34.596909876509024)"
9582,HUMAHUACA,Ciclovías,5,Almagro,133.27,"LINESTRING (-58.41934184576777 -34.60204932124651, -58.42078447285654 -34.601907576766514)"
20163,PRIMERA JUNTA,Ciclovías,7,Flores,57.95,"LINESTRING (-58.4592435306579 -34.64003840546911, -58.45972390526802 -34.640377860148504)"
23917,POLA,Ciclovías,9,Mataderos,126.06,"LINESTRING (-58.49593981029359 -34.653345899059396, -58.49581261640995 -34.65344424355695, -58.494945259410926 -34.6541305326257)"
7931,ECUADOR,Ciclovías,2,Recoleta,138.36,"LINESTRING (-58.404179664866206 -34.595234219205494, -58.40386733269863 -34.594588564073696, -58.403616393674085 -34.594077306511814)"
5394,GODOY CRUZ,Ciclovías,14,Palermo,41.28,"LINESTRING (-58.42940625595752 -34.58339560090001, -58.42914233608737 -34.583094254217734)"
16735,RIGLOS,Ciclovías,6,Caballito,141.7,"LINESTRING (-58.435935890790326 -34.6270314704107, -58.435648802329275 -34.628286560256086)"
23565,PATRON,Ciclovías,9,Liniers,103.33,"LINESTRING (-58.519821154092774 -34.652001102613255, -58.519931493595564 -34.652100559136485, -58.52058202539978 -34.652688216979556)"
4200,"MARTINEZ, ENRIQUE, GRAL.",Ciclovías,13,Colegiales,113.42,"LINESTRING (-58.45372168173395 -34.57712206683398, -58.454788555525305 -34.576605727443116)"
32823,DEL LIBERTADOR AV.,Ciclovías,13,Nuñez,24.57,"LINESTRING (-58.45632953298088 -34.54752872011885, -58.45644351117741 -34.54743442308617, -58.45651452118299 -34.547368789326335)"
17974,"RODRIGUEZ, MARTIN",Ciclovías,4,La Boca,112.37,"LINESTRING (-58.36330667394772 -34.63198952036399, -58.363085242597464 -34.63213412876844, -58.36235671558673 -34.63262930744322)"
29085,"FIGUEROA ALCORTA, PRES. AV.",Ciclovías,13,Belgrano,189.66,"LINESTRING (-58.43961090666691 -34.5487395489626, -58.43979601718294 -34.54863576999974, -58.440176902231165 -34.54845160334449, -58.44068176736487 -34.54821126959295, -58.44090138365213 -34.54810827942761, -58.44107085816819 -34.54804457646878, -58.441162871922025 -34.54801445161396, -58.441368517289476 -34.54795533236835, -58.44142959889755 -34.54794025840231)"
26929,UNANUE,Ciclovías mano única,8,Villa Lugano,106.01,"LINESTRING (-58.47579652074319 -34.68213566847738, -58.47657742612302 -34.68284065770129)"
3413,LA PAMPA,Ciclovías,13,Belgrano,119.01,"LINESTRING (-58.4649371489156 -34.57108956562383, -58.46600025207929 -34.571703995809045)"
282,CUBA,Ciclovías,13,Nuñez,91.82,"LINESTRING (-58.46884519925117 -34.544209337968944, -58.46893319268496 -34.54408975351629, -58.469365752538 -34.543502535126414)"
15300,DOBLAS,Ciclovías,6,Caballito,79.05,"LINESTRING (-58.43076076201792 -34.62254423299352, -58.430595990142606 -34.62324370416906)"
15002,CHIVILCOY,Ciclovías,10,Floresta,69.84,"LINESTRING (-58.489661221239885 -34.622175931419065, -58.49021139093415 -34.62174066526653)"
5327,AUSTRIA,Ciclovías,2,Recoleta,193.92,"LINESTRING (-58.39722252140173 -34.58309523150809, -58.395989198461876 -34.58167572889803)"
13943,AZOPARDO,Ciclovías,1,San Telmo,141.23,"LINESTRING (-58.36743314931195 -34.616927878814025, -58.367288073143584 -34.61819531533902)"
18814,RONDEAU,Ciclovías,4,Parque Patricios,152.77,"LINESTRING (-58.4024465607967 -34.63517662670731, -58.40405438048779 -34.63553763302033)"
8143,"ALVEAR, MARCELO T. DE",Ciclovías,1,Retiro,100.55,"LINESTRING (-58.374321735835885 -34.59623991987154, -58.37442000594373 -34.5962450619898, -58.37541758063675 -34.596244305612345)"
1057,"PEREZ, ROQUE",Ciclovías,12,Saavedra,124.8,"LINESTRING (-58.48078672657392 -34.55217220634374, -58.48092493140734 -34.552113852362574, -58.4816678764938 -34.551920521775486, -58.482059718174995 -34.55178292376091)"
29906,"UDAONDO, GUILLERMO AV.",Ciclovías,13,Nuñez,61.11,"LINESTRING (-58.45360556906682 -34.54823857738864, -58.453857219295145 -34.548480936570726, -58.45409529244017 -34.54860218522569)"
28962,DEL LIBERTADOR AV.,Ciclovías,13,Belgrano,37.32,"LINESTRING (-58.45091389943143 -34.5529431299952, -58.4511508189871 -34.55266976714183)"
14707,"CALVO, CARLOS",Ciclovías,3,San Cristobal,91.47,"LINESTRING (-58.40077518240158 -34.620978164502695, -58.40176831135222 -34.62105374080397)"
1823,11 DE SEPTIEMBRE DE 1888,Ciclovías,13,Belgrano,133.25,"LINESTRING (-58.4511537600374 -34.55878821704674, -58.45200171364926 -34.55781320618064)"
19288,DOBLAS,Ciclovías,7,Parque Chacabuco,128.61,"LINESTRING (-58.4273247363941 -34.636114820964416, -58.427030808703456 -34.63724840657424)"
16749,CABOTO,Ciclovías,4,La Boca,112.21,"LINESTRING (-58.36064157429686 -34.62765032641976, -58.35968290385188 -34.6282788529857)"
2171,"PEDRAZA, MANUELA",Ciclovías,12,Villa Urquiza,97.78,"LINESTRING (-58.48528907217723 -34.56175669532349, -58.48622080500501 -34.56218413890017)"
2141,IBERA,Ciclovías,12,Coghlan,52.05,"LINESTRING (-58.47947616885972 -34.56170358866825, -58.47995002954295 -34.5619614179146)"
5062,"FIGUEROA ALCORTA, PRES. AV.",Ciclovías,2,Recoleta,222.78,"LINESTRING (-58.395989198461876 -34.58167572889803, -58.39795243000712 -34.58077889197254, -58.39811256286394 -34.580701863501616)"
2650,BLANCO ENCALADA,Ciclovías,13,Belgrano,27.77,"LINESTRING (-58.47047058223634 -34.5659626399586, -58.47071721666549 -34.56610769871301)"
3376,"FIGUEROA ALCORTA, PRES. AV.",Ciclovías,14,Palermo,105.89,"LINESTRING (-58.41248199761148 -34.57114519708564, -58.413353730875656 -34.57051976958133)"
17697,15 DE NOVIEMBRE DE 1889,Ciclovías,4,Parque Patricios,9.15,"LINESTRING (-58.391300822488205 -34.63168481810714, -58.39139639321926 -34.631708395848186)"
8414,SAN MARTIN,Ciclovías,1,Retiro,131.55,"LINESTRING (-58.374258134060355 -34.597424539895954, -58.37431942869099 -34.596327102659465, -58.374321735835885 -34.59623991987154)"
2541,STORNI ALFONSINA,Ciclovías,12,Saavedra,59.32,"LINESTRING (-58.50280024095988 -34.56527996681229, -58.502911765987754 -34.56475329977518)"
14612,"CALVO, CARLOS",Ciclovías,3,San Cristobal,120.21,"LINESTRING (-58.395808265065234 -34.62062734443633, -58.39599038293688 -34.62063878322305, -58.397115032148754 -34.620712145934284)"
30377,"ACHAVAL RODRIGUEZ, T., DR. AV.",Ciclovías,1,Puerto Madero,55.26,"LINESTRING (-58.35668083047827 -34.61726811436567, -58.3566522665617 -34.61744625244947, -58.3566440331092 -34.61756811901991, -58.356619550480936 -34.61776342953792)"
31665,"PINO, VIRREY DEL",Ciclovías,13,Belgrano,62.59,"LINESTRING (-58.44349449618212 -34.56134959539047, -58.443669179676625 -34.56138233066424, -58.44380510096091 -34.56140900003902, -58.44415417883867 -34.561491799996496)"
1465,SUPERI,Ciclovías,12,Saavedra,148.02,"LINESTRING (-58.47699066587558 -34.55544079484484, -58.47785528139846 -34.55431447176977)"
14495,FRAY CAYETANO RODRIGUEZ,Ciclovías,7,Flores,117.82,"LINESTRING (-58.46723556230866 -34.6202318618236, -58.46758572943441 -34.619650856984094, -58.46780846759825 -34.619281266929804)"
12333,DON BOSCO,Ciclovías,5,Almagro,101.45,"LINESTRING (-58.41677733155772 -34.612231191633754, -58.41783721885131 -34.612492791878864)"
803,MILLER,Ciclovías,12,Saavedra,107.22,"LINESTRING (-58.49721571513358 -34.550067360591626, -58.497810742699556 -34.54923569521209)"
19353,"BONIFACIO, JOSE",Ciclovías,10,Floresta,96.57,"LINESTRING (-58.47592293879892 -34.63713180708322, -58.47688859683672 -34.637479171366714)"
10209,SARMIENTO,Ciclovías,1,San Nicolas,126.82,"LINESTRING (-58.37101622003 -34.6042465994247, -58.371146263865086 -34.604254937267484, -58.372252170563804 -34.6043446420331, -58.3723924321223 -34.60435559184317)"
8565,CORDOBA AV.,Ciclovías mano única,2,Recoleta,79.45,"LINESTRING (-58.409430735557486 -34.5980878224776, -58.41029675259318 -34.59809214544383)"
13532,FRAGATA PRES. SARMIENTO,Ciclovías,6,Caballito,128.72,"LINESTRING (-58.45143783520222 -34.61676567146646, -58.45203654955898 -34.615716207667255)"
28974,DEL LIBERTADOR AV.,Ciclovías,13,Belgrano,134.88,"LINESTRING (-58.44453539008345 -34.56055575691977, -58.44527105825284 -34.55970961958667, -58.44523595500544 -34.559538557932925)"
7756,CORDOBA AV.,Ciclovías mano única,14,Palermo,135.95,"LINESTRING (-58.430061297390196 -34.59430195597405, -58.430284042815856 -34.59416300007198, -58.43122119889041 -34.59353936648627)"
26607,UNANUE,Ciclovías mano única,8,Villa Lugano,149.69,"LINESTRING (-58.46933035750924 -34.676751921383755, -58.47030450747407 -34.67765581550469, -58.470409707985624 -34.677764401259914)"
9505,TUCUMAN,Ciclovías,3,Balvanera,93.72,"LINESTRING (-58.40593162242052 -34.601726635706136, -58.40694585290641 -34.6016252053963)"
5324,GODOY CRUZ,Ciclovías,14,Palermo,39.28,"LINESTRING (-58.42914233608737 -34.583094254217734, -58.42889126932933 -34.58280748830656)"
7303,GRIVEO,Ciclovías,11,Villa Devoto,148.79,"LINESTRING (-58.51433120410603 -34.591107872246724, -58.51548490737969 -34.59181303001786, -58.515635351215415 -34.59190515023375)"
32593,COMPLEJO CIUDAD UNIVERSITARIA (SIN NOMBRE OFICIAL),Ciclovías,13,Belgrano,88.86,"LINESTRING (-58.44485065267678 -34.541618388949225, -58.444315854470524 -34.54095072069062)"
27660,"BEIRO, FRANCISCO AV.",Ciclovías,15,Agronomia,100.08,"LINESTRING (-58.49113662022745 -34.59309020880507, -58.49201006130202 -34.59363069999991)"
33057,DEL LIBERTADOR AV.,Ciclovías,14,Palermo,42.57,"LINESTRING (-58.43640910943142 -34.563695071770404, -58.4367814908993 -34.563466302524056)"
10548,"LAMAS, ANDRES",Ciclovías,11,Villa Gral. Mitre,133.21,"LINESTRING (-58.47030476409047 -34.605718783102766, -58.4710815098549 -34.60470414366851)"
6598,MONTEVIDEO,Ciclovías,2,Recoleta,159.82,"LINESTRING (-58.38495271129904 -34.58879152253078, -58.383847460509166 -34.58767797198763)"
8890,MONTEVIDEO,Ciclovías,2,Recoleta,106.87,"LINESTRING (-58.38966761766499 -34.59944012404755, -58.389722800931835 -34.59847781854373)"
28837,"ROCA, CNEL. AV.",Ciclovías,8,Villa Soldati,279.07,"LINESTRING (-58.44547526809372 -34.67232989948649, -58.445654672429974 -34.672608304318146, -58.44605262855964 -34.67320436027734, -58.44690015531882 -34.674552862040635)"
10536,TRES ARROYOS,Ciclovías,15,Villa Crespo,51.58,"LINESTRING (-58.45355261281733 -34.60537239257288, -58.45400253578432 -34.605651234585196)"
2267,ECHEVERRIA,Ciclovías,13,Belgrano,67.81,"LINESTRING (-58.455272306325874 -34.562633853284346, -58.45567731669235 -34.56287430699455, -58.45587326843129 -34.56298939198739)"
13736,"VERA PEÑALOZA,  ROSARIO",Ciclovías,1,Puerto Madero,78.81,"LINESTRING (-58.36175384621074 -34.61740143418883, -58.36152727614923 -34.61745060180307, -58.360903609512775 -34.61741659302758)"
9839,HUMAHUACA,Ciclovías,5,Almagro,109.82,"LINESTRING (-58.41431930523901 -34.60292023845898, -58.41533949523003 -34.60268211902986, -58.41547160743154 -34.60265153662506)"
28109,CABOTO,Ciclovías,4,La Boca,5.0,"LINESTRING (-58.36068354430908 -34.627621593499455, -58.36064157429686 -34.62765032641976)"
12754,"SASTRE, MARCOS",Ciclovías,10,Monte Castro,180.51,"LINESTRING (-58.504558246988665 -34.6131749291058, -58.504746033541224 -34.61328345844628, -58.506001248991836 -34.61400507735114, -58.50616961610701 -34.61410903375475)"
22541,PATRON,Ciclovías,9,Liniers,95.97,"LINESTRING (-58.5150364048099 -34.64771016757743, -58.51574825117582 -34.64834437528019)"
27002,"BARROS PAZOS, JOSE",Ciclovías mano única,8,Villa Riachuelo,103.37,"LINESTRING (-58.475391140436436 -34.68373859967171, -58.47599786525528 -34.68428473607757, -58.47615372561552 -34.68442521292695)"
6963,"DIAZ, CNEL. AV.",Ciclovías,14,Palermo,175.49,"LINESTRING (-58.411191454640225 -34.59034641817538, -58.41008373132284 -34.58905676319133)"
13831,MEXICO,Ciclovías,3,Balvanera,108.48,"LINESTRING (-58.40546975635489 -34.61746276140671, -58.40657493271277 -34.617811242389294)"
14181,MEXICO,Ciclovías,3,Balvanera,156.76,"LINESTRING (-58.409335133275455 -34.61870144929333, -58.410991995522934 -34.619048583691665)"
30120,CERETTI,Ciclovías,12,Villa Urquiza,68.78,"LINESTRING (-58.49339744979147 -34.57778254746745, -58.49349586369002 -34.57775806124223, -58.49354564898977 -34.57769553473187, -58.493760292570954 -34.57742595757854, -58.49378652749124 -34.577290386212944)"
32428,"GARCIA, TEODORO",Ciclovías mano única,15,Chacarita,95.5,"LINESTRING (-58.454914806417676 -34.58436531841247, -58.45523161952482 -34.58488307928817, -58.455367809592644 -34.585140056403034)"
10670,"PERON, JUAN DOMINGO, TTE. GENERAL",Ciclovías mano única,1,San Nicolas,35.91,"LINESTRING (-58.38169091148476 -34.60612218787049, -58.38208183184201 -34.606139916537664)"
5222,ROSETI,Ciclovías,15,Chacarita,130.49,"LINESTRING (-58.455368054415366 -34.582559681909906, -58.45670710584234 -34.58216334582142)"
18266,"CARRILLO, RAMON, DR.",Ciclovías,4,Barracas,33.54,"LINESTRING (-58.38330668722496 -34.63329541647423, -58.383136032611276 -34.63356284223342)"
7103,"ANCHORENA, TOMAS MANUEL DE, DR.",Ciclovías,2,Recoleta,186.55,"LINESTRING (-58.40242575107267 -34.59097955434305, -58.40232524186981 -34.5908982351908, -58.40088806969391 -34.589879604098506)"
10467,TRES ARROYOS,Ciclovías,15,Villa Crespo,112.71,"LINESTRING (-58.452569316333076 -34.60476307574261, -58.45355261281733 -34.60537239257288)"
19854,ZAVALETA,Ciclovías,4,Parque Patricios,38.98,"LINESTRING (-58.40332913768984 -34.63886885858361, -58.40325143791209 -34.63921431639007)"
7633,JUNCAL,Ciclovías,2,Recoleta,128.18,"LINESTRING (-58.39432017424753 -34.593620215285206, -58.395692758251954 -34.59340407847793)"
17816,"BILBAO, FRANCISCO",Ciclovías,7,Parque Chacabuco,102.95,"LINESTRING (-58.45169332610135 -34.63184150376995, -58.45274146534693 -34.63217413763289)"
18978,IRALA,Ciclovías,4,La Boca,101.95,"LINESTRING (-58.36692689988519 -34.6352126764499, -58.366766435973354 -34.63612206492615)"
11818,PASCO,Ciclovías,3,Balvanera,122.66,"LINESTRING (-58.39759275188539 -34.609580712193626, -58.397486648270934 -34.61052207631353, -58.39747527884094 -34.610682072350784)"
9560,CUCHA CUCHA,Ciclovías,15,Villa Crespo,85.26,"LINESTRING (-58.45707057133438 -34.601892430023874, -58.45682486156789 -34.60194467154929, -58.45641534350078 -34.602389162925505)"
28106,"GILARDI, GILARDO",Ciclovías,1,Retiro,163.68,"LINESTRING (-58.372477162232265 -34.591688273903536, -58.372699724061 -34.591631933298146, -58.37300649927766 -34.591465540283934, -58.3735270939457 -34.59122396257814, -58.373775860211516 -34.591235736308874, -58.3739598132166 -34.59123876886294, -58.374113992152964 -34.59123308614585)"
451,"FIGUEROA ALCORTA, PRES. AV.",Ciclovías,13,Belgrano,66.5,"LINESTRING (-58.448775219576724 -34.54678950839523, -58.44948795221804 -34.54668219411763)"
28681,"OBLIGADO RAFAEL, AV.COSTANERA",Ciclovías,13,Belgrano,154.88,"LINESTRING (-58.43204144484391 -34.54439025630737, -58.43208248030825 -34.54435435042607, -58.432124026174826 -34.544319008055204, -58.43216625271204 -34.54428408838924, -58.432209074759434 -34.54424973225425, -58.432252492343316 -34.54421586922533, -58.432296505437606 -34.54418256972626, -58.43234111406856 -34.544149763331994, -58.432386233102534 -34.544117520444644, -58.4324319476475 -34.54408584108523, -58.432478257703735 -34.54405472525301, -58.4325251632715 -34.54402417294738, -58.4325724941359 -34.543994184124806, -58.432620335405 -34.54396475880617, -58.43270971759379 -34.543912174294796, -58.432774924884505 -34.543871274106976, -58.432840727658174 -34.543830937426826, -58.43290695570052 -34.54379116421097, -58.43297377920141 -34.543752024925325, -58.4330410279724 -34.54371344910248, -58.433108787121526 -34.543675436762754, -58.43317705662409 -34.54363805832963, -58.43324583648098 -34.54360131380221, -58.433315041611166 -34.5435651327345, -58.43337069729702 -34.54353671981241)"
29983,BOUCHARD,Ciclovías,1,San Nicolas,112.16,"LINESTRING (-58.36885391901651 -34.605251719780384, -58.36879598131879 -34.60507318586089, -58.36884419097965 -34.604681192331576, -58.368872865728 -34.60435500972422, -58.368826980447515 -34.60425696648055)"
15961,VALLE,Ciclovías,6,Caballito,72.97,"LINESTRING (-58.44459623808339 -34.625339988227246, -58.444842595457764 -34.625402139134465, -58.44532856684553 -34.625593199780276)"
1736,AMENABAR,Ciclovías,13,Belgrano,101.59,"LINESTRING (-58.463050762373896 -34.55790894211626, -58.46369104486613 -34.557161953067656)"
7831,CORRIENTES AV.,Ciclovías mano única,15,Villa Crespo,107.27,"LINESTRING (-58.44430137411248 -34.59476367334986, -58.44444208596219 -34.594637073380284, -58.44498764380749 -34.59412186629681, -58.445079036594656 -34.59404166738544)"
15669,RINCON,Ciclovías,3,San Cristobal,55.12,"LINESTRING (-58.39480531193674 -34.62401999384104, -58.39474372972193 -34.62451428579634)"
7326,CORDOBA AV.,Ciclovías mano única,14,Palermo,107.99,"LINESTRING (-58.4334472504057 -34.59205807563331, -58.43413428321991 -34.59160076926767, -58.434364853669535 -34.59144835678917)"
10197,CUCHA CUCHA,Ciclovías,15,Villa Crespo,102.18,"LINESTRING (-58.454507990348155 -34.60433984429424, -58.45518345274707 -34.60360748582258)"
3068,MILLER,Ciclovías,12,Villa Urquiza,129.91,"LINESTRING (-58.48257775829573 -34.569241537730235, -58.482698956851294 -34.569106797443155, -58.48341422107219 -34.56829680577027)"
14310,MENDEZ DE ANDES,Ciclovías,7,Flores,86.23,"LINESTRING (-58.458400111249745 -34.61922646242489, -58.4592228882744 -34.61960255368033)"
5162,CERETTI,Ciclovías,12,Villa Urquiza,142.26,"LINESTRING (-58.489824592499836 -34.582205149511886, -58.49066472068478 -34.58112733843244)"
11564,"GARCIA, JUAN AGUSTIN",Ciclovías,11,Villa Santa Rita,142.39,"LINESTRING (-58.47966387211819 -34.60905920229039, -58.479816008683585 -34.60913953503111, -58.48097348230397 -34.6097483250273)"
27864,"BORGES, JORGE LUIS",Ciclovías,14,Palermo,15.15,"LINESTRING (-58.42979232501645 -34.58846410763337, -58.429662500803644 -34.588379774677925)"
2626,AMENABAR,Ciclovías,13,Belgrano,127.85,"LINESTRING (-58.45613069150394 -34.5659751050851, -58.45693822098791 -34.56503604538923)"
11958,"ALSINA, ADOLFO",Ciclovías mano única,1,Monserrat,121.88,"LINESTRING (-58.386157965049186 -34.61108833428754, -58.38632277307742 -34.611096466660115, -58.3874820272835 -34.611180362705994)"
10492,MONTEVIDEO,Ciclovías,1,San Nicolas,136.53,"LINESTRING (-58.38934224538037 -34.60544790381891, -58.38934206585496 -34.605362198253786, -58.389395118444014 -34.60421805892092)"
708,SUPERI,Ciclovías,12,Saavedra,100.18,"LINESTRING (-58.481598039095644 -34.54939321892698, -58.48217569892056 -34.548626985893904)"
30491,CERETTI,Ciclovías,12,Villa Urquiza,7.07,"LINESTRING (-58.49378652749124 -34.577290386212944, -58.493830377123004 -34.57723797028035)"
13645,RINCON,Ciclovías,3,Balvanera,133.31,"LINESTRING (-58.3960995002842 -34.61599533563032, -58.39605619670719 -34.61719645362678)"
2861,"PEDRAZA, MANUELA",Ciclovías,12,Villa Urquiza,60.03,"LINESTRING (-58.496942366229746 -34.56749606403399, -58.497486224383714 -34.56779669385046)"
7459,CORDOBA AV.,Ciclovías mano única,14,Palermo,127.99,"LINESTRING (-58.432360384273395 -34.59278133816233, -58.4334472504057 -34.59205807563331)"
19546,HERRERA,Ciclovías,4,Barracas,169.29,"LINESTRING (-58.37813396364613 -34.63668504466379, -58.37805614811841 -34.63696027449133, -58.37775461433707 -34.63795845260831, -58.3776727801893 -34.638162058960326)"
27543,"PERETTE, CARLOS H.",Ciclovías,1,Retiro,129.63,"LINESTRING (-58.37730734148567 -34.58325669002735, -58.37846851039158 -34.58259099700131)"
4640,GRIVEO,Ciclovías,12,Villa Pueyrredon,34.84,"LINESTRING (-58.495521204143344 -34.57946797475647, -58.4958240465517 -34.57965738315576)"
13935,ESTADOS UNIDOS,Ciclovías,1,San Telmo,72.0,"LINESTRING (-58.366508159266154 -34.61812310075149, -58.367093714440124 -34.618169809798786, -58.367288073143584 -34.61819531533902)"
16177,MORON,Ciclovías,10,Floresta,102.66,"LINESTRING (-58.47975385039777 -34.626069616482, -58.479966669388006 -34.62612501074691, -58.4808215264602 -34.6263477103467)"
30100,"PERON, JUAN DOMINGO, TTE. GENERAL",Ciclovías mano única,1,San Nicolas,38.95,"LINESTRING (-58.38126678764905 -34.606104391936874, -58.38169091148476 -34.60612218787049)"
27775,CHIVILCOY AV.,Ciclovías mano única,11,Villa Devoto,96.9,"LINESTRING (-58.51864488767278 -34.592429427744456, -58.519256425625706 -34.59171721249429)"
8210,SUIPACHA,Ciclovías,1,Retiro,142.67,"LINESTRING (-58.379904606741796 -34.59651259964583, -58.37996182644026 -34.59541262131474, -58.379957838437534 -34.59522754521767)"
18851,LAS CASAS,Ciclovías,5,Boedo,132.64,"LINESTRING (-58.417911046080555 -34.635531745824615, -58.41907789371628 -34.63565428833053, -58.41934609197183 -34.63568241371696)"
6915,FRENCH,Ciclovías,2,Recoleta,59.55,"LINESTRING (-58.40035749527471 -34.59018877347407, -58.400601740669 -34.59004636157362, -58.40088806969391 -34.589879604098506)"
16945,BOLIVAR,Ciclovías,4,Barracas,95.47,"LINESTRING (-58.37231556507082 -34.62820667575926, -58.372089905325524 -34.62904679763692)"
17737,USPALLATA,Ciclovías,4,Barracas,121.22,"LINESTRING (-58.373463304881774 -34.63096051240419, -58.37428888249098 -34.63181394306264)"
29764,DEL LIBERTADOR AV.,Ciclovías,13,Belgrano,39.82,"LINESTRING (-58.44349449618212 -34.56134959539047, -58.443912758186606 -34.56125415018491)"
29807,"RIVADAVIA MARTIN, COMODORO",Ciclovías,13,Nuñez,78.01,"LINESTRING (-58.464378943527244 -34.543307262166515, -58.464471407718264 -34.54352557908692, -58.46452295843567 -34.543647294800316, -58.46455867453709 -34.54378467806209, -58.46457647902874 -34.543853163502526, -58.46448659521561 -34.54396256403803)"
30469,CHIVILCOY AV.,Ciclovías mano única,11,Villa Devoto,102.41,"LINESTRING (-58.50966332515439 -34.60218910892628, -58.510325929631286 -34.60144614729303)"
27027,UNANUE,Ciclovías mano única,8,Villa Lugano,103.59,"LINESTRING (-58.47809971380424 -34.68421471014244, -58.47886283763474 -34.68490355984997)"
13524,"ARTIGAS, JOSE GERVASIO, GRAL.",Ciclovías,11,Villa Gral. Mitre,133.39,"LINESTRING (-58.469923310017876 -34.616755645714186, -58.47072324810973 -34.615751431809365)"
579,MONROE,Ciclovías,13,Belgrano,106.86,"LINESTRING (-58.44219363513017 -34.547774557924626, -58.44314002431658 -34.548335506002395)"
8276,PADILLA,Ciclovías,15,Villa Crespo,72.26,"LINESTRING (-58.44606766428098 -34.59682495492281, -58.44659757459173 -34.59634305063378)"
3756,CERETTI,Ciclovías,12,Villa Urquiza,118.69,"LINESTRING (-58.49624362198957 -34.57422667289365, -58.49634437624314 -34.57410129107075, -58.49696080955354 -34.573336318742854)"
6328,"BORGES, JORGE LUIS",Ciclovías,14,Palermo,55.65,"LINESTRING (-58.42863609008443 -34.587712856098854, -58.42815911303516 -34.587402995947265)"
9594,CORRIENTES AV.,Ciclovías mano única,15,Villa Crespo,126.13,"LINESTRING (-58.43220014722129 -34.60207186790503, -58.433474650605795 -34.60164527819773)"
8353,PADILLA,Ciclovías,15,Villa Crespo,56.16,"LINESTRING (-58.44565140177326 -34.59719609856159, -58.44606766428098 -34.59682495492281)"
9340,"URIBURU JOSE E., PRES.",Ciclovías,3,Balvanera,145.97,"LINESTRING (-58.39862357146964 -34.6010726893811, -58.398633693021715 -34.60097980601397, -58.398726105316136 -34.599759625061814)"
20161,"RODO, JOSE E.",Ciclovías,9,Parque Avellaneda,147.91,"LINESTRING (-58.47970303695249 -34.63972011347651, -58.48111272641526 -34.640368372224174)"
5568,ESTADO PLURINACIONAL DE BOLIVIA,Ciclovías,12,Villa Pueyrredon,121.5,"LINESTRING (-58.49878412491129 -34.58418143076039, -58.498899448085666 -34.58405688788052, -58.49958047960134 -34.583306392009035)"
29056,DEL LIBERTADOR AV.,Ciclovías,14,Palermo,18.06,"LINESTRING (-58.41662321296921 -34.57417627373716, -58.41679292104583 -34.57409386940613)"
18098,ITUZAINGO - PUENTE JORGE L. BORGES,Ciclovías,1,Constitucion,101.6,"LINESTRING (-58.3801469329948 -34.63303020205423, -58.381253963287406 -34.63306855775997)"
13773,"SASTRE, MARCOS",Ciclovías,10,Monte Castro,134.38,"LINESTRING (-58.51071712781781 -34.616903232089655, -58.511893570538604 -34.61762531345092)"
8875,"SANCHEZ DE THOMPSON, MARIQUITA",Ciclovías,1,Puerto Madero,112.91,"LINESTRING (-58.369076742369394 -34.59935328429158, -58.367854950117504 -34.599230290623154)"
11295,PATRICIAS ARGENTINAS AV.,Ciclovías,6,Caballito,35.43,"LINESTRING (-58.43473150417178 -34.60873141801751, -58.43439596466542 -34.60857327756408)"
21881,"RODO, JOSE E.",Ciclovías,9,Parque Avellaneda,69.24,"LINESTRING (-58.48863541153909 -34.64548814100845, -58.48915499944061 -34.6459410637367)"
6296,"DIAZ, CNEL. AV.",Ciclovías,14,Palermo,130.02,"LINESTRING (-58.40903144131909 -34.58755894991608, -58.40831947180599 -34.58654558532527)"
541,CUBA,Ciclovías,13,Nuñez,42.76,"LINESTRING (-58.46612272484041 -34.54790881744659, -58.46622723688041 -34.54776620590816, -58.46637005103957 -34.547582201026096)"
28919,"ALVEAR, MARCELO T. DE",Ciclovías,1,Retiro,39.79,"LINESTRING (-58.38183645362527 -34.596726466918625, -58.38226758130253 -34.59676595619856)"
12302,"VILLAFLOR, AZUCENA",Ciclovías,1,Puerto Madero,76.97,"LINESTRING (-58.36713165210457 -34.612160116417854, -58.36684607886592 -34.612149196855626, -58.366613459315275 -34.612139002353686, -58.36629483631195 -34.61211192055326)"
31243,TACUARI,Ciclovías,1,Constitucion,8.91,"LINESTRING (-58.37663337180342 -34.62782632385455, -58.37658077954838 -34.627893850739625)"
8152,PADILLA,Ciclovías,15,Villa Crespo,97.73,"LINESTRING (-58.44659757459173 -34.59634305063378, -58.44731736978962 -34.59569355742889)"
7782,ARENALES,Ciclovías,1,Retiro,151.38,"LINESTRING (-58.382774795878085 -34.59430160480335, -58.382956166073114 -34.594320457047715, -58.384417302263294 -34.594431341654335)"
810,VILELA,Ciclovías,12,Saavedra,102.24,"LINESTRING (-58.4814923591273 -34.549533378907654, -58.48160088981025 -34.54958498363851, -58.481775480257014 -34.54968939645473, -58.48200762028891 -34.54984929449439, -58.48222648388235 -34.55001102517643, -58.482340902381175 -34.55012361569689)"
2580,DEL LIBERTADOR AV.,Ciclovías,14,Palermo,123.87,"LINESTRING (-58.43331201038407 -34.56553648227389, -58.433800160628635 -34.56524596124451, -58.43441134191019 -34.56488863501592)"
5690,DEL LIBERTADOR AV.,Ciclovías,2,Recoleta,215.39,"LINESTRING (-58.3917220211727 -34.5847563847413, -58.393529882053286 -34.584175167723565, -58.39391034165146 -34.584053481035845)"
18237,CASEROS AV.,Ciclovías,1,Constitucion,37.07,"LINESTRING (-58.38727109840165 -34.63335429070699, -58.387655762552676 -34.63345713651437)"
20451,DON PEDRO DE MENDOZA AV.,Ciclovías,4,La Boca,87.88,"LINESTRING (-58.36107467351652 -34.64094887723726, -58.36068651023533 -34.641118322819025, -58.36020821775705 -34.641285897125854)"
7721,"ACUÑA DE FIGUEROA, FRANCISCO",Ciclovías,14,Palermo,155.77,"LINESTRING (-58.421060074882924 -34.59416332493849, -58.420784355503 -34.59277778375237)"
13175,"SASTRE, MARCOS",Ciclovías,10,Monte Castro,56.8,"LINESTRING (-58.508090275505225 -34.615295964821115, -58.508416454648376 -34.615497326103245, -58.50858729806128 -34.61560134864986)"
15865,"SASTRE, MARCOS",Ciclovías,10,Versalles,73.59,"LINESTRING (-58.52061704549696 -34.62518654589116, -58.521419098186264 -34.625165109806694)"
8764,ESTADO DE ISRAEL AV.,Ciclovías mano única,15,Villa Crespo,123.0,"LINESTRING (-58.42798942641815 -34.59842341217611, -58.428549866258614 -34.59867202767766, -58.429163606309686 -34.59895861385966)"
10947,"PERON, JUAN DOMINGO, TTE. GENERAL",Ciclovías mano única,3,Balvanera,129.37,"LINESTRING (-58.39785292406743 -34.60723821376329, -58.398010746731025 -34.60723970678946, -58.39912014075145 -34.60731416968385, -58.399259391414645 -34.60732170774776)"
11917,"ALSINA, ADOLFO",Ciclovías mano única,1,Monserrat,133.53,"LINESTRING (-58.383367333337446 -34.610921958201104, -58.384819759087236 -34.61100424025594)"
1160,MONROE,Ciclovías,13,Belgrano,6.42,"LINESTRING (-58.45085704647719 -34.55290946145827, -58.45091389943143 -34.5529431299952)"
1531,BLANCO ENCALADA,Ciclovías,13,Belgrano,38.71,"LINESTRING (-58.453545360805876 -34.55592054991027, -58.45377304058161 -34.556056979449764, -58.45388700842424 -34.556125229281086)"
25868,"ROCA, CNEL. AV.",Ciclovías,8,Villa Soldati,13.19,"LINESTRING (-58.43993329798202 -34.66616352382256, -58.44002523808537 -34.666255020703545)"
1663,AMENABAR,Ciclovías,13,Belgrano,103.39,"LINESTRING (-58.46369104486613 -34.557161953067656, -58.46434263674059 -34.55640172073553)"
3840,SUPERI,Ciclovías,13,Colegiales,118.53,"LINESTRING (-58.45821668821321 -34.57483891197296, -58.45940277973642 -34.57441577824063)"
9874,MONTEVIDEO,Ciclovías,1,San Nicolas,134.58,"LINESTRING (-58.38946261887158 -34.603010687722474, -58.38953216516856 -34.60179895121942)"
2518,SUPERI,Ciclovías,13,Belgrano,101.98,"LINESTRING (-58.468962274174025 -34.56507417924239, -58.469611241862054 -34.56432793428794)"
15160,ESTADOS UNIDOS,Ciclovías,5,Boedo,115.18,"LINESTRING (-58.41927763070202 -34.622702391864, -58.41957253856663 -34.62272630103062, -58.42052437625447 -34.62282734392259)"
2843,CERETTI,Ciclovías,12,Villa Urquiza,169.27,"LINESTRING (-58.50151750220598 -34.56767549584213, -58.501614156074446 -34.56755391371907, -58.50255951867073 -34.56641647689154)"
7208,FRENCH,Ciclovías,2,Recoleta,126.56,"LINESTRING (-58.398105743036126 -34.59150662760398, -58.39865269512474 -34.5911831807578, -58.39923047963244 -34.59084615585345)"
3947,SUPERI,Ciclovías,13,Colegiales,94.07,"LINESTRING (-58.45629751201375 -34.57552354871876, -58.45723884117759 -34.575187747434796)"
2497,DEL LIBERTADOR AV.,Ciclovías,14,Palermo,121.56,"LINESTRING (-58.43441134191019 -34.56488863501592, -58.435491583099534 -34.56425450612577)"
16889,"CEVALLOS, VIRREY",Ciclovías,1,Constitucion,186.56,"LINESTRING (-58.38829879932809 -34.62716331420289, -58.38809810956557 -34.628836799972355)"
18555,CABOTO,Ciclovías,4,La Boca,100.51,"LINESTRING (-58.35489679230063 -34.63373397218325, -58.35442040033499 -34.634549963863826)"
16136,PAVON,Ciclovías,1,Constitucion,133.65,"LINESTRING (-58.38575474089764 -34.62611030354895, -58.385993437730455 -34.62612031432361, -58.38701561154046 -34.62616088787599, -58.387210092950305 -34.626172417922795)"
7457,"ACUÑA DE FIGUEROA, FRANCISCO",Ciclovías,14,Palermo,134.92,"LINESTRING (-58.420784355503 -34.59277778375237, -58.4205455930777 -34.59157768024439)"
1080,MONROE,Ciclovías,13,Belgrano,125.93,"LINESTRING (-58.448740583326384 -34.551655113564195, -58.449855914376194 -34.552316172461325)"
11697,BOLIVAR,Ciclovías,1,Monserrat,128.28,"LINESTRING (-58.373504839273494 -34.60909021426581, -58.37351785214108 -34.60950325762027, -58.373452661921704 -34.6102444168078)"
19962,BALBASTRO,Ciclovías,7,Parque Chacabuco,5.4,"LINESTRING (-58.44326673538498 -34.63959372498525, -58.443323223067274 -34.63960760761536)"
11841,"IRIGOYEN, BERNARDO DE",Ciclovías,1,Monserrat,124.97,"LINESTRING (-58.38065485236512 -34.609604358525466, -58.380597180519636 -34.610729827600736)"
5857,"DIAZ, CNEL. AV.",Ciclovías,14,Palermo,97.7,"LINESTRING (-58.40762853294531 -34.585560184258696, -58.40709464493288 -34.58479816541325)"
4567,"RAVIGNANI, EMILIO, DR.",Ciclovías,14,Palermo,123.43,"LINESTRING (-58.43655572944099 -34.57927441299739, -58.435630231243785 -34.57846693784146)"
10272,CORRIENTES AV.,Ciclovías mano única,3,Balvanera,132.12,"LINESTRING (-58.39678267996527 -34.604532807459215, -58.398048094760696 -34.604572012441906, -58.39822191948896 -34.60457957017559)"
7691,ECUADOR,Ciclovías,2,Recoleta,139.75,"LINESTRING (-58.403616393674085 -34.594077306511814, -58.40309590271377 -34.59301682216172, -58.40304931479007 -34.59290820582625)"
5337,GRIVEO,Ciclovías,12,Villa Pueyrredon,130.04,"LINESTRING (-58.500350178607235 -34.58245825793822, -58.50048713135661 -34.58254068258993, -58.50148576152266 -34.583159610916)"
28971,DEL LIBERTADOR AV.,Ciclovías,14,Palermo,173.3,"LINESTRING (-58.43944733936333 -34.56253250045331, -58.44048776069761 -34.56237277354105, -58.441299891033246 -34.56223061695886)"
8007,GORRITI,Ciclovías,2,Recoleta,111.7,"LINESTRING (-58.41383137296558 -34.59560570259709, -58.41484673865788 -34.595604560668185, -58.415048827910425 -34.59559745752908)"
8531,"ALVAREZ, JULIAN",Ciclovías,15,Villa Crespo,125.12,"LINESTRING (-58.431915189665645 -34.59796842150168, -58.43083781097973 -34.59727686105473)"
31701,SENDERO PARQUE CHACABUCO (NO OFICIAL),Ciclovías,7,Parque Chacabuco,163.0,"LINESTRING (-58.44639155581626 -34.634101399811485, -58.44566749387837 -34.63412158674099, -58.44519979862774 -34.6341437008164, -58.44465156739825 -34.63431155736229)"
7299,DEL LIBERTADOR AV.,Ciclovías,1,Retiro,138.67,"LINESTRING (-58.37667408718237 -34.59185400650257, -58.37713347406823 -34.591554678897886, -58.37785940592002 -34.59107842083628)"
11193,"URIBURU JOSE E., PRES.",Ciclovías,3,Balvanera,125.79,"LINESTRING (-58.397729644111045 -34.60836745919238, -58.39773995622477 -34.60825126593019, -58.397842624673075 -34.60733856176747, -58.39785292406743 -34.60723821376329)"
17483,TACUARI,Ciclovías,4,Barracas,101.25,"LINESTRING (-58.374337247348194 -34.630402767066045, -58.373463304881774 -34.63096051240419)"
13834,"VERA PEÑALOZA,  ROSARIO",Ciclovías,1,Puerto Madero,174.94,"LINESTRING (-58.35975411897485 -34.617790838567394, -58.35817173643303 -34.61733905723092, -58.358081838171834 -34.61716101982693)"
29997,MILLER,Ciclovías,12,Villa Urquiza,11.14,"LINESTRING (-58.4818950634819 -34.570010590188616, -58.48196998462895 -34.56993157150174)"
28873,COMPLEJO CIUDAD UNIVERSITARIA (SIN NOMBRE OFICIAL),Ciclovías,13,Belgrano,61.84,"LINESTRING (-58.447393073259306 -34.54024164601168, -58.44798867652129 -34.539981135673216)"
23730,PATRON,Ciclovías,9,Liniers,103.19,"LINESTRING (-58.52058202539978 -34.652688216979556, -58.52134180082621 -34.653374481959354)"
6186,DEL LIBERTADOR AV.,Ciclovías,2,Recoleta,90.12,"LINESTRING (-58.385028782426694 -34.58703485096942, -58.38584929025768 -34.58658825398644)"
3711,SUPERI,Ciclovías,13,Colegiales,105.7,"LINESTRING (-58.46052185731536 -34.5739382641701, -58.46154978319119 -34.57350821118224)"
5209,DEL LIBERTADOR AV.,Ciclovías,14,Palermo,131.04,"LINESTRING (-58.400204001801846 -34.58247461487363, -58.40153456772427 -34.58204535805431)"
12274,"ALSINA, ADOLFO",Ciclovías,3,Balvanera,155.54,"LINESTRING (-58.40155203584981 -34.612180068972854, -58.40186189305 -34.61220332430531, -58.4032431525053 -34.612284083558066)"
1062,DEL LIBERTADOR AV.,Ciclovías,13,Belgrano,116.26,"LINESTRING (-58.45157681131155 -34.55217303660538, -58.45230977186216 -34.55131836638485)"
14693,"DIAZ, CESAR, GRAL.",Ciclovías,10,Floresta,130.74,"LINESTRING (-58.48833654893231 -34.62015963694036, -58.48847680002231 -34.620279257420144, -58.489330839639756 -34.62100422779585)"
7508,JUNCAL,Ciclovías,2,Recoleta,124.2,"LINESTRING (-58.39747025295865 -34.59287314013312, -58.39874543529413 -34.59249705456914)"
9637,TUCUMAN,Ciclovías,3,Balvanera,136.19,"LINESTRING (-58.395537728155276 -34.602160749401556, -58.39567424340578 -34.60216969851077, -58.39702182683442 -34.602185086046454)"
5039,ESTADO PLURINACIONAL DE BOLIVIA,Ciclovías,12,Villa Pueyrredon,107.95,"LINESTRING (-58.50112003281302 -34.58161131605719, -58.501830796218094 -34.58083587019285)"
14327,LINIERS VIRREY,Ciclovías,5,Almagro,158.8,"LINESTRING (-58.41409428427015 -34.61823711795465, -58.413941217598506 -34.61966298914265)"
15032,ESTADOS UNIDOS,Ciclovías,5,Boedo,117.81,"LINESTRING (-58.41368507396358 -34.622084745223646, -58.41472571021266 -34.62224988428858, -58.41494828908598 -34.62227715613394)"
3328,"GARCIA, TEODORO",Ciclovías,13,Colegiales,195.49,"LINESTRING (-58.44570628191435 -34.56955003784114, -58.44669888559417 -34.57110929322438)"
10639,SUIPACHA,Ciclovías,1,San Nicolas,122.32,"LINESTRING (-58.379323873890634 -34.60600854062296, -58.37932754754597 -34.60591269672138, -58.37936904200331 -34.60513461558711, -58.37938289814335 -34.60490701622003)"
14712,SANTIAGO DEL ESTERO,Ciclovías,1,Constitucion,138.13,"LINESTRING (-58.38434824149469 -34.61980383628213, -58.384357115654595 -34.6199679989137, -58.38435055517748 -34.62104878210228)"
6256,"BORGES, JORGE LUIS",Ciclovías,14,Palermo,126.07,"LINESTRING (-58.42815911303516 -34.587402995947265, -58.42707858546403 -34.58670090710878)"
20096,"FAVALORO, RENE DR.",Ciclovías,4,Parque Patricios,101.17,"LINESTRING (-58.4077891385743 -34.64005414966712, -58.408118476091104 -34.6400271862121, -58.408439849169184 -34.640061134313214, -58.40868106379074 -34.640106535796974, -58.40886788293727 -34.64016804460983)"
5471,LA PAMPA,Ciclovías,12,Villa Urquiza,120.23,"LINESTRING (-58.48595920360635 -34.583177072960055, -58.48703257975573 -34.58379878171359)"
5456,"BORGES, JORGE LUIS",Ciclovías,14,Palermo,144.97,"LINESTRING (-58.423067782243386 -34.583729104688246, -58.42193653108642 -34.5828167380905)"
10444,"MOREAU DE JUSTO, ALICIA AV.",Ciclovías,1,Puerto Madero,265.24,"LINESTRING (-58.36723907545113 -34.6027682304699, -58.36699268416708 -34.604894912199576, -58.36695719332821 -34.60514771051369)"
10147,CORRIENTES AV.,Ciclovías mano única,1,San Nicolas,120.78,"LINESTRING (-58.38659453936207 -34.603997735719425, -58.38790510672277 -34.604102286485826)"
30837,CONGRESO,Ciclovías,13,Belgrano,56.31,"LINESTRING (-58.45756073866264 -34.55293662023396, -58.45788564270761 -34.55311076034292, -58.457988010312256 -34.55317633946208, -58.45807944843147 -34.55314988988118)"
1467,MILLER,Ciclovías,12,Saavedra,30.28,"LINESTRING (-58.49344260600571 -34.555454039143626, -58.49360594900582 -34.555216880610274)"
10239,SAN MARTIN,Ciclovías,1,San Nicolas,136.82,"LINESTRING (-58.373789770247434 -34.60446416169888, -58.373794646862315 -34.604364304684644, -58.37384166020997 -34.60341122677563, -58.37385386107077 -34.60323200775726)"
2624,MILLER,Ciclovías,12,Villa Urquiza,132.95,"LINESTRING (-58.48549806900384 -34.56597181847243, -58.48637583633653 -34.565018396048906)"
5630,CORDOBA AV.,Ciclovías mano única,15,Chacarita,169.75,"LINESTRING (-58.44478692702912 -34.584513430402396, -58.44642856994631 -34.583807740077326)"
7501,"ALVAREZ, JULIAN",Ciclovías,14,Palermo,115.94,"LINESTRING (-58.4242883653164 -34.592870575471466, -58.42332027706831 -34.592198772066666)"
17988,15 DE NOVIEMBRE DE 1889,Ciclovías,4,Parque Patricios,93.42,"LINESTRING (-58.394641231613235 -34.63250759749253, -58.39561765965015 -34.63274800476968)"
14841,INDEPENDENCIA AV.,Ciclovías,5,Almagro,29.74,"LINESTRING (-58.42372083121156 -34.62150629463425, -58.42404256528625 -34.62154006097125)"
4160,FOREST AV.,Ciclovías mano única,13,Colegiales,113.95,"LINESTRING (-58.46160586203848 -34.576837425385776, -58.46224766382935 -34.576166856199826, -58.46237665299592 -34.57603206588399)"
9713,HUMAHUACA,Ciclovías,5,Almagro,129.05,"LINESTRING (-58.41652381681793 -34.60240785636323, -58.41667143060976 -34.6023736165723, -58.41790517578575 -34.60219048749256)"
16146,PAVON,Ciclovías,1,Constitucion,101.01,"LINESTRING (-58.387210092950305 -34.626172417922795, -58.388310994425055 -34.62620239578601)"
3984,CERETTI,Ciclovías,12,Villa Urquiza,99.85,"LINESTRING (-58.49503948349127 -34.57572603543981, -58.49564164325537 -34.57497628524841)"
16382,TREINTA Y TRES ORIENTALES,Ciclovías,5,Boedo,76.48,"LINESTRING (-58.422844003120574 -34.626425218544924, -58.422787414667205 -34.62664407542949, -58.42267976496526 -34.62710108692338)"
3645,SUPERI,Ciclovías,13,Belgrano,224.45,"LINESTRING (-58.46173091309595 -34.57343243056836, -58.46315637463891 -34.57178825264505)"
995,MONROE,Ciclovías,13,Belgrano,124.92,"LINESTRING (-58.44763420596332 -34.550999397797426, -58.448740583326384 -34.551655113564195)"
13717,CHILE,Ciclovías,3,Balvanera,132.67,"LINESTRING (-58.39762685523455 -34.61732576158167, -58.39884462993056 -34.61742613062569, -58.399065918052855 -34.617446810979466)"
8821,CORDOBA AV.,Ciclovías mano única,1,Retiro,138.52,"LINESTRING (-58.38252464835826 -34.59908954301711, -58.38277561464271 -34.59910118794087, -58.38403232073397 -34.59915940603537)"
10748,"PERON, JUAN DOMINGO, TTE. GENERAL",Ciclovías mano única,1,San Nicolas,132.07,"LINESTRING (-58.38638022085158 -34.60643608654132, -58.38653803982034 -34.60643970711045, -58.38771631587824 -34.60651480997426, -58.3878154443387 -34.60652691376668)"
8109,LOYOLA,Ciclovías,15,Villa Crespo,130.08,"LINESTRING (-58.43532834623318 -34.59616239175176, -58.43608994916719 -34.59534776201179, -58.43619583965536 -34.59523482599103)"
19796,MARTINEZ CASTRO,Ciclovías,9,Parque Avellaneda,103.1,"LINESTRING (-58.479098515948586 -34.63842708293376, -58.478283314443175 -34.63906719166521)"
15624,"SASTRE, MARCOS",Ciclovías,10,Monte Castro,53.95,"LINESTRING (-58.519312967717234 -34.6239438981655, -58.51969818609285 -34.62431147134091)"
5571,"FIGUEROA ALCORTA, PRES. AV.",Ciclovías,2,Recoleta,75.46,"LINESTRING (-58.39056593794797 -34.58418569107978, -58.391286253828014 -34.583857338703915)"
13450,CHILE,Ciclovías,1,Monserrat,137.47,"LINESTRING (-58.38156850262328 -34.61648696512735, -58.381746608683976 -34.6164956055543, -58.38289934340765 -34.61652320203222, -58.38306594686599 -34.61653528369903)"
19786,PALOS,Ciclovías,4,La Boca,106.86,"LINESTRING (-58.36081529607184 -34.63811624121496, -58.36030257919747 -34.638981239286984)"
13648,CHACO,Ciclovías,6,Caballito,72.07,"LINESTRING (-58.42879471753603 -34.61718609207695, -58.42908850369902 -34.6172040623695, -58.42957846027307 -34.617233142815735)"
10153,CORRIENTES AV.,Ciclovías mano única,3,Balvanera,132.34,"LINESTRING (-58.41174473497328 -34.60408264575259, -58.413185929676175 -34.604136838533826)"
6301,CORDOBA AV.,Ciclovías mano única,14,Palermo,145.79,"LINESTRING (-58.440157973535676 -34.58760093493062, -58.44109063752393 -34.58698447763989, -58.44139893925012 -34.586780093119685)"
5608,"GARCIA, TEODORO",Ciclovías mano única,15,Chacarita,16.9,"LINESTRING (-58.4548289050093 -34.584230591727085, -58.454914806417676 -34.58436531841247)"
16059,GRANADEROS,Ciclovías,7,Flores,140.06,"LINESTRING (-58.45945044329066 -34.62640454245742, -58.45952942282336 -34.6262528530832, -58.459690363017074 -34.625942572771905, -58.45999264445633 -34.62536046207621, -58.46005279354029 -34.62524433561028)"
23296,PEPIRI,Ciclovías,4,Nueva Pompeya,122.53,"LINESTRING (-58.40788582583423 -34.65033251459411, -58.40751655505877 -34.65139404379103)"
3537,DEL LIBERTADOR AV.,Ciclovías,14,Palermo,55.04,"LINESTRING (-58.42002456626653 -34.57260264036872, -58.420550492861885 -34.572364088524864)"
9391,HUMAHUACA,Ciclovías,5,Almagro,134.78,"LINESTRING (-58.42692806048529 -34.601304553547244, -58.42709081969424 -34.60128854537152, -58.42838667481215 -34.60115856893092)"
12276,"VALLESE, FELIPE",Ciclovías,6,Caballito,102.02,"LINESTRING (-58.44227305892652 -34.61191319623147, -58.44246802106363 -34.611987927800634, -58.44328087424929 -34.61230222306791)"
19335,TREINTA Y TRES ORIENTALES,Ciclovías,5,Boedo,106.89,"LINESTRING (-58.42067019789135 -34.63652479312215, -58.42032482555532 -34.63744503263429)"
11515,CHIVILCOY,Ciclovías,11,Villa Devoto,101.72,"LINESTRING (-58.50311828668936 -34.60955683726912, -58.50323721753621 -34.60943602206987, -58.50365562354455 -34.60896939901341, -58.503787658518974 -34.60882590255743)"
31658,LA RABIDA (S) AV.,Ciclovías,1,Monserrat,112.17,"LINESTRING (-58.36824320027658 -34.60812196575246, -58.368262970288995 -34.60826877056874, -58.36832702910453 -34.60847766307191, -58.36841868205761 -34.60865240256377, -58.36863421403907 -34.608933557585736, -58.368733320310774 -34.60902738137383)"
17399,RIGLOS,Ciclovías,7,Parque Chacabuco,121.06,"LINESTRING (-58.43534592084679 -34.629611153326636, -58.43510062261664 -34.63068336168171)"
16260,LINIERS VIRREY,Ciclovías,5,Boedo,169.64,"LINESTRING (-58.41357446763491 -34.625139664968245, -58.41344057319946 -34.626664838579025)"
16982,CHICLANA AV.,Ciclovías,3,San Cristobal,44.01,"LINESTRING (-58.40518045399284 -34.62885874144673, -58.40545659862197 -34.62918324234404)"
16320,TACUARI,Ciclovías,1,Constitucion,146.81,"LINESTRING (-58.37801003780684 -34.62565414335572, -58.37726613439525 -34.62682595757079)"
15614,VALLE,Ciclovías,6,Caballito,123.1,"LINESTRING (-58.43179143474104 -34.624157409678915, -58.43199579262694 -34.62418774433299, -58.433120759455825 -34.6243100715022)"
18914,BAIGORRI,Ciclovías,4,Barracas,161.25,"LINESTRING (-58.38644220922422 -34.63463737510257, -58.38561397689087 -34.635919608915714)"
26870,"BARROS PAZOS, JOSE",Ciclovías mano única,8,Villa Lugano,87.18,"LINESTRING (-58.4722299293861 -34.68095527525551, -58.47288401388557 -34.681525931030855)"
18936,LINIERS VIRREY,Ciclovías,5,Boedo,91.46,"LINESTRING (-58.41241117459516 -34.63521619175889, -58.41233606627634 -34.63543158499746, -58.412185496875814 -34.63601885152156)"
482,"UDAONDO, GUILLERMO AV.",Ciclovías,13,Nuñez,126.73,"LINESTRING (-58.45212523432932 -34.546285130327036, -58.45217620182861 -34.546385489541066, -58.45284837712524 -34.547256626440124)"
3725,LUGONES,Ciclovías,12,Villa Urquiza,121.33,"LINESTRING (-58.47695079857746 -34.57400436478547, -58.47773229970931 -34.573122144655855)"
32967,"MOREAU DE JUSTO, ALICIA AV.",Ciclovías,1,Puerto Madero,154.92,"LINESTRING (-58.36644259622389 -34.60952985069187, -58.366407291805395 -34.60980790244903, -58.36630726130349 -34.610670939229244, -58.36628221465843 -34.61091996074294)"
8330,"ALVEAR, MARCELO T. DE",Ciclovías,1,Retiro,129.99,"LINESTRING (-58.38565298071054 -34.59697076616019, -58.38580830865785 -34.596978048110515, -58.386926251949575 -34.5970413595501, -58.387066417516564 -34.597052855826796)"
3818,CERVIÑO AV.,Ciclovías,14,Palermo,287.72,"LINESTRING (-58.4249896110082 -34.574556239745846, -58.42733130650013 -34.57283144932)"
28036,"FIGUEROA ALCORTA, PRES. AV.",Ciclovías,2,Recoleta,166.13,"LINESTRING (-58.38584929025768 -34.58658825398644, -58.38733631423259 -34.58573386774139)"
1651,IBERA,Ciclovías,13,Nuñez,108.93,"LINESTRING (-58.46988065169754 -34.55649154988666, -58.47010257057908 -34.55661661098673, -58.47087243753057 -34.557030800405705)"
1081,CONGRESO,Ciclovías,13,Nuñez,111.94,"LINESTRING (-58.45545898504412 -34.551788620295845, -58.45574283182248 -34.55193850086838, -58.456490882051455 -34.55232644129281)"
16247,MORON,Ciclovías,10,Floresta,102.24,"LINESTRING (-58.4808215264602 -34.6263477103467, -58.48097692452642 -34.62638818133647, -58.481885460619125 -34.626623189759556)"
1928,SUPERI,Ciclovías,12,Coghlan,121.01,"LINESTRING (-58.47355323361046 -34.55979848360709, -58.47432450785349 -34.55891381925365)"
5969,CORDOBA AV.,Ciclovías mano única,14,Palermo,123.73,"LINESTRING (-58.44242654406032 -34.58609857095137, -58.443478573934314 -34.58540084654664)"
2426,SUPERI,Ciclovías,12,Coghlan,139.4,"LINESTRING (-58.469611241862054 -34.56432793428794, -58.470498276132865 -34.563307863262935)"
18002,DOBLAS,Ciclovías,7,Parque Chacabuco,140.07,"LINESTRING (-58.428497214915005 -34.631580116257666, -58.42842409569069 -34.63183206978754, -58.428173287251205 -34.63281390919293)"
25158,"RABANAL, FRANCISCO, INTENDENTE AV.",Ciclovías,8,Villa Soldati,134.25,"LINESTRING (-58.42740799315769 -34.65961100968942, -58.42842543379976 -34.66018039265175, -58.428620556287605 -34.66028967426555)"
6158,"NEWBERY, JORGE AV.",Ciclovías,15,Chacarita,118.91,"LINESTRING (-58.44988320314321 -34.58591700959855, -58.45019240206072 -34.586886356211885, -58.450213679366996 -34.586953472359184)"
22278,QUILMES,Ciclovías,4,Nueva Pompeya,112.01,"LINESTRING (-58.417402578914626 -34.6463354522022, -58.41741991731151 -34.64734504397737)"
8222,"ALVAREZ, JULIAN",Ciclovías,15,Villa Crespo,195.26,"LINESTRING (-58.429772624979876 -34.596593322670365, -58.42809080557664 -34.59551459215837)"
2878,BLANCO ENCALADA,Ciclovías,12,Villa Urquiza,103.12,"LINESTRING (-58.47278329601774 -34.56735356781688, -58.473690269037036 -34.56790230826693)"
1248,"OBLIGADO RAFAEL, AV.COSTANERA",Ciclovías,14,Palermo,232.36,"LINESTRING (-58.42114651096686 -34.553700159446144, -58.423581303412654 -34.55312666849527)"
5223,"RAVIGNANI, EMILIO, DR.",Ciclovías,14,Palermo,126.18,"LINESTRING (-58.44033025792441 -34.58257010236521, -58.44015345087742 -34.582414713989266, -58.43938510846347 -34.581743919662166)"
11368,TRES ARROYOS,Ciclovías,6,Caballito,70.37,"LINESTRING (-58.46014210439824 -34.6086751829582, -58.46077169629307 -34.6090375971023)"
19080,USPALLATA,Ciclovías,4,Barracas,70.89,"LINESTRING (-58.38942287400799 -34.636337613226615, -58.38986540621588 -34.63644098002683, -58.390167301007246 -34.636510176148754)"
6922,CORRIENTES AV.,Ciclovías mano única,15,Chacarita,47.82,"LINESTRING (-58.44951716723846 -34.589889291989564, -58.44917419563529 -34.590213906237906)"
11491,BILLINGHURST,Ciclovías,5,Almagro,103.35,"LINESTRING (-58.41595345148391 -34.60946231578933, -58.41606734341177 -34.60853544559827)"
5204,GRIVEO,Ciclovías,12,Villa Pueyrredon,129.53,"LINESTRING (-58.49922014995707 -34.5817585124208, -58.50022038038131 -34.58238019724498, -58.500350178607235 -34.58245825793822)"
3163,MILLER,Ciclovías,12,Villa Urquiza,94.71,"LINESTRING (-58.48196998462895 -34.56993157150174, -58.48245264417919 -34.569380503947535, -58.48257775829573 -34.569241537730235)"
10243,CORRIENTES AV.,Ciclovías mano única,3,Balvanera,131.3,"LINESTRING (-58.39386083586723 -34.60446188281242, -58.39529165099295 -34.60449606948021)"
2310,SUPERI,Ciclovías,12,Coghlan,112.89,"LINESTRING (-58.470498276132865 -34.563307863262935, -58.47121658693166 -34.562481814984686)"
19039,USPALLATA,Ciclovías,4,Barracas,90.47,"LINESTRING (-58.38847341394308 -34.63611590559896, -58.38942287400799 -34.636337613226615)"
2307,"PELLEGRINI, CARLOS E.",Ciclovías,12,Saavedra,62.6,"LINESTRING (-58.50181263483314 -34.56301748751675, -58.50225130807754 -34.56323002897992, -58.502402442036626 -34.563300968108486)"
18923,"RODRIGUEZ, MARTIN",Ciclovías,4,La Boca,101.82,"LINESTRING (-58.36087165926821 -34.63510048694385, -58.36037009485392 -34.635919297512274)"
9646,CHIVILCOY AV.,Ciclovías mano única,11,Villa Devoto,108.18,"LINESTRING (-58.50968631999574 -34.60226754426772, -58.51039740233046 -34.60148963667404)"
9677,TRES ARROYOS,Ciclovías,15,Villa Crespo,113.49,"LINESTRING (-58.44764624167117 -34.601686511377096, -58.44863031571877 -34.60230657266328)"
15889,VALLE,Ciclovías,6,Caballito,71.63,"LINESTRING (-58.44254889326633 -34.62517845810315, -58.44332461904374 -34.62525387014771)"
19923,TREINTA Y TRES ORIENTALES,Ciclovías,5,Boedo,117.9,"LINESTRING (-58.41992596178708 -34.63848236575691, -58.4198491737846 -34.63868255151037, -58.419536047514256 -34.63949512292113)"
12182,FRAGATA PRES. SARMIENTO,Ciclovías,6,Caballito,149.96,"LINESTRING (-58.454754881197964 -34.611963279975996, -58.45557779827824 -34.61079522027609)"
1632,SUPERI,Ciclovías,12,Coghlan,87.19,"LINESTRING (-58.47590305538676 -34.55685756393534, -58.47641239869767 -34.55619411494835)"
10152,CORRIENTES AV.,Ciclovías mano única,3,Balvanera,131.54,"LINESTRING (-58.40891736152724 -34.60411824986078, -58.40918565837051 -34.6040953406396, -58.410088655567414 -34.604037427066295, -58.41034706273563 -34.60402951119841)"
6059,NUEVA YORK,Ciclovías,15,Agronomia,83.82,"LINESTRING (-58.48888524116784 -34.58604675772819, -58.48961597499408 -34.58650020196236)"
8556,CORDOBA AV.,Ciclovías mano única,2,Recoleta,95.4,"LINESTRING (-58.40558907777432 -34.59804036110832, -58.40662899593521 -34.59804521476855)"
4653,GODOY CRUZ,Ciclovías,14,Palermo,146.43,"LINESTRING (-58.426195771688576 -34.57972938795806, -58.42543931830014 -34.5788655477926, -58.42525456465816 -34.578663444256286)"
10882,"PERON, JUAN DOMINGO, TTE. GENERAL",Ciclovías mano única,3,Balvanera,135.38,"LINESTRING (-58.393567755298825 -34.60692301858666, -58.39489369391479 -34.60704517936266, -58.39503498619145 -34.607054765674796)"
15110,ESTADOS UNIDOS,Ciclovías,5,Boedo,145.41,"LINESTRING (-58.41636971708819 -34.62244538929378, -58.41794543806576 -34.6225912687242)"
3215,CERETTI,Ciclovías,12,Villa Urquiza,128.56,"LINESTRING (-58.499440645248896 -34.5702715339436, -58.50012186086253 -34.56943194699626, -58.50021996525134 -34.5693085345498)"
22257,HERRERA,Ciclovías,4,Barracas,227.27,"LINESTRING (-58.375826049830465 -34.645247074525635, -58.375403861973545 -34.646912346884385, -58.37531292291253 -34.64725129788515)"
31050,MACHU PICCHU,Ciclovías,1,Retiro,48.29,"LINESTRING (-58.376270836994216 -34.58479312437443, -58.37612718068339 -34.584671595393566, -58.3759127229063 -34.58447419633845)"
12162,LINIERS VIRREY,Ciclovías,5,Almagro,123.95,"LINESTRING (-58.41582559064895 -34.61083390468991, -58.41533710490443 -34.61187562916196)"
14093,"SASTRE, MARCOS",Ciclovías,10,Monte Castro,89.23,"LINESTRING (-58.512527469667816 -34.618150981353416, -58.51266263709279 -34.61826388588346, -58.51308314069975 -34.61861400103201, -58.51321251426375 -34.61872211851631)"
10032,SUIPACHA,Ciclovías,1,San Nicolas,124.73,"LINESTRING (-58.37947502603063 -34.603576426491614, -58.37953539322794 -34.60257560820406, -58.379541136934776 -34.6024534272456)"
8206,CORDOBA AV.,Ciclovías mano única,14,Palermo,81.61,"LINESTRING (-58.426242133073345 -34.596511384787114, -58.426952167479044 -34.59621004420459, -58.42702576594789 -34.5961651358037)"
11289,"ARTIGAS, JOSE GERVASIO, GRAL.",Ciclovías,11,Villa Gral. Mitre,133.66,"LINESTRING (-58.476323552976396 -34.60872171249707, -58.477128021406 -34.607717173103495)"
8928,CORDOBA AV.,Ciclovías mano única,2,Recoleta,106.44,"LINESTRING (-58.399923963223955 -34.599620884749, -58.40107242061474 -34.59948393850292)"
1322,CUBA,Ciclovías,13,Nuñez,142.9,"LINESTRING (-58.46041049248593 -34.554367841591116, -58.46131387653235 -34.55331868040025)"
8923,BILLINGHURST,Ciclovías,5,Almagro,16.88,"LINESTRING (-58.4149325637405 -34.59959972834054, -58.41490616498601 -34.5994491521592)"
3486,OLLEROS,Ciclovías,13,Colegiales,109.89,"LINESTRING (-58.44435072401083 -34.571316420286124, -58.44489565183465 -34.57219849330021)"
14874,CHIVILCOY,Ciclovías,10,Floresta,135.72,"LINESTRING (-58.49021139093415 -34.62174066526653, -58.490308819772714 -34.62166360056095, -58.49115399017335 -34.62099452924429, -58.491280032003786 -34.62089428792372)"
13753,TACUARI,Ciclovías,1,Monserrat,132.07,"LINESTRING (-58.37884708443215 -34.61635799727226, -58.37877679704246 -34.61754704780739)"
27686,CALZADA CIRCULAR PLAZA ITALIA,Ciclovías,14,Palermo,87.3,"LINESTRING (-58.42075372726183 -34.58186272243346, -58.42051907669915 -34.58183604038293, -58.42028322656326 -34.5816880076605, -58.42019454557049 -34.5815422072014, -58.420133732845464 -34.58141630613467, -58.420119387376985 -34.5813704483093)"
17908,"CEVALLOS, VIRREY",Ciclovías,1,Constitucion,127.78,"LINESTRING (-58.3878080749693 -34.63131953366284, -58.38778921653928 -34.63144663594484, -58.38772132480012 -34.632468857608835)"
14087,ROSARIO,Ciclovías,6,Caballito,22.02,"LINESTRING (-58.43130727835836 -34.618673556075436, -58.43154407668187 -34.61870643525585)"
28512,"UDAONDO, GUILLERMO AV.",Ciclovías,13,Nuñez,52.74,"LINESTRING (-58.45446767773769 -34.54866787923668, -58.454779023855224 -34.54865274755164, -58.455041548556565 -34.54864492655139)"
26992,UNANUE,Ciclovías mano única,8,Villa Lugano,103.31,"LINESTRING (-58.47733864893846 -34.68352775675172, -58.47809971380424 -34.68421471014244)"
7207,AZCUENAGA,Ciclovías,2,Recoleta,120.71,"LINESTRING (-58.398105743036126 -34.59150662760398, -58.398040081314804 -34.59140595702177, -58.39743843411738 -34.59056892960062)"
14474,"DIAZ, CESAR, GRAL.",Ciclovías,11,Villa Santa Rita,96.7,"LINESTRING (-58.48760292119808 -34.61953358044929, -58.48772774796572 -34.619640317392765, -58.48833654893231 -34.62015963694036)"
13862,TREINTA Y TRES ORIENTALES,Ciclovías,5,Almagro,111.88,"LINESTRING (-58.424436403741254 -34.61692752471948, -58.42438388728746 -34.6179351263028)"
13505,CHILE,Ciclovías,1,Monserrat,136.84,"LINESTRING (-58.38440098361202 -34.616639747270625, -58.38455063771344 -34.616650407478595, -58.38570780225097 -34.61668093806347, -58.3858917915391 -34.616684364848126)"
6651,"DIAZ, CNEL. AV.",Ciclovías,14,Palermo,106.49,"LINESTRING (-58.41008373132284 -34.58905676319133, -58.409500538944854 -34.58822677485399)"
12063,"ALSINA, ADOLFO",Ciclovías,1,Monserrat,131.78,"LINESTRING (-58.390367440196776 -34.61138895546295, -58.391539904152616 -34.61147373635408, -58.3917979672137 -34.61149867693397)"
9598,TUCUMAN,Ciclovías,3,Balvanera,138.75,"LINESTRING (-58.39259561618995 -34.60198597885651, -58.39280997048711 -34.6019981453114, -58.39396623101108 -34.602055780490836, -58.39410513029485 -34.60206508482813)"
10300,CORRIENTES AV.,Ciclovías mano única,3,Balvanera,124.49,"LINESTRING (-58.39948263925824 -34.60463460307796, -58.399627081781915 -34.604640875814304, -58.400633762204286 -34.60467020023521, -58.400838846662666 -34.604674953349395)"
13748,CHILE,Ciclovías,3,Balvanera,98.53,"LINESTRING (-58.399065918052855 -34.617446810979466, -58.39931982885059 -34.61747053625212, -58.40013274962841 -34.617551242575466)"
16494,"GARAY, JUAN DE AV.",Ciclovías,3,San Cristobal,98.17,"LINESTRING (-58.3921626167845 -34.62726224954113, -58.393209220968146 -34.62744806869514)"
19145,"RODRIGUEZ, MARTIN",Ciclovías,4,La Boca,100.71,"LINESTRING (-58.36037009485392 -34.635919297512274, -58.36022760605238 -34.6361519257578, -58.35987722053244 -34.63673057798924)"
30832,CONGRESO,Ciclovías,13,Nuñez,102.45,"LINESTRING (-58.4585767178892 -34.55333738872904, -58.4593611967165 -34.55375836622765, -58.45947302349168 -34.5538763255725)"
8969,PADILLA,Ciclovías,15,Villa Crespo,129.97,"LINESTRING (-58.44278344976453 -34.59979238117649, -58.44373894253475 -34.598927313294205)"
20553,PEDERNERA,Ciclovías,7,Flores,176.09,"LINESTRING (-58.45574435011304 -34.640502750061685, -58.455604090210876 -34.64061858738811, -58.45441910275209 -34.64165154407557)"
12026,CHIVILCOY,Ciclovías,10,Monte Castro,131.35,"LINESTRING (-58.5015422058947 -34.6113863102672, -58.50166870909337 -34.61123676147219, -58.50226044463944 -34.61054332502668, -58.50236804816881 -34.61041899313489)"
22240,POLA,Ciclovías,9,Mataderos,67.09,"LINESTRING (-58.50435640939433 -34.64679584368032, -58.50383000050438 -34.647215882165526)"
5559,GORRITI,Ciclovías,14,Palermo,128.91,"LINESTRING (-58.43824139061324 -34.58413310019643, -58.438376721910245 -34.584031506345674, -58.43928315136564 -34.58335343629561)"
25609,"RABANAL, FRANCISCO, INTENDENTE AV.",Ciclovías,8,Villa Soldati,11.63,"LINESTRING (-58.43515654012431 -34.66388567283815, -58.435267577708196 -34.66393647331932)"
9499,TUCUMAN,Ciclovías,1,San Nicolas,122.92,"LINESTRING (-58.38669736200245 -34.60165276568941, -58.38690950165816 -34.60166339180012, -58.38788700428933 -34.6017042117268, -58.38803535703451 -34.6017121203439)"
29005,LANTERI JULIETA,Ciclovías,1,Puerto Madero,52.14,"LINESTRING (-58.3598441367458 -34.617326754406704, -58.35975411897485 -34.617790838567394)"
3444,MOLDES,Ciclovías,13,Colegiales,79.35,"LINESTRING (-58.44864127310964 -34.571923431643185, -58.44878286553919 -34.571859151492866, -58.44939614744635 -34.571574498826415)"
30463,CHIVILCOY AV.,Ciclovías mano única,11,Villa Devoto,151.29,"LINESTRING (-58.505792078651126 -34.60653927300802, -58.50585892302209 -34.60639567904538, -58.506733018629276 -34.60542536295382)"
5256,"NEWBERY, JORGE AV.",Ciclovías,15,Chacarita,148.78,"LINESTRING (-58.448435760623134 -34.581467238513184, -58.44855463968977 -34.58175238294086, -58.44887522865068 -34.58275747116991)"
14987,FRAY CAYETANO RODRIGUEZ,Ciclovías,7,Flores,120.12,"LINESTRING (-58.4659906398229 -34.62213649606529, -58.46606074614468 -34.62205114136973, -58.466562725078106 -34.62130210592089, -58.466631806919345 -34.621192806962235)"
6731,"ALVAREZ, JULIAN",Ciclovías,14,Palermo,55.12,"LINESTRING (-58.41904623537421 -34.58935640372332, -58.418558033408445 -34.589066854533314)"
21884,POLA,Ciclovías,9,Liniers,73.5,"LINESTRING (-58.505998040154914 -34.64548914292839, -58.50586115988027 -34.64559496626574, -58.50541934729866 -34.64594758723803)"
9216,ESTADO DE ISRAEL AV.,Ciclovías mano única,15,Villa Crespo,130.73,"LINESTRING (-58.430189748074554 -34.599803839366324, -58.43027684053665 -34.599881681076624, -58.431039920475634 -34.60074872957914)"
13715,"VERA PEÑALOZA,  ROSARIO",Ciclovías,1,Puerto Madero,97.68,"LINESTRING (-58.360903609512775 -34.61741659302758, -58.36024683202237 -34.61736463091219, -58.3598441367458 -34.617326754406704)"
13392,CHILE,Ciclovías mano única,1,Monserrat,133.16,"LINESTRING (-58.37598002524768 -34.61621907569986, -58.376158468950635 -34.61622955553513, -58.377266875328516 -34.61628477953759, -58.3774292231301 -34.61629228837867)"
30096,"ALSINA, ADOLFO",Ciclovías mano única,1,Monserrat,40.97,"LINESTRING (-58.38100271937791 -34.61076053797962, -58.38144696375261 -34.61079875429414)"
15507,VALLE,Ciclovías,6,Caballito,141.72,"LINESTRING (-58.428895832706566 -34.62378253854276, -58.430422938236575 -34.62397845490656)"
2521,"PEDRAZA, MANUELA",Ciclovías,12,Villa Urquiza,143.5,"LINESTRING (-58.49098734602185 -34.5644619324492, -58.491078703356 -34.564505574599835, -58.49224105948689 -34.56503087915621, -58.492355577831994 -34.565087824996034)"
15939,BOLIVAR,Ciclovías,1,San Telmo,128.23,"LINESTRING (-58.372673511325495 -34.62432267503446, -58.37266454952431 -34.62449492380563, -58.372626678311015 -34.62547793462713)"
9723,SUIPACHA,Ciclovías,1,San Nicolas,130.32,"LINESTRING (-58.379541136934776 -34.6024534272456, -58.37959699195719 -34.60127957488874)"
27627,"RIVADAVIA MARTIN, COMODORO",Ciclovías,13,Nuñez,108.1,"LINESTRING (-58.46336529040063 -34.54137062760331, -58.46349890288638 -34.54150883248673, -58.46353230617284 -34.54157793494052, -58.463554575271516 -34.54169310574901, -58.463604680460044 -34.54181288331899, -58.463693756418394 -34.54196490858373, -58.46377169802094 -34.542075472319304, -58.4638822078009 -34.54223363862168)"
5314,"FIGUEROA ALCORTA, PRES. AV.",Ciclovías,2,Recoleta,301.79,"LINESTRING (-58.39312555121629 -34.583013858687515, -58.395710497821234 -34.58180297157567, -58.395989198461876 -34.58167572889803)"
12361,"ALSINA, ADOLFO",Ciclovías,3,Balvanera,162.92,"LINESTRING (-58.40694412486228 -34.61250338738946, -58.40871574582447 -34.612610180217565)"
5737,DEL LIBERTADOR AV.,Ciclovías,2,Recoleta,70.5,"LINESTRING (-58.391005802901056 -34.58498660048687, -58.3917220211727 -34.5847563847413)"
8493,CORDOBA AV.,Ciclovías mano única,14,Palermo,153.97,"LINESTRING (-58.417265255489994 -34.59782510994273, -58.41746794485734 -34.59782018616162, -58.418943060511275 -34.59778875895814)"
15937,RINCON,Ciclovías,3,San Cristobal,106.99,"LINESTRING (-58.39474372972193 -34.62451428579634, -58.39462748238829 -34.62530906326214, -58.39460434683463 -34.62547179852175)"
8269,"ALVEAR, MARCELO T. DE",Ciclovías,1,Retiro,38.34,"LINESTRING (-58.381421068290734 -34.596688418087574, -58.38183645362527 -34.596726466918625)"
11531,"IRIGOYEN, BERNARDO DE",Ciclovías,1,Monserrat,66.89,"LINESTRING (-58.380685686031605 -34.6090019063979, -58.38065485236512 -34.609604358525466)"
24656,"RABANAL, FRANCISCO, INTENDENTE AV.",Ciclovías,4,Nueva Pompeya,176.93,"LINESTRING (-58.42149744867728 -34.65668002481587, -58.42200339397673 -34.65689498726514, -58.42305398650507 -34.657319284789565, -58.42322013379454 -34.657398424499505)"
9517,BILLINGHURST,Ciclovías,5,Almagro,111.43,"LINESTRING (-58.41531490134294 -34.601759771526126, -58.41513883975179 -34.60076595464438)"
5080,GRIVEO,Ciclovías,12,Villa Pueyrredon,129.69,"LINESTRING (-58.498089883898295 -34.58105657328229, -58.49821899758954 -34.581136256203926, -58.49922014995707 -34.5817585124208)"
14316,SENILLOSA,Ciclovías,6,Caballito,128.15,"LINESTRING (-58.429960769499 -34.618483545272, -58.42976326790262 -34.61944526359076, -58.429729378156985 -34.61962279165884)"
16366,RIGLOS,Ciclovías,6,Caballito,57.48,"LINESTRING (-58.43605234471473 -34.62652233590094, -58.435935890790326 -34.6270314704107)"
27375,"ROCA, CNEL. AV.",Ciclovías,8,Villa Riachuelo,104.38,"LINESTRING (-58.465312919721406 -34.693877853862006, -58.46607636769467 -34.69457614872392)"
11078,MONTEVIDEO,Ciclovías,1,San Nicolas,131.61,"LINESTRING (-58.38927081602548 -34.60781507711878, -58.3892766821964 -34.607731206266685, -58.389308153694735 -34.60672276047147, -58.38931087696526 -34.6066292396726)"
2668,11 DE SEPTIEMBRE DE 1888,Ciclovías,14,Palermo,126.26,"LINESTRING (-58.44472652720554 -34.56626975397394, -58.44552133103973 -34.565340768136515)"
5975,FOREST AV.,Ciclovías mano única,15,Chacarita,61.92,"LINESTRING (-58.45311105645246 -34.5861228183911, -58.453516340144596 -34.585676505548776)"
14366,"CALVO, CARLOS",Ciclovías,1,Constitucion,37.09,"LINESTRING (-58.381041666429574 -34.61975651006233, -58.38144604114449 -34.619754176400136)"
14842,TREINTA Y TRES ORIENTALES,Ciclovías,5,Almagro,132.9,"LINESTRING (-58.42415880943454 -34.62034592904788, -58.42404256528625 -34.62154006097125)"
616,SUPERI,Ciclovías,12,Saavedra,50.39,"LINESTRING (-58.48217569892056 -34.548626985893904, -58.482466184020566 -34.5482415792697)"
23966,"RODO, JOSE E.",Ciclovías,9,Mataderos,62.27,"LINESTRING (-58.498539064378804 -34.65390968637675, -58.49901782950275 -34.654307859545405)"
15699,MORON,Ciclovías,7,Flores,158.79,"LINESTRING (-58.47256315145059 -34.62417232467667, -58.47399753497604 -34.624561366734085, -58.47420872777842 -34.6246174754356)"
16786,"GONZALEZ, ELPIDIO",Ciclovías,10,Villa Luro,120.94,"LINESTRING (-58.50927394150482 -34.627655037722654, -58.51006799833423 -34.62836699707547, -58.510167555035174 -34.62845681898337)"
12161,DON BOSCO,Ciclovías,5,Almagro,126.4,"LINESTRING (-58.41401663116532 -34.61154960554737, -58.41533710490443 -34.61187562916196)"
722,"FREIRE, RAMON, CAP. GRAL.",Ciclovías,12,Saavedra,156.19,"LINESTRING (-58.477629826134454 -34.54948156811162, -58.478226433086995 -34.54927705513437, -58.47880270586305 -34.549130219255424, -58.47925166672131 -34.549081287019284)"
3802,ZAPATA,Ciclovías,14,Palermo,130.31,"LINESTRING (-58.439599345951905 -34.57450917518309, -58.44068609061159 -34.57375309878597)"
9595,CORRIENTES AV.,Ciclovías mano única,5,Almagro,27.86,"LINESTRING (-58.43189660979431 -34.60207967760541, -58.43220014722129 -34.60207186790503)"
