id,nombre,comuna,area_m2,clasificacion
1,Escuela Scalabrini Ortiz,13,1658.3738086282822,PLAZOLETA
2,Polideportivo Colegiales,13,4686.363924099199,PARQUE
3,,13,3747.2076525022253,PLAZOLETA
4,Plaza Rafael Hernández,13,559.0223647520776,PLAZA
5,Plaza Pques. Nacionales Argentinos,13,12170.747459362827,PLAZA
6,,14,135.92416220844004,PLAZOLETA
7,,14,47.482802376569715,PLAZOLETA
8,República De Montenegro,14,156.71310498583512,PLAZOLETA
9,Ing. G. Ave Lallemant,12,1948.3825743032546,CANTERO CENTRAL
10,,12,26.65378947873161,CANTERO CENTRAL
11,,12,98.94222303616006,PLAZOLETA
12,Paseo De La República Popular De China,12,1325.229920435445,CANTERO CENTRAL
13,,9,858.1127427792244,CANTERO CENTRAL
14,Irma Carrica,9,1126.4264311331222,CANTERO CENTRAL
15,Plaza Barrio Marcelo T De Alvear,9,36224.06433209898,PLAZA
16,Eloy Alfaro,14,36.357426333540744,PLAZOLETA
17,Tric Y Trake,15,96.00680484718623,CANTERO CENTRAL
18,Jorge N. Williams,11,1311.9139994057,PLAZOLETA
19,,7,94.88880374562166,CANTERO CENTRAL
20,Plaza Tupac Amarú,7,1964.6887491747004,PLAZA
21,,8,11260.450992761307,CANTERO CENTRAL
22,,8,2790.7934824036283,CANTERO CENTRAL
23,Martín Boneo Y Villalonga,9,2043.716547913638,CANTERO CENTRAL
24,,9,711.6742284471505,CANTERO CENTRAL
25,,7,1116.247824557111,CANTERO CENTRAL
26,,7,8173.102237134118,CANTERO CENTRAL
27,,8,5898.773317979097,CANTERO CENTRAL
28,Plaza Irlanda,6,37603.00460489184,PLAZA
29,,8,359.47125027114356,CANTERO CENTRAL
30,,8,332.490599788102,CANTERO CENTRAL
31,,8,1789.552810705995,CANTERO CENTRAL
32,,8,2519.956294195062,CANTERO CENTRAL
33,R. Raffo Bonta,11,78.98322087055377,PLAZOLETA
34,Paturuzú,15,101.04162958630403,CANTERO CENTRAL
35,De La Historieta,15,44.21779053318621,CANTERO CENTRAL
36,,8,2262.757636942522,CANTERO CENTRAL
37,,8,772.9797136216612,CANTERO CENTRAL
38,Paseo De Los Vecinos Destacados De Villa Lugano Comuna 8 - Bautista Mazzini,8,60.61287427704515,CANTERO CENTRAL
39,,8,592.8008944035857,PLAZOLETA
40,,8,3244.823239585114,CANTERO CENTRAL
41,,8,6845.484616014532,CANTERO CENTRAL
42,Estado De Kuwait,9,1578.240087827727,CANTERO CENTRAL
43,,9,232.95690168656083,CANTERO CENTRAL
44,,9,112.42139729927425,PLAZOLETA
45,,9,306.619980091371,CANTERO CENTRAL
46,,9,1418.330639638531,PLAZOLETA
47,,9,80.67313291986322,PLAZOLETA
48,,8,25.521296795232715,CANTERO CENTRAL
49,,8,151.39017359263724,CANTERO CENTRAL
50,,8,551.9727946109188,CANTERO CENTRAL
51,,8,1253.5726991365277,CANTERO CENTRAL
52,,8,1631.9813296774178,CANTERO CENTRAL
53,,8,460.9277302919618,CANTERO CENTRAL
54,,8,327.6913300926992,CANTERO CENTRAL
55,,8,109.3858270598245,CANTERO CENTRAL
56,,8,1042.6591372246214,CANTERO CENTRAL
57,,8,478.98557397471205,CANTERO CENTRAL
58,,8,3546.537495558734,CANTERO CENTRAL
59,,8,445.0747892749304,CANTERO CENTRAL
60,Plaza Alemania,14,24955.93333897485,PLAZA
61,,8,158.3891204885385,CANTERO CENTRAL
62,,8,1527.8711364237479,CANTERO CENTRAL
63,,8,280.10942356136417,CANTERO CENTRAL
64,,8,200.76298881151772,CANTERO CENTRAL
65,,8,173.49310993663607,CANTERO CENTRAL
66,,8,494.41942834439897,CANTERO CENTRAL
67,,8,441.1352001675964,CANTERO CENTRAL
68,,8,32.488600300076406,CANTERO CENTRAL
69,,8,137.39693321181574,CANTERO CENTRAL
70,Plaza Brig. Gral. J. M. Zapiola,12,5378.668755020476,PLAZA
71,,8,431.2205586065476,CANTERO CENTRAL
72,Paseo De Los Vecinos Destacados De Villa Lugano Comuna 8 - Amalia Celia Figueredo,8,140.72936156857529,CANTERO CENTRAL
73,Paseo De Los Vecinos Destacados De Villa Lugano Comuna 8 - Padre Mario Fabián Alsina,8,123.88593783461637,CANTERO CENTRAL
74,Paseo De Los Vecinos Destacados De Villa Lugano Comuna 8 - Gilda,8,86.58827188328719,CANTERO CENTRAL
75,Paseo De Los Vecinos Destacados De Villa Lugano Comuna 8 - Dr. José A. Almada,8,100.06457663303426,CANTERO CENTRAL
76,,8,334.5501533040792,CANTERO CENTRAL
77,,8,234.23830771332817,PLAZOLETA
78,,8,134.98803025937318,PLAZOLETA
79,Espacio Recreativo Leito,9,2813.9903696491283,PLAZOLETA
80,Eleodoro Marenco,9,2512.651572557014,PLAZOLETA
81,Irene Bernasconi,8,15574.540433852046,CANTERO CENTRAL
82,Mayor Bernardo Alberte,8,23523.580052327816,CANTERO CENTRAL
83,Atahualpa Yupanqui,8,21638.279567450616,CANTERO CENTRAL
84,,8,0.084215114327382,CANTERO CENTRAL
85,,8,100.92578829649116,CANTERO CENTRAL
86,,8,95.57875187319564,CANTERO CENTRAL
87,,8,3.239390249845959,CANTERO CENTRAL
88,,8,0.810854684941156,CANTERO CENTRAL
89,Armando Tejada Gómez,8,19564.634780973414,CANTERO CENTRAL
90,,8,50.20217468152706,PLAZOLETA
91,,8,42.20923956951197,PLAZOLETA
92,,4,349.97183870989915,CANTERO CENTRAL
93,Máximo Mena,4,4434.745785436196,CANTERO CENTRAL
94,Islas Canarias,4,4919.950976062972,CANTERO CENTRAL
95,,8,77.21351936013565,CANTERO CENTRAL
96,Ing. Agr. Benito J. Carrasco,14,70716.69421384232,PARQUE
97,,15,308.8339606730571,PLAZOLETA
98,,8,1430.9971695968084,CANTERO CENTRAL
99,,8,4574.4931151084575,PLAZOLETA
100,,8,181.86195391376316,PLAZOLETA
101,Cesáreo Onzari,7,1265.2292938950563,CANTERO CENTRAL
102,,8,75.41649667517767,CANTERO CENTRAL
103,,7,2613.2676661334226,CANTERO CENTRAL
104,,8,1147.197432449196,CANTERO CENTRAL
105,,8,16.18721701651362,CANTERO CENTRAL
106,,7,977.335557305969,PLAZOLETA
107,Parque Brig. Gral. Cornelio Saavedra,12,96070.01479020756,PARQUE
108,,8,1427.835077486598,CANTERO CENTRAL
109,,8,14.980821848446096,CANTERO CENTRAL
110,,8,727.6862969029178,PLAZOLETA
111,Plaza De La Integración Latinoamericana,7,2296.088024589888,PLAZA
112,,4,446.44069065651564,CANTERO CENTRAL
113,Plaza Dr. Juan B Terán,10,15431.770703632706,PLAZA
114,Parque Florentino Ameghino,4,35580.67069664748,PARQUE
115,,4,278.0504467252226,CANTERO CENTRAL
116,,4,227.8454566559899,CANTERO CENTRAL
117,Patio Félix Liceaga,7,1304.095781083137,PLAZOLETA
118,,6,114.6172044054194,CANTERO CENTRAL
119,,6,73.31617415852739,CANTERO CENTRAL
120,,6,49.68114535552082,CANTERO CENTRAL
121,,6,55.02234056630298,CANTERO CENTRAL
122,,6,417.0106637714432,CANTERO CENTRAL
123,,6,429.13281482216075,CANTERO CENTRAL
124,,6,214.62887068161024,CANTERO CENTRAL
125,,6,683.7677995838237,CANTERO CENTRAL
126,Delia Avilés De Elizalde,3,586.8482734373417,PLAZOLETA
127,Matilde Vara De Anguita,3,801.1934418563072,PLAZOLETA
128,Plaza Nuestra Señora De La Asunción,11,3670.419312165801,PLAZA
129,Elsa Rabinovich De Levenson,3,629.4360339623701,PLAZOLETA
130,Hermanas Mirabal,4,689.0776022630844,CANTERO CENTRAL
131,Plazoleta Clubes Del Barrio,4,1771.6574266269513,PLAZOLETA
132,Oscar Natalio “Ringo“ Bonavena,4,1964.3287912999208,CANTERO CENTRAL
133,Plazoleta Padre Mario Luis Migone,4,712.5821938602274,PLAZOLETA
134,,14,133.87858837358004,PLAZOLETA
135,Plazoleta Simón Lazara,5,123.37847728538063,PLAZOLETA
136,,1,694.6824283851512,PLAZOLETA
137,,1,434.04816164212355,CANTERO CENTRAL
138,Plaza J. J. Paso,13,4786.871212767716,PLAZA
139,,1,600.456476752415,CANTERO CENTRAL
140,,2,241.89144189766301,CANTERO CENTRAL
141,,1,427.3105999207372,CANTERO CENTRAL
142,,1,164.27052015283886,CANTERO CENTRAL
143,Belisario Roldán,10,1457.727862446344,PLAZOLETA
144,,1,444.17610172294974,CANTERO CENTRAL
145,,1,258.31576275008626,CANTERO CENTRAL
146,,1,196.47900600972628,CANTERO CENTRAL
147,,1,138.81008990378155,CANTERO CENTRAL
148,,1,420.37619336096947,CANTERO CENTRAL
149,,1,384.43979084570105,CANTERO CENTRAL
150,,1,162.33559423131902,CANTERO CENTRAL
151,,1,143.61512153391834,CANTERO CENTRAL
152,,1,128.70187546587528,CANTERO CENTRAL
153,,1,204.71706245133862,CANTERO CENTRAL
154,Cap. Domingo A. Millan,12,93.72626356228206,PLAZOLETA
155,Plaza De La Misericordia,7,5647.261933073007,PLAZA
156,Eladia Blázquez,1,590.2816306104178,CANTERO CENTRAL
157,,1,1391.9267547644786,CANTERO CENTRAL
158,,1,704.7859700558605,CANTERO CENTRAL
159,,1,709.8971597878032,CANTERO CENTRAL
160,Libertad Lamarque,1,1336.843920889553,CANTERO CENTRAL
161,,1,2505.1048411412958,CANTERO CENTRAL
162,,1,430.0495274324944,CANTERO CENTRAL
163,,1,557.278801777514,CANTERO CENTRAL
164,,1,403.14353368465686,CANTERO CENTRAL
165,Plaza Reina De Holanda,1,1998.4246213725385,PLAZA
166,,9,884.5988208786234,CANTERO CENTRAL
167,,9,185.20388717624607,PLAZOLETA
168,"Ernesto ""Che"" Guevara",4,13348.2518787902,CANTERO CENTRAL
169,,8,8437.493076004666,CANTERO CENTRAL
170,Dr. Avelino Gutiérrez,7,170.38952484444633,PLAZOLETA
171,,8,1066.728983463469,CANTERO CENTRAL
172,,8,2276.2226455025293,CANTERO CENTRAL
173,,8,1881.0208090593228,CANTERO CENTRAL
174,Plaza Aristóbulo Del Valle,11,7916.725046266489,PLAZA
175,"Plaza De Las Armas ""Ejército Argentino""",1,12024.72841425104,PLAZA
176,Plaza Mons. Miguel De Andrea,2,5868.030032751955,PLAZA
177,,8,6674.081964371527,CANTERO CENTRAL
178,,1,340.7407552323523,CANTERO CENTRAL
179,,1,686.6970260688472,CANTERO CENTRAL
180,Plaza Jorge Di Pascuale,9,10409.903140343322,PLAZA
181,,1,209.88186245219833,CANTERO CENTRAL
182,,8,2376.3908603822174,CANTERO CENTRAL
183,,8,564.3090359602012,CANTERO CENTRAL
184,,8,1162.819978543045,CANTERO CENTRAL
185,,8,3910.5875603770332,CANTERO CENTRAL
186,Plaza Dr. Benjamín A. Gould,14,41826.471130322854,PLAZA
187,,8,684.9742116922406,CANTERO CENTRAL
188,,7,209.01510417762316,CANTERO CENTRAL
189,,7,564.2398151682243,CANTERO CENTRAL
190,,7,351.4481365886497,CANTERO CENTRAL
191,,7,411.5965982047075,CANTERO CENTRAL
192,,7,203.90217308998245,CANTERO CENTRAL
193,,7,252.6287377516673,CANTERO CENTRAL
194,,8,1192.6354554052577,CANTERO CENTRAL
195,,8,3408.517130020002,CANTERO CENTRAL
196,,8,782.1630227884584,CANTERO CENTRAL
197,,8,164.5315603109521,CANTERO CENTRAL
198,Plaza Canadá,1,10358.491543344535,PLAZA
199,Almte. Guillermo Brown,7,71317.32549113689,PARQUE
200,,8,2688.141487971337,CANTERO CENTRAL
201,,8,510.9062627394399,CANTERO CENTRAL
202,,8,144.604946731549,CANTERO CENTRAL
203,,8,1109.5179881286504,CANTERO CENTRAL
204,,9,284.99096143330183,CANTERO CENTRAL
205,,9,186.83060010788338,CANTERO CENTRAL
206,,9,71.10218678241895,CANTERO CENTRAL
207,,9,221.06377937235575,CANTERO CENTRAL
208,,8,7775.857187100035,CANTERO CENTRAL
209,Mariano Saavedra,8,832.2235631393363,PLAZOLETA
210,Plaza Marcos Sastre,12,1964.6418671023491,PLAZA
211,,8,774.0227127147722,CANTERO CENTRAL
212,,11,317.3054586578047,CANTERO CENTRAL
213,,11,296.331964735288,CANTERO CENTRAL
214,,8,68.74052897632048,CANTERO CENTRAL
215,,8,1153.1186266713046,CANTERO CENTRAL
216,,8,14.083760986150045,CANTERO CENTRAL
217,,8,3747.6308367455117,CANTERO CENTRAL
218,Diputada Emar Acosta,9,1474.4252896709859,CANTERO CENTRAL
219,Francisco Gil,4,1861.418137068891,CANTERO CENTRAL
220,Guillermo Facio Hebequer,4,1192.4149092298735,PLAZOLETA
221,Norberto Tucho Méndez,4,1587.318247427983,CANTERO CENTRAL
222,,1,152.76114192619298,CANTERO CENTRAL
223,,1,376.0467901231949,CANTERO CENTRAL
224,Plaza Ciudad De Udine,10,3375.2795693144453,PLAZA
225,,1,194.23059377750405,CANTERO CENTRAL
226,,1,164.38590175099526,CANTERO CENTRAL
227,,1,186.1865205180493,CANTERO CENTRAL
228,,1,215.73629151338253,CANTERO CENTRAL
229,Cap. Vicente A. Almonacid,12,321.544774712028,PLAZOLETA
230,,9,855.441915174418,CANTERO CENTRAL
231,,9,803.4590602746754,CANTERO CENTRAL
232,Plazoleta Del Kiosco De La Floresta,10,873.2294543765443,PLAZOLETA
233,Plaza Dr. Bernardo A. Houssay,2,7223.335202659293,PLAZA
234,Plaza Miserere,3,5839.6416937231415,PLAZA
235,,8,462.22942513622644,CANTERO CENTRAL
236,,8,44.529227047963865,CANTERO CENTRAL
237,,14,9884.510946012993,JARDÍN
238,,7,138.41554546753238,PLAZOLETA
239,,9,130.75788450068757,PLAZOLETA
240,Parque La Isla De La Paternal,15,78244.22940748312,PARQUE
241,Ramona Gastiazoro De Brontes,3,624.7271200453572,PLAZOLETA
242,,15,526.4299722230959,CANTERO CENTRAL
243,Plaza De Los Viveros,8,4552.0384439104,PLAZA
244,Plaza Rubén Darío,2,37089.594186936796,PLAZA
245,Plazoleta Carlos Gardel,7,129.53901331808686,PLAZOLETA
246,,4,222.29008373370246,CANTERO CENTRAL
247,,4,334.9820912317316,CANTERO CENTRAL
248,,10,7463.900432507984,JARDÍN
249,,9,152.30666448334725,PLAZOLETA
250,Juana Manso,1,1995.530704047102,CANTERO CENTRAL
251,,8,3857.993261356919,CANTERO CENTRAL
252,,8,77.22284403505485,CANTERO CENTRAL
253,,8,1344.5442605436865,CANTERO CENTRAL
254,,12,32.3781632278083,CANTERO CENTRAL
255,,12,98.33167743774726,CANTERO CENTRAL
256,,9,2103.677716832233,CANTERO CENTRAL
257,,9,20.142981671905233,CANTERO CENTRAL
258,,9,295.19363676588983,CANTERO CENTRAL
259,,11,231.21346234314925,PATIO RECREATIVO
260,,8,770.0034925824159,CANTERO CENTRAL
261,M. Teresa Alberletche,4,204.55710989989808,PLAZA
262,,8,378.38155524347087,CANTERO CENTRAL
263,Plaza Hugo Ricardo Corradi,10,1105.4846493677242,PLAZA
264,,8,7153.193305659102,CANTERO CENTRAL
265,,8,11032.039917575257,CANTERO CENTRAL
266,,8,3576.46795711516,CANTERO CENTRAL
267,,8,5805.993955830096,CANTERO CENTRAL
268,,8,326.1590513189865,CANTERO CENTRAL
269,,8,1687.6293670122232,CANTERO CENTRAL
270,Plaza Francisco Sicardi,7,7625.05988430205,PLAZA
271,,8,1427.992118449226,CANTERO CENTRAL
272,,8,1510.1815508818413,CANTERO CENTRAL
273,,8,12511.115935512895,CANTERO CENTRAL
274,,8,324.89173729001647,CANTERO CENTRAL
275,,8,5347.8201620431755,CANTERO CENTRAL
276,,8,27447.69612145098,CANTERO CENTRAL
277,,8,5674.369866757698,CANTERO CENTRAL
278,,15,233.76549172404816,CANTERO CENTRAL
279,,8,3178.7368601214407,CANTERO CENTRAL
280,,8,3637.0073443625697,CANTERO CENTRAL
281,,8,6563.276722092688,CANTERO CENTRAL
282,Alberto Lagos,2,313.31968945654904,PLAZOLETA
283,,8,8636.742137523774,CANTERO CENTRAL
284,,8,82.37344757379923,CANTERO CENTRAL
285,,8,42.9986188826883,CANTERO CENTRAL
286,,8,85.32895590495964,CANTERO CENTRAL
287,,8,54.46284879194076,CANTERO CENTRAL
288,,8,8806.080289946998,CANTERO CENTRAL
289,,8,11007.6704756815,CANTERO CENTRAL
290,,8,3121.5142717372255,CANTERO CENTRAL
291,,8,9659.819949309198,CANTERO CENTRAL
292,,8,9049.078188389438,CANTERO CENTRAL
293,,8,1417.004850510402,CANTERO CENTRAL
294,,8,473.4304479747773,CANTERO CENTRAL
295,,8,138.00558024780318,CANTERO CENTRAL
296,,8,145.6524004417414,CANTERO CENTRAL
297,Plazoleta Los Amigos,10,546.5649798087076,PLAZOLETA
298,Plaza Martín Fierro,3,9517.632298028124,PLAZA
299,,8,10167.264782447792,CANTERO CENTRAL
300,,8,14685.799717199174,CANTERO CENTRAL
301,,8,15611.777937542314,CANTERO CENTRAL
302,,9,1998.0757042248285,CANTERO CENTRAL
303,,8,1350.506401742229,CANTERO CENTRAL
304,,8,247.17575052363793,CANTERO CENTRAL
305,,9,11707.217696285663,CANTERO CENTRAL
306,,8,13228.944669081437,CANTERO CENTRAL
307,,8,236.57141362972652,CANTERO CENTRAL
308,,8,111.88879649283393,CANTERO CENTRAL
309,,8,112.09385679793021,CANTERO CENTRAL
310,,9,157.88702802798554,CANTERO CENTRAL
311,,9,107.80817879342311,CANTERO CENTRAL
312,,8,125.92531397979685,CANTERO CENTRAL
313,,8,98.08192766002392,CANTERO CENTRAL
314,,9,20949.651998229874,CANTERO CENTRAL
315,,9,20355.49084131499,CANTERO CENTRAL
316,Plaza Club Alemán De Equitación - Pque. Olímpico (No Oficial),14,84387.49418437498,PLAZA
317,Plazoleta Paseo De La Vecindad,15,91.0838834688654,PLAZOLETA
318,,7,124.46931331499627,PLAZOLETA
319,Jardin De Los Maestros,2,1352.6517411558448,JARDÍN
320,Guillermo Barbieri,14,4023.095658152122,CANTERO CENTRAL
321,Plaza De Los Olmos,13,5433.88116763379,PLAZA
322,Plazoleta Skanderberg (Jorge Castriota) - De Los Milagros,8,1060.2294031935953,PLAZOLETA
323,Plaza Libres Del Sud,2,15786.800881499059,PLAZA
324,Francisco Pracánico,1,5440.572558762314,CANTERO CENTRAL
325,,1,12899.247877924892,PLAZOLETA
326,Plaza V. López Y Planes,2,10707.720640574094,PLAZA
327,Plaza Int. Torcuato De Alvear,2,19076.485672937557,PLAZA
328,Dr. I. Ruiz Moreno,1,385.2861171801199,CANTERO CENTRAL
329,Pcia. De Neuquén,1,1758.5683232762938,CANTERO CENTRAL
330,Pcia. De Rio Negro,1,2422.636334276566,CANTERO CENTRAL
331,Pcia. De Salta,1,1091.9090181567458,CANTERO CENTRAL
332,Rodolfo Ortega Peña,1,1513.7677194533528,CANTERO CENTRAL
333,Paquita Bernardo,1,687.7878874601749,PLAZOLETA
334,Pierre De Coubertin,1,802.8203395362327,PLAZOLETA
335,Plazoleta Soldi,1,649.2034503773292,PLAZOLETA
336,,12,605.4148821264612,CANTERO CENTRAL
337,,12,406.1451237788716,CANTERO CENTRAL
338,,12,663.8946857967147,CANTERO CENTRAL
339,,12,363.09530331746873,CANTERO CENTRAL
340,,12,282.2463806213591,CANTERO CENTRAL
341,Plaza Anna Eleanor Roosevelt,12,2974.679988846335,PLAZA
342,Cantero Central Anna Eleanor Roosevelt,12,237.46897834101185,CANTERO CENTRAL
343,,2,10.058266357203447,PARQUE
344,Plaza Beatriz Guido,1,1340.395160954994,PLAZA
345,Plaza Madres Del Pañuelo Blanco,12,2332.7318397820322,PLAZA
346,,12,574.3359725393433,CANTERO CENTRAL
347,,12,269.5041988867813,CANTERO CENTRAL
348,Plazoleta Daniel Hernán García,12,2264.755571159852,PLAZOLETA
349,Plazoleta República Argelina Democrática Y Popular,12,609.1092072602805,PLAZOLETA
350,,12,610.5359865349712,PLAZOLETA
351,Cantero Central República Socialista De Vietnam,12,352.6509075675893,CANTERO CENTRAL
352,Plazoleta Eslovaquia,12,3953.94619165628,PLAZOLETA
353,Plazoleta Salvador Allende,12,4868.220790143126,PLAZOLETA
354,,12,370.57810235390025,CANTERO CENTRAL
355,Plaza Fuerza Aérea Argentina,1,12688.682686483262,PLAZA
356,Plaza La Vuelta De Obligado,4,58047.887959305524,PLAZA
357,Villa Santa Rita,11,17.900051860005526,PLAZOLETA
358,Leonardo Pereyra,4,39739.884605193365,PARQUE
359,Plaza República Del Paraguay,2,2060.906807115396,PLAZA
360,Plazoleta De Todos,12,4221.9921241540305,PLAZOLETA
361,Plazoleta Doña Petrona C. De Gandulfo,12,5636.476690398737,PLAZOLETA
362,Plazoleta República Checa,12,2343.171185836766,PLAZOLETA
363,Plazoleta Ricardo Carpani,12,627.518118333401,PLAZOLETA
364,Plazoleta Mencía Calderón,12,3573.5546313800596,PLAZOLETA
365,Cantero Central Doña Petrona C. De Gandulfo,12,559.6222207416902,CANTERO CENTRAL
366,Cantero Central Rabino Marshall Meyer,12,538.2120135650337,CANTERO CENTRAL
367,Plazoleta Rabino Marshall Meyer,12,6007.346574118777,PLAZOLETA
368,Hidroavión Buenos Aires,14,1416.3266130988495,CANTERO CENTRAL
369,Cantero Central Eslovaquia,12,353.99468224914995,CANTERO CENTRAL
370,Cantero Central Hungría,12,630.9547974818407,CANTERO CENTRAL
371,,12,201.32057830125692,CANTERO CENTRAL
372,,13,11075.834252357943,PLAZOLETA
373,,13,3124.505823214469,PLAZOLETA
374,,15,471.46909913600587,PLAZOLETA
375,Plazoleta Nuestra Señora De La Patria,15,12.90303376222499,PLAZOLETA
376,,15,1151.7277466302085,PLAZOLETA
377,Plazoleta 28 De Junio De 1645,15,510.00059006333163,PLAZOLETA
378,,15,133.8838662452863,PLAZOLETA
379,,12,4225.1437682510505,PLAZOLETA
380,,12,66.75056983014892,PLAZOLETA
381,,12,532.9592785643902,PLAZOLETA
382,,12,77.64875626097567,PLAZOLETA
383,,11,848.2880966821244,PLAZOLETA
384,,11,182.05936100826062,PLAZOLETA
385,,10,3746.380205880258,JARDÍN
386,,10,2851.2218065053307,JARDÍN
387,,8,523.2652478601542,CANTERO CENTRAL
388,,8,2044.5960001900621,CANTERO CENTRAL
389,Plaza De Los Niños - Dr. Carlos Gianatonio,12,8167.642493099456,PLAZA
390,Plaza República De Chile,14,25501.070788374265,PLAZA
391,,9,245.4565843799055,PLAZOLETA
392,Plaza De Isidora,9,2687.9845654972555,PLAZA
393,Dr. César M. Polledo,1,103.85818105507927,PLAZOLETA
394,,8,1843.2856715766288,CANTERO CENTRAL
395,,8,171.48714956011008,CANTERO CENTRAL
396,,8,37.57546366095858,CANTERO CENTRAL
397,,8,235.1365346014842,PLAZOLETA
398,,8,435.9496945866339,PLAZOLETA
399,,8,9.974799392327263,CANTERO CENTRAL
400,,8,35.00650934716165,CANTERO CENTRAL
401,,8,51.49673742567636,CANTERO CENTRAL
402,,8,432.62639031474555,CANTERO CENTRAL
403,,7,321.7097504450115,CANTERO CENTRAL
404,,7,230.40334621741312,CANTERO CENTRAL
405,,2,600.6723878831099,PLAZOLETA
406,,2,1488.498263397004,CANTERO CENTRAL
407,,1,387.39201721608333,CANTERO CENTRAL
408,,1,447.38636080378063,CANTERO CENTRAL
409,,1,169.66244380522656,CANTERO CENTRAL
410,,1,374.9403522058638,CANTERO CENTRAL
411,,1,84.68619410966801,CANTERO CENTRAL
412,,1,1660.660514028028,CANTERO CENTRAL
413,,1,445.3969442366827,PLAZOLETA
414,,1,36.071292393663285,PLAZOLETA
415,,1,476.41702837303535,PLAZOLETA
416,,1,203.82880359576026,PLAZOLETA
417,,1,50.69196351146857,PLAZOLETA
418,Plazoleta Av Gendarmería - Barrio 31,1,2310.648854445062,PLAZOLETA
419,,1,768.9383034668157,CANTERO CENTRAL
420,,1,912.1601658096654,CANTERO CENTRAL
421,,1,837.0189009327655,CANTERO CENTRAL
422,,1,1872.9170083730567,PLAZOLETA
423,,1,1634.8918453858328,PLAZOLETA
424,,1,1088.2807829171777,PLAZOLETA
425,"Paseo De Los Vecinos Destacados De Villa Lugano Comuna 8 - José ""Pepe"" Libertella",8,139.24896205960647,CANTERO CENTRAL
426,,9,80.342935945923,PLAZOLETA
427,,8,301.6246608507401,CANTERO CENTRAL
428,,8,213.98545478992185,CANTERO CENTRAL
429,,8,801.1114353018917,CANTERO CENTRAL
430,,8,641.7547466288236,CANTERO CENTRAL
431,,8,769.9639173474649,CANTERO CENTRAL
432,Plaza Barrancas De Belgrano,13,21096.81193066511,PLAZA
433,,14,99.13053197925723,PLAZOLETA
434,,11,175.51953611546747,PLAZOLETA
435,Bomberos Volunt. De La Boca,4,377.5926265968028,PLAZOLETA
436,,4,620.9721691900633,PLAZOLETA
437,,4,33.3356101931226,PLAZOLETA
438,"Francisco ""Paco"" Urondo",1,22237.8520130187,CANTERO CENTRAL
439,Plaza Jamaica,15,647.7327150971913,PLAZA
440,,2,241.89144189766301,CANTERO CENTRAL
441,Plazoleta Raymundo Gleyzer,15,151.71584044584472,PLAZOLETA
442,,7,33.880600170431656,CANTERO CENTRAL
443,Saara Vaamonde,5,1651.791303025557,PLAZOLETA
444,Plaza De Las Américas,1,855.5441766371633,PLAZOLETA
445,,7,1115.5100581181664,PATIO RECREATIVO
446,Pzta Gral. Francisco Ramírez,13,2115.30339174287,PLAZOLETA
447,Plaza Don Bosco,10,8025.485395842972,PLAZA
448,Plaza Nicaragua,4,5442.012824762575,PLAZA
449,Plaza Monserrat,1,575.2393410748585,PLAZA
450,Agustín Magaldi,4,1220.163238657427,PLAZOLETA
451,Ciudad De Salamanca,4,1762.8066621826113,CANTERO CENTRAL
452,Plaza Güemes,14,1240.6223188380613,PLAZA
453,Chabuca Granda,2,740.0546961475104,CANTERO CENTRAL
454,Agustín Bardi,13,1063.6639059975405,PLAZOLETA
455,Plaza Venezuela,2,3035.157418919987,PLAZA
456,Tte. Gral. Eduardo Racedo,14,420.3264069680095,PLAZOLETA
457,Plaza Joaquín Sánchez,13,151.8265935144206,PLAZA
458,Gral. Riego Y R. Nuñez,14,275.7900015831194,PLAZOLETA
459,Plaza De Las Escuelas,8,2443.1838866403214,PLAZA
460,Plaza Ildefonso F. C. Martínez,12,1802.7047787201031,PLAZA
461,Brig. Gral. Manuel Oribe,13,217.7143827903489,PLAZOLETA
462,Brig. Gral. Enrique Martínez,14,1378.8638022422222,PLAZOLETA
463,Darwin Passaponti,12,2132.4582481903903,CANTERO CENTRAL
464,Gral. José A. Paez,14,12557.418399389107,PLAZOLETA
465,Plaza Dante,2,4608.359368772638,PLAZA
466,Plaza El Maestro,11,416.38793363842615,PLAZA
467,Plaza Presidente Juan Domingo Perón,1,5686.125038027683,PLAZA
468,Plaza Virrey Vértiz,4,8878.301729729554,PLAZA
469,Plaza De La Republica,1,3161.7935698868328,PLAZA
470,Ciro El Grande,1,50.70204689994563,CANTERO CENTRAL
471,Union Europea,1,854.9491973456026,CANTERO CENTRAL
472,Plaza De Cataluña,1,1607.5522056372486,PLAZA
473,Pcia. De Misiones,1,670.216264782921,CANTERO CENTRAL
474,Gral. Paz,10,1044349.3062628561,PLAZOLETA
475,Plazoleta Gustavo Cuchi Leguizamón,12,2129.329609668812,PLAZOLETA
476,Plazoleta Lino Enea Spilimbergo,12,3365.0403444304725,PLAZOLETA
477,Plazoleta Hungría,12,3966.917165400814,PLAZOLETA
478,,12,145.2240096116711,CANTERO CENTRAL
479,,12,1782.2504798162443,PLAZOLETA
480,,12,976.5763843928173,CANTERO CENTRAL
481,,12,393.6400300028199,CANTERO CENTRAL
482,Parque Presidente Sarmiento,12,460269.7832197756,PARQUE
483,Plaza Democracia,8,30374.37429414874,PLAZA
484,Ciudad Del Rock,8,504480.1598384356,PARQUE
485,,8,378.74217179266816,CANTERO CENTRAL
486,,1,559.961749029993,CANTERO CENTRAL
487,,9,100.13615998275228,PLAZOLETA
488,,4,388.42690861699043,PLAZOLETA
489,,1,1308.5192521068097,PLAZOLETA
490,,8,8589.793199585252,CANTERO CENTRAL
491,,13,54494.04393964373,JARDÍN
492,Plaza José Martí,7,3419.7198567490864,PLAZA
493,Plazoleta Patio Yerbal,10,745.0510434494214,PLAZOLETA
494,,13,345.45180527149745,PLAZOLETA
495,Plaza Esther Ballestrino De Careaga,3,147.75598046014025,PLAZA
496,Plaza Libertad,1,9713.802274412663,PLAZA
497,Ángela M. Aieta De Gullo,3,586.6890742437378,PLAZOLETA
498,Plaza Paseo Del Riachuelo,4,1864.6366182213517,PLAZA
499,Plaza Lola Mora,1,1137.9455376534172,PLAZA
500,Santa María De Los Buenos Aires,13,45.06002578215794,PLAZOLETA
501,Plaza Jardín De Esculturas,13,772.8132620528926,PLAZA
502,Plazoleta Falucho,14,370.4682965954691,PLAZOLETA
503,,12,226.01903630489596,CANTERO CENTRAL
504,,12,179.90449077297387,PLAZOLETA
505,,12,379.64360668528786,CANTERO CENTRAL
506,Matías Pipet,12,1776.7549675650139,CANTERO CENTRAL
507,,12,93.95607845343973,PLAZOLETA
508,,12,154.38084757321505,CANTERO CENTRAL
509,José María Rosa,12,192.18983683090013,CANTERO CENTRAL
510,,9,175.09784093014875,PLAZOLETA
511,Plazoleta Hnas. A. Domon Y L. Duquet,10,37.53013163324252,PLAZOLETA
512,,9,813.1478665021324,PLAZOLETA
513,Martín Boneo Y Villalonga (Denominación Propuesta),9,628.6151607678298,CANTERO CENTRAL
514,,9,583.3215190260686,CANTERO CENTRAL
515,,9,255.04861721023553,CANTERO CENTRAL
516,,7,165.3191177779264,PLAZOLETA
517,,7,1149.6752067273987,PLAZOLETA
518,,10,69.34324615816813,PLAZOLETA
519,José María Gatica,10,247.5048165580214,PLAZOLETA
520,Paseo Del Ballet Argentino (E/ Ladines Y Av Gral Paz),11,443.70174080624014,CANTERO CENTRAL
521,"Regimiento 10º De Caballería ""Husares De Pueyrredón""",11,234.009253790305,PLAZOLETA
522,,10,40.87845043391336,PLAZOLETA
523,,10,205.15010857374162,PLAZOLETA
524,,9,329.0693838466468,PLAZOLETA
525,,8,2525.7575444139743,CANTERO CENTRAL
526,,8,6763.454072933645,PLAZOLETA
527,,8,777.9463708541373,PLAZOLETA
528,Plazoleta Fray Pedro A. Cueli,8,60.93333821930009,PLAZOLETA
529,,9,6037.990671615181,PLAZOLETA
530,,9,1105.8364663408956,CANTERO CENTRAL
531,,9,459.102998160991,CANTERO CENTRAL
532,,9,13.239587223991144,PLAZOLETA
533,,9,469.2344195805787,CANTERO CENTRAL
534,,10,296.8524739263722,PLAZOLETA
535,Plaza Glorias Del Automovilismo Argentino,8,2000.5253227193473,PLAZA
536,,8,1458.6193213484341,CANTERO CENTRAL
537,,8,588.5939564734059,CANTERO CENTRAL
538,,8,870.7992069607315,CANTERO CENTRAL
539,Paseo De Los Vecinos Destacados De Villa Lugano Comuna 8 - David Goldenberg,8,137.50691717789687,CANTERO CENTRAL
540,Paseo De Los Vecinos Destacados De Villa Lugano Comuna 8 - Sabina Olmos,8,260.9740486601131,CANTERO CENTRAL
541,Paseo De Los Vecinos Destacados De Villa Lugano Comuna 8,8,140.98870509090585,CANTERO CENTRAL
542,,9,589.706616158824,CANTERO CENTRAL
543,,9,158.71374570498995,CANTERO CENTRAL
544,,9,107.17789558225545,PLAZA
545,Plazoleta De La Madre,9,171.6736355741402,PLAZOLETA
546,,8,2516.3484998582167,PATIO RECREATIVO
547,,7,345.68309555755656,CANTERO CENTRAL
548,,7,266.0328274822369,CANTERO CENTRAL
549,,7,333.50551814792686,CANTERO CENTRAL
550,,7,105.25959533984538,CANTERO CENTRAL
551,,4,662.6281491464704,CANTERO CENTRAL
552,,4,538.5984249977112,CANTERO CENTRAL
553,Plazoleta Rincón Verde Kasú Mapún,7,259.6852840662979,PLAZOLETA
554,,7,351.2364216512779,CANTERO CENTRAL
555,,8,307.86109602947477,CANTERO CENTRAL
556,,7,191.1803530995334,PLAZOLETA
557,,4,188.23190074257116,CANTERO CENTRAL
558,,4,281.00169470092067,CANTERO CENTRAL
559,,6,1.175898766984162,CANTERO CENTRAL
560,,6,52.39460443998823,CANTERO CENTRAL
561,Cnel. Pringles,4,653.8464397814323,PLAZOLETA
562,Eduardo Rovira,4,3068.5465035128186,PLAZOLETA
563,,4,787.5873730378095,CANTERO CENTRAL
564,Petronila Rodríguez,2,895.4921324711912,PLAZOLETA
565,,1,739.4139604483375,PLAZA
566,,1,593.7672005409377,PLAZOLETA
567,,1,197.85840179771262,CANTERO CENTRAL
568,,1,191.89498232145147,CANTERO CENTRAL
569,,1,4307.6488886807065,PLAZA
570,Espacio Membrillar,7,40.11664079381106,JARDÍN
571,,12,47.27546525883946,CANTERO CENTRAL
572,,9,608.3929306599665,CANTERO CENTRAL
573,,9,581.7684760921597,CANTERO CENTRAL
574,Dante A. Linyera,11,478.2702403420178,PLAZOLETA
575,,4,195.22775910485933,CANTERO CENTRAL
576,,12,13.506262962406568,CANTERO CENTRAL
577,,8,683.3920257112628,CANTERO CENTRAL
578,,7,855.6434660098007,CANTERO CENTRAL
579,,7,736.4909608468201,CANTERO CENTRAL
580,,8,1020.3172516146018,CANTERO CENTRAL
581,Paseo Del Ballet Argentino (E/ Griveo Y Ladines),11,546.6194918761405,CANTERO CENTRAL
582,,9,258.92239799388716,CANTERO CENTRAL
583,,9,398.2143382596426,CANTERO CENTRAL
584,,9,462.94183359982776,CANTERO CENTRAL
585,,9,447.95411630645975,CANTERO CENTRAL
586,,9,457.9180229708366,CANTERO CENTRAL
587,,9,472.49194828474896,CANTERO CENTRAL
588,,9,463.63825564215216,CANTERO CENTRAL
589,,9,470.12009904224766,CANTERO CENTRAL
590,,9,554.1411647068634,CANTERO CENTRAL
591,Plaza Del Lector,2,1251.6938133172425,PLAZA
592,Dr. Carlos Pellegrini,1,568.1457937253565,PLAZOLETA
593,,9,2606.1641389283227,CANTERO CENTRAL
594,,9,1163.933830510272,CANTERO CENTRAL
595,Julio J. Nelson,13,168.06138339200555,PLAZOLETA
596,,12,308.39428142436395,CANTERO CENTRAL
597,,9,842.7552290299218,JARDÍN
598,Plazoleta Dr. Salvador Mazza,11,164.6436176427881,PLAZOLETA
599,Plaza Villa Real,10,7593.446924857127,PLAZA
600,,7,4078.595347319722,PLAZOLETA
601,,10,15.426507457631036,PLAZOLETA
602,,13,49893.44280053294,JARDÍN
603,,9,30.16237293584311,PLAZOLETA
604,,7,1826.9619225945728,PLAZOLETA
605,Plaza Cnel. Dorrego,1,388.9220999211358,PLAZA
606,Azucena Maizani,1,223.54718017590002,PLAZOLETA
607,Plazoleta San Francisco / Héroes De Malvinas,1,17.667091837932976,PLAZOLETA
608,,4,624.1410577280463,CANTERO CENTRAL
609,,7,108.52944321372114,CANTERO CENTRAL
610,,8,1503.2811547457447,CANTERO CENTRAL
611,,4,296.33080930031645,CANTERO CENTRAL
612,,10,6644.920345120148,JARDÍN
613,Cnel. Jordán C. Wysocki,14,16181.275383096363,PLAZOLETA
614,Antonio A. Zinny,14,33.63680474044442,PLAZOLETA
615,,13,4292.989209256647,JARDÍN
616,Plazoleta Luna De Enfrente,14,128.1122142217946,PLAZOLETA
617,Plazoleta De San Telmo,1,8.663086632193352,PLAZOLETA
618,Plaza Quinquela Martín,4,206.71104898395131,PLAZA
619,,12,1160.9283231744662,PLAZOLETA
620,,7,147.59098232102824,PLAZOLETA
621,,9,110.50156357965392,PLAZOLETA
622,Plaza Paseo De La Paz,12,532.5978283176555,PLAZA
623,,9,305.9899122622583,PLAZOLETA
624,,4,632.0686449341758,JARDÍN
625,,9,2280.689818202369,JARDÍN
626,,9,1145.8102430717865,JARDÍN
627,,9,1288.2684113620319,JARDÍN
628,,11,22.922681106273888,PLAZOLETA
629,,7,297.95809075825366,PLAZOLETA
630,,7,251.5763303622338,PLAZOLETA
631,Plazoleta Del Buen Vecino,7,84.97820434188179,PLAZOLETA
632,,7,60.72751449009925,PLAZOLETA
633,,9,332.02443767784933,CANTERO CENTRAL
634,,9,451.8956872553266,CANTERO CENTRAL
635,,9,465.52241620931585,CANTERO CENTRAL
636,,9,171.72318875537533,CANTERO CENTRAL
637,,9,220.2884289879073,CANTERO CENTRAL
638,,9,607.6621791079211,CANTERO CENTRAL
639,Amigos De Las Artes,10,2683.6475627034124,PLAZOLETA
640,Tte. Gral. Adolfo A. Arana,10,362.07260563722633,PLAZOLETA
641,Plaza Primera Junta,6,141.77247298396844,PLAZA
642,Samuel Eichelbaum,12,232.68356525483796,CANTERO CENTRAL
643,Plazoleta Hércules,10,214.46999287468952,PLAZOLETA
644,,13,358.2640247383743,PLAZOLETA
645,,13,1914.9557349532806,PLAZOLETA
646,,4,193.9955893788564,PLAZOLETA
647,,8,592.7064964930784,PLAZOLETA
648,,8,227.50413197500723,CANTERO CENTRAL
649,,13,98.3932787252353,CANTERO CENTRAL
650,Plazoleta Zàrraga,13,365.70734195398484,PLAZOLETA
651,,7,238.1861837877417,JARDÍN
652,,8,324.43047993447607,CANTERO CENTRAL
653,Vicente Chas,15,24.857742894240694,PLAZOLETA
654,,9,1.540303681127788,CANTERO CENTRAL
655,,8,282.8396494943982,CANTERO CENTRAL
656,,8,480.96267313963335,CANTERO CENTRAL
657,,3,228.82305806379136,PLAZOLETA
658,Plazoleta Tbilisi,14,236.25657179803133,PATIO RECREATIVO
659,Patio Recreativo Paseo De Juegos La Victoria,10,1601.5160033451684,PATIO RECREATIVO
660,Balneario Norte,13,184690.39566521085,PARQUE SEMIPÚBLICO
661,Parque Centenario,6,71467.7306979733,PARQUE
662,Parque Chacabuco,7,125688.98423535576,PARQUE
663,Parque Patricios,4,78145.93441037979,PARQUE
664,Parque Avellaneda,9,306778.2108484842,PARQUE
665,Parque Los Andes,15,62338.96854904918,PARQUE
666,Plaza Int. Francisco Seeber,14,35805.58317890713,PLAZA
667,Plaza Arenales,11,23515.03438795712,PLAZA
668,Plaza De La Constitución,1,14397.920054638029,PLAZA
669,Plaza Primero De Mayo,3,7470.436258333919,PLAZA
670,Parque Lezama,1,45988.20623028754,PARQUE
671,Plaza Lavalle,1,25131.22390931045,PLAZA
672,Plaza San Martín,1,31635.49515456746,PLAZA
673,Plaza 25 De Mayo,1,8492.125425691782,PLAZA
674,Plaza Rodríguez Peña,2,8281.374173686496,PLAZA
675,Plaza Italia,14,2832.1304852961835,PLAZA
676,Plaza Pueyrredón,7,6786.843487759706,PLAZA
677,Plaza Francia,2,7382.641685412082,PLAZA
678,Plaza Matheu,4,4455.4505890262435,PLAZA
679,Plaza Alberti,13,6247.091205241133,PLAZA
680,Plaza Solis,4,5840.398749824379,PLAZA
681,Plaza Garay,1,9695.668513305409,PLAZA
682,Plaza Sudamérica,8,6908.716196975354,PLAZA
683,Balneario Sud,1,139383.32348984625,PARQUE
684,José E. Uriburu,4,24707.162796636632,PARQUE
685,Plaza 25 De Agosto,15,6659.916172243478,PLAZA
686,Plaza Vélez Sarsfield,10,8916.765608188605,PLAZA
687,Plaza Díaz Vélez,4,2222.023601122126,PLAZA
688,Plaza Echeverría,12,4351.486077366189,PLAZA
689,Plaza Castelli,13,6446.880141546526,PLAZA
690,Plaza Gral. Benito Nazar,15,4468.577647443391,PLAZA
691,Plaza Padre L. Massa,5,2856.8665003867695,PLAZA
692,Plaza Ing. Estévez,9,12104.799369549368,PLAZA
693,Plaza Brown,4,4943.56793128719,PLAZA
694,"Plaza 24 De Septiembre, Batalla De Tucumán",15,2494.541237609634,PLAZA
695,Plazoleta 17 De Mayo,9,1220.372329434803,PLAZOLETA
696,Plaza Del Congreso,1,2468.7571235347255,PLAZA
697,Plaza Dr. J. M. Velasco Ibarra,3,4177.358516008391,PLAZA
698,Plazoleta De Los Molfetteses,4,2189.194817842391,PLAZOLETA
699,Plaza Cnel. Martín Irigoyen,9,4151.011092611757,PLAZA
700,Plaza Rufino De Elizalde,14,3048.179403416591,PLAZA
701,Plaza Noruega,13,2158.5959995591857,PLAZA
702,Francisco A. Rizzuto,14,199.32824014203584,PLAZOLETA
703,Plaza República Federativa Del Brasil,2,3488.399668705773,PLAZA
704,Paseo De Las Américas,13,67877.43716513211,PARQUE
705,Paseo Arzoumanian,14,2016.322442945856,CANTERO CENTRAL
706,Plaza Padre M. Champagnat,4,6033.605202093642,PLAZA
707,Plaza República Del Ecuador,14,44484.42891031496,PLAZA
708,Plazoleta Suipacha,1,367.57502285873215,PLAZOLETA
709,Parque Padre Carlos Mugica,12,43838.572158053095,PARQUE
710,Paseo De La Recoleta,2,375.56328869635263,PLAZOLETA
711,Plaza Cecilia Grierson,1,1595.9595252320362,PLAZA
712,Plaza Lorea,1,1088.4637178731987,PLAZA
713,Miguel Abuelo,14,883.6709716784538,PLAZOLETA
714,Plazoleta Latino Americana,9,513.1794527810844,PLAZOLETA
715,Plazoleta Martiniana Olivera De Levy Y Daniel Levy (Denominación Propuesta),4,276.2346808262229,PLAZOLETA
716,Plaza Balcarce,13,4234.663656699911,PLAZA
717,Plaza Leandro N. Alem,12,5385.906283059951,PLAZA
718,Plaza Mitre,2,7366.6580522205695,PLAZA
719,Plazoleta Haroldo Conti,1,23261.270771585274,PLAZOLETA
720,M. A. De Paz Y Figueroa,1,10004.540288193923,CANTERO CENTRAL
721,Plaza Herrera,4,4957.983193559161,PLAZA
722,"Pcia. De Tierra Del Fuego, Ant. E Is. Del Atlant. Sur",1,2862.771937301339,CANTERO CENTRAL
723,Paloma Efron,1,387.70486295915856,PLAZOLETA
724,Pcia. De La Pampa,1,2024.4655429075056,CANTERO CENTRAL
725,Pcia. De La Rioja,1,2525.6472614454156,CANTERO CENTRAL
726,Parque Gral. Paz,12,77345.46472184011,PARQUE
727,Paseo Pcias. Argentinas,1,392.83135043069456,CANTERO CENTRAL
728,Osmar Maderna,4,474.9621289875646,CANTERO CENTRAL
729,Parque De Los Niños,13,264775.6153844673,PARQUE
730,Paseo República De Filipinas,13,5257.035788771701,JARDÍN
731,República De Croacia,14,5544.036476855765,PLAZOLETA
732,Parque Indoamericano,8,875443.8021359958,PARQUE
733,M. Sánchez De Thompson,1,3137.3617254859296,PLAZOLETA
734,Mauricio B. De Hirsch,15,85.02222518778359,PLAZOLETA
735,Enrique M. Francini,14,6113.4353900796705,PLAZOLETA
736,Cnel. Juan F. Czetz,12,142.27121483652843,PLAZOLETA
737,Dr. Pedro Escudero,12,4124.485965060589,PLAZOLETA
738,Alfredo Le Pera,12,1570.9686495296482,PLAZOLETA
739,Plaza 1º De Marzo De 1948,12,7051.994685552715,PLAZA
740,Julio Sosa,12,70.70706971119856,PLAZOLETA
741,Plazoleta Curuzú-Cuatiá,12,169.64784723735497,PLAZOLETA
742,Plazoleta 8 De Marzo - Día Internacional De La Mujer,10,2181.3763071064836,PLAZOLETA
743,Lucio V. Mansilla - Paseo De Las Artes Latinoamericanas,11,329.0880941694804,CANTERO CENTRAL
744,Frida Kahlo - Paseo De Las Artes Latinoamericanas,11,338.86839404891634,CANTERO CENTRAL
745,Eduardo Mansilla - Paseo De Las Artes Latinoamericanas,11,301.75669964553845,CANTERO CENTRAL
746,Plaza De La Bandera,10,2153.815178708515,PLAZA
747,República Arabe Siria,11,176.81032090840375,PLAZOLETA
748,Plazoleta Líbano,11,127.36084954415189,PLAZOLETA
749,Federico G. Lorca,11,293.0085892358015,PLAZOLETA
750,María Ruanova - Paseo Del Ballet Argentino,11,539.5927762463896,CANTERO CENTRAL
751,Mons. Hermenegildo Fazio,11,114.49251502652882,PLAZOLETA
752,Antonio Berni - Paseo De Las Artes Latinoamericanas,11,709.9814544536249,CANTERO CENTRAL
753,Nicolás Guillén - Paseo De Las Artes Latinoamericanas,11,737.1039916024629,CANTERO CENTRAL
754,Alejo Carpentier - Paseo De Las Artes Latinoamericanas,11,756.1769445477019,CANTERO CENTRAL
755,Delmira Agustini - Paseo De Las Artes Latinoamericanas,11,501.3247425778932,CANTERO CENTRAL
756,Francisco Di Caro,11,342.9478070066638,PLAZOLETA
757,Elena Larroque De Roffo,11,1187.8911735219967,PLAZOLETA
758,Plazoleta Guillermo Divito,8,342.0686659583873,PLAZOLETA
759,Manuel C. Gómez,8,93.9501505870275,PLAZOLETA
760,Plazoleta El Resero,9,108.88777744425985,PLAZOLETA
761,Dr. Norberto Piñero,9,442.08670776182146,PLAZOLETA
762,Luis J. De Tejeda,9,991.0868369539606,PLAZOLETA
763,Beato Luis Guanella,9,251.20240038271714,PLAZOLETA
764,Giácomo Puccini,9,130.217909280821,PLAZOLETA
765,Padre L. Massa,7,173.977227859126,CANTERO CENTRAL
766,María T. De Weiss,8,2740.3535951256545,CANTERO CENTRAL
767,Juan Gálvez,8,2412.609188522885,CANTERO CENTRAL
768,E. Santos Discépolo,7,569.3108755154406,PLAZOLETA
769,Pedro Laurenz,4,36.931186017959234,PLAZOLETA
770,Dr. Enrique T. Susini,6,225.7742131892099,PLAZOLETA
771,Omar Torrijos,6,919.5634559467013,CANTERO CENTRAL
772,Elías Alippi,5,47.159068997053915,PLAZOLETA
773,Julián Centeya,4,68.47448629435218,PLAZOLETA
774,Evaristo Carriego,14,615.3641553547778,PLAZOLETA
775,Alejandro Petión,14,542.8191173041738,PLAZOLETA
776,Orencio P. Rodríguez,2,243.73104518817547,PLAZOLETA
777,Plazoleta Gelly Y Obes,2,69.12377830328012,PLAZOLETA
778,C. González Pecotche,2,102.17627648085742,PLAZOLETA
779,Plaza De La Defensa,1,157.21460069795808,PLAZA
780,Pedro M. Obligado,1,58.22171834540463,PLAZOLETA
781,Dr. Joaquín Zabala,1,858.7774067485432,PATIO RECREATIVO
782,Plazoleta Juan C. Castagnino,1,189.43955323414934,PLAZOLETA
783,Ing. Otto Krause,1,591.0684944095608,PLAZOLETA
784,Plazoleta Canciller M. A. Zavala Ortiz,1,48.88112154540116,PLAZOLETA
785,Brig. Gral. Tomás De Iriarte,2,1907.223725447808,PLAZOLETA
786,San Nicolás,1,731.2814970011402,PLAZOLETA
787,Del Tango,1,1316.958180234834,PLAZOLETA
788,Raquel Forner,1,3752.9795149248275,PARQUE
789,Plaza Fenia Chertkoff,1,751.966667427603,PLAZA
790,"Don Enrique ""El Navegante""",1,1788.8095242661736,PLAZOLETA
791,Ricardo J. Calichio,9,51.28613517230856,PLAZOLETA
792,Plazoleta Navarra,15,833.1398929972423,PLAZOLETA
793,Javier San Francisco,15,86.82066881928857,PLAZOLETA
794,Mcal. José Pildsudski,11,223.43248477435435,PLAZOLETA
795,Michel Borowsky - Paseo Del Ballet Argentino,11,507.5212325673047,CANTERO CENTRAL
796,Plazoleta Yugoslavia,9,3845.950124699132,PLAZOLETA
797,Plaza Guatemala,10,580.3979740821463,PLAZA
798,La Casa Del Angel,10,293.32180595836763,CANTERO CENTRAL
799,La Guerra Gaucha,10,339.18983776064084,CANTERO CENTRAL
800,Plaza Calabria,8,12820.611891171706,PLAZA
801,Plaza Alberdi,12,12474.028356247873,PLAZA
802,Carlos Gardel,10,263.1662753409167,PLAZOLETA
803,Carlos N. Vergara,4,10.67182252258347,PLAZOLETA
804,De La Lealtad,15,284.13290900134973,CANTERO CENTRAL
805,Ernesto Padilla,13,257.57306298408827,PLAZOLETA
806,Francisco Lomuto,12,20.864340690759587,PLAZOLETA
807,Francisco Fiorentino,12,27.25631868485811,PLAZOLETA
808,Dr. Ricardo Balbín,12,933.7556510145843,CANTERO CENTRAL
809,Homero Expósito,12,1339.6433093970907,CANTERO CENTRAL
810,Pascual Pérez,12,1179.864751735344,PLAZOLETA
811,Plazoleta Herminia C. Brumana,7,95.06505217466008,PLAZOLETA
812,Ricardo Gutiérrez,11,58.90373878198238,PLAZOLETA
813,Carlos Malagarriga,12,342.20447932884633,PLAZOLETA
814,República Democrática Del Congo,2,3686.3939147140313,CANTERO CENTRAL
815,Plazoleta Fernando Ghio,9,65.64648796363967,PLAZOLETA
816,Luna Pelagio,9,208.4131246690729,PLAZOLETA
817,"Dr. Alfredo, Rivas",3,244.42112910656442,PLAZOLETA
818,José Neglia - Paseo Del Ballet Argentino,11,428.6307242693549,CANTERO CENTRAL
819,Norma Fontenla - Paseo Del Ballet Argentino,11,416.4295995206293,CANTERO CENTRAL
820,Dora Del Grande - Paseo Del Ballet Argentino,11,546.8888765237306,CANTERO CENTRAL
821,Dr. Roberto Koch,15,133.19425522008677,PLAZOLETA
822,Plazoleta República Soc. De Vietnam,12,2873.5056188408225,PLAZOLETA
823,Plaza Mario A. Amaya,5,830.0823022096841,PLAZA
824,Plazoleta Celedonio E. Flores,15,313.54134757393405,PLAZOLETA
825,Leopoldo Torre Nilson,1,276.06938625129044,PLAZOLETA
826,Plaza Nicolás Granada,8,8481.837082326483,PLAZA
827,Plazoleta De Los Suspiros,4,44.8851006563918,PLAZOLETA
828,Roberto Firpo,13,1151.5948322831364,PLAZOLETA
829,Obispo Enrique Angelelli,4,8128.525279374441,PLAZA
830,Ana M. Shultz,7,2070.473105819372,CANTERO CENTRAL
831,Francisco Mura,7,2455.315422664224,CANTERO CENTRAL
832,Dr. José L. Romero,7,139.91330775172457,PLAZOLETA
833,Roberto J. Santoro,15,85.19726545672476,PLAZOLETA
834,Subcrio. Severino J. Cirigliano,15,96.69951647732248,PLAZOLETA
835,Pref. Naval Argentina,8,565.8166802551622,PLAZOLETA
836,Paseo De Versalles: Sector J. Amalfitani,10,5467.231985443057,CANTERO CENTRAL
837,Plazoleta Cid Campeador,6,395.36876950059826,PLAZOLETA
838,Plazoleta De Las Madres,3,74.28174213565075,PLAZOLETA
839,Elisa Brown,4,27.56024202595991,PLAZOLETA
840,Plazoleta Caras Y Caretas,8,609.9717628741163,PLAZOLETA
841,Manuel De Sarratea,11,138.46694869611244,PLAZOLETA
842,Plazoleta Nigeria,11,99.35117796957786,PLAZOLETA
843,Virginia Bolten,1,8439.16811423439,PARQUE
844,Aeronáutica Argentina,8,4307.122161196963,PLAZOLETA
845,Dr. Mariano R. Castex,14,221.19373257067758,PLAZOLETA
846,Dr. Rodolfo Erausquin,10,213.67491792434797,PLAZOLETA
847,Edgardo Donato,11,201.59290130186344,PLAZOLETA
848,León Fontova,10,305.6540140689369,PLAZOLETA
849,Antonio Cambiasso,11,29.525373325345956,PLAZOLETA
850,Plaza Dr. Vicente S. Lima,12,6001.42352083421,PLAZA
851,Plaza Bélgica,14,1169.8888646901974,PLAZA
852,Constancio C. Vigil,15,116.1863832759256,PLAZOLETA
853,Ricardo Llanes,9,448.12922125418766,CANTERO CENTRAL
854,Rosa Pavlosky,9,457.3400990828541,CANTERO CENTRAL
855,Julio Cruciani,9,438.2541475575175,CANTERO CENTRAL
856,José E. Agüero,10,8197.336535360777,PLAZOLETA
857,Ismael Chukri,8,119.1624036302261,PLAZOLETA
858,Vicente Bellini,10,418.69997230365675,PLAZOLETA
859,Paseo De La Victoria,5,396.4770489719064,PLAZOLETA
860,Ricardo Tanturi,1,20.816478609565653,PLAZOLETA
861,Rosita Quiroga,1,84.34977771928449,PLAZOLETA
862,Ciriaco Ortiz,1,1.376921075661597,PLAZOLETA
863,Mario Broggi,4,141.5516095217509,PLAZOLETA
864,Dr. Antonio Sáenz,4,227.06078118236698,PLAZOLETA
865,César Iglesias Paz,14,363.3184227308435,PLAZOLETA
866,África,12,834.1236759057645,CANTERO CENTRAL
867,Dip. Nac. Jorge M. Almada,12,999.9276717572429,CANTERO CENTRAL
868,Joaquín Campana,12,802.6950716768215,CANTERO CENTRAL
869,Carlos Sánchez Viamonte,12,744.2712580617865,CANTERO CENTRAL
870,Miguel C. Victorica,4,340.5749208375179,PLAZOLETA
871,María Ponce De Bianco,3,196.23399220238346,PLAZOLETA
872,Guillermo E. Hudson,14,10113.61653908265,JARDÍN
873,Plazoleta Santiago J. Chierico,9,303.1770350925837,PLAZOLETA
874,Plazoleta Tomás Di Taranto,9,223.67596172078854,PLAZOLETA
875,Juan C. Cobián,14,2194.8782199201773,PLAZOLETA
876,Villa De Las Catalinas,12,225.57567179410347,PLAZOLETA
877,Villa Ortúzar,15,193.83964312560113,PLAZOLETA
878,William C. Morris,14,622.3497290911913,PLAZOLETA
879,Juan Maffioli,4,62.35845087832522,PLAZOLETA
880,Mcal. Toribio De Luzuriaga,4,255.31187274047662,PLAZOLETA
881,Plazoleta Embajada De Israel - Plzta. En Memoria Del Atentado,1,182.08261840927378,PLAZOLETA
882,Paseo Dr. Luciano F. Molina,1,596.5298890010944,PASEO
883,,3,91.15551021087502,PLAZOLETA
884,Plaza M. Mujica Lainez,2,1211.7188032594977,PLAZA
885,Plaza Don Segundo Sombra - Brian Aguinaco,7,977.9223537231816,PLAZA
886,Plazoleta Las Nereidas,1,113.58866950085554,PLAZOLETA
887,Dr. C. A. Pueyrredón,14,40598.54885452007,PLAZOLETA
888,Plazoleta Del Arbol,2,133.8354969905417,PLAZOLETA
889,Plazoleta Sur,5,262.0263926696948,PLAZOLETA
890,Rodolfo Walsh,1,124.32196222399503,PLAZOLETA
891,Plazoleta Enrique Pichón Riviere,2,643.9907131524647,PLAZOLETA
892,Parque Thays,2,49023.113804303015,PARQUE
893,Bo. Gral. San Martín,12,73619.0836354991,JARDÍN
894,Parque Rivadavia,6,32836.2773962974,PARQUE
895,Parque Las Heras,14,60827.189884884974,PARQUE
896,Plaza El Salvador,13,36371.360395980344,PLAZA
897,Parque De La Raza (Aeroparque),14,649915.056519049,PARQUE SEMIPÚBLICO
898,Parque De Las Victorias,8,749475.9864215301,PARQUE
899,Dr. Juan B. Alberdi,9,26000.28831296479,PARQUE
900,Plaza Mariano Moreno,1,6524.046067483374,PLAZA
901,Plaza Martín Rodríguez,12,7248.256862344926,PLAZA
902,Plaza B. Vicuña Mackenna,12,3899.121081206682,PLAZA
903,Plaza Roma,1,6797.812720764001,PLAZA
904,Italo Masuelli,12,4824.9694131806555,PLAZOLETA
905,Parque Saint Tropez,13,75107.7169230922,PARQUE
906,Plaza De Los Periodistas,7,7624.133976332722,PLAZA
907,Plaza Tte. Gral. Pablo Ricchieri,11,10272.909868753199,PLAZA
908,Plazoleta Colombia,4,3097.473013203451,PLAZOLETA
909,Plaza Islas Malvinas,4,4200.179026655267,PLAZA
910,Plaza Dr. Onesimo Leguizamón,9,4778.442814433229,PLAZA
911,Monte Ararat,14,293.8655553775226,PLAZOLETA
912,Plaza Derechos Del Hombre,10,6446.780935889649,PLAZA
913,Plaza Unidad Latinoamericana,14,4839.069182284916,PLAZA
914,Plaza Almagro,5,7513.643876346517,PLAZA
915,Plaza Tte. Gral. Emilio Mitre,2,5734.357727991939,PLAZA
916,F. Lopez Torres,4,279.21985818449986,PLAZOLETA
917,Plaza R. González Tuñón,3,1193.4615103695326,PLAZA
918,Plaza Unidad Nacional,8,3805.0511003680394,PLAZA
919,Plaza Cap. D. Fidel Sarmiento,15,1155.409923428968,PLAZA
920,Plaza Dr. Alfredo Nobel,15,1447.6863020840576,PLAZA
921,Plaza Inmigrantes De Armenia,14,5760.999187683599,PLAZA
922,Plaza Exodo Jujeño,15,863.1580546557036,PLAZA
923,Plaza Félix Lima,13,4035.873761258991,PLAZA
924,Gral. A. J. Sucre,13,9100.476310091202,PLAZOLETA
925,Plaza Juan F. Salaberry,9,3201.128633459288,PLAZA
926,Plaza Alf José M. Sobral,14,2762.107453938733,PLAZA
927,Plaza Antonio Malaver,15,5589.801728183788,PLAZA
928,Plaza Dr. Amadeo Sabattini,6,2377.0096207452652,PLAZA
929,Roberto Noble,14,891.1852221866992,PLAZOLETA
930,Plaza Sarmiento,9,4321.726337061872,PLAZA
931,Plaza Rosario Vera Peñaloza,1,5301.2946839453025,PLAZA
932,Plaza De Los Mataderos,9,6913.816126385518,PLAZA
933,Plaza Ing. Félix Aguilar,13,12825.22924714943,PLAZA
934,San Miguel De Garicoits,13,4822.180588129936,PLAZA
935,Plazoleta Emilio Troncoso,8,1571.1891660266422,PLAZOLETA
936,Plazoleta Juvenilia,1,353.76953350713296,PLAZOLETA
937,Int. Joaquín S. De Anchorena,1,728.4619989236559,PLAZOLETA
938,Plaza Ramón G. Fernández,14,26280.353107754985,PLAZA
939,Plaza Domingo Olivera,9,3531.4263388430572,PLAZA
940,Francisco Canaro,3,923.985539683487,PATIO RECREATIVO
941,Plaza De Los Colegiales,13,5651.428612443908,PLAZA
942,Plaza Gral. Manuel Belgrano,13,4670.627705282186,PLAZA
943,Plaza Sgto. Cabral,9,2013.5598148162715,PLAZA
944,José Soldati,8,697.9905351777749,PLAZOLETA
945,Plaza Nueva Pompeya,4,444.27620022457404,PLAZA
946,Plaza Evita,2,10487.802813418482,PLAZA
947,Plaza Ejército De Los Andes,10,5548.473604922462,PLAZA
948,Plaza Mafalda,13,8199.379299798831,PLAZA
949,Parque Micaela Bastidas,1,55523.76519459333,PARQUE
950,Plaza Cnel. Ramón L. Falcón - Che Guevara,10,3900.6163447962094,PLAZA
951,Plaza San Martín (Anexo),1,3546.9742300063426,PLAZA
952,Plaza José C. Paz,4,12176.144669438352,PLAZA
953,Plaza Roberto Arlt,1,2470.3986747033514,PLAZA
954,Plazoleta Portugal,13,1437.9394801058759,PLAZOLETA
955,Alfonsina Storni,1,2999.8142166786324,PLAZOLETA
956,Nstra Sra. De Luján,4,1735.9696906321446,PLAZA
957,Plaza Mons. Fermín Lafitte,10,6860.536762868389,PLAZA
958,Plaza Dr. R. Sáenz Peña,11,8608.956204145712,PLAZA
959,Enrique Udaondo,2,1095.6153977414046,PLAZOLETA
960,Héctor Gagliardi,12,2773.8942461006163,PLAZOLETA
961,San Martín De Tours,2,6248.89811811252,PLAZA
962,Plaza Federación De Rusia,13,18682.566956959847,PLAZA
963,Crisólogo Larralde,6,1548.488624473113,PLAZOLETA
964,Aníbal Troilo,14,1432.0109821109215,CANTERO CENTRAL
965,Dr. Emir E. Mercader,14,251.29041984528413,PLAZOLETA
966,José Razzano,1,2408.940480416904,PLAZOLETA
967,Plaza República Del Perú,14,4721.781134430525,PLAZA
968,Justo Suárez,9,300.98669954236044,PLAZOLETA
969,Plaza República Oriental Del Uruguay,2,29689.638802659163,PLAZA
970,Julio Dimilta,4,572.6361256657971,PLAZOLETA
971,Plaza Grand Bourg,14,1283.7489120738626,PLAZA
972,Dr. Ricardo Finochietto,4,308.4899238149915,PLAZOLETA
973,Plaza Jorge L. Borges,2,1309.80749610796,PLAZA
974,Plaza Salvador M. Del Carril,1,3712.047497213128,PLAZA
975,Plaza Miguel Unamuno,4,1331.117369560437,PLAZA
976,Plaza Ciudad De Banff,10,11202.675513909871,PLAZA
977,Pque. Av. García Del Río,12,6514.272646361136,CANTERO CENTRAL
978,Gerardo M. Rodríguez,12,2498.565667498602,CANTERO CENTRAL
979,Pedro Mafia,1,1845.147632882,CANTERO CENTRAL
980,Plazoleta Colonia Esperanza,15,39.75251486936327,PLAZOLETA
981,Hipólito Bouchard,1,4146.459430499217,PLAZA
982,Helen Keller,4,1120.5021074939464,PLAZA
983,Dr. Genaro Giacobini,4,1074.3231331264897,PLAZOLETA
984,Lindor B. Sotomayor,11,355.82296096383936,PLAZOLETA
985,Paseo De La Chacarita De Los Colegiales,15,10432.140231152329,JARDÍN
986,Corto Maltés,15,131.41189616490072,CANTERO CENTRAL
987,Melchor P. De Holguín,4,598.6210799455255,PLAZOLETA
988,M. San Martín De Balcarce,11,580.6307035407182,PLAZOLETA
989,Ciudad De Pigüé,14,150.72818166750443,CANTERO CENTRAL
990,Alfredo L. Palacios,9,977.7272467148283,PLAZOLETA
991,Porto Alegre,11,392.4112309697576,PLAZOLETA
992,Oscar Fresedo,15,1161.7330759733472,CANTERO CENTRAL
993,Plaza De Los Virreyes - Tupac Amarú,7,7936.383888266251,PLAZA
994,Eva Perón,1,2702.6451625698865,PLAZOLETA
995,Trinidad Y Tobago,13,756.9505982956889,PLAZOLETA
996,De Los Vecinos Sensibles,14,1206.7602743945604,PLAZOLETA
997,Plazoleta Carlos Disarli,4,1496.333977079725,PLAZOLETA
998,Don Fulgencio,15,292.3441241870223,CANTERO CENTRAL
999,Ciudad De Guadix,8,2347.629210596835,PLAZOLETA
1000,Base Marambio,6,938.1460397118863,PLAZOLETA
1001,San Vicente De Paul,7,319.92885271385643,PLAZOLETA
1002,Plaza Pakistan,14,30994.345416835014,PLAZA
1003,Plaza Luis F. Leloir,2,2529.4695923550976,PLAZA
1004,Nicolás Repetto,9,912.456016734697,PLAZOLETA
1005,Antonio Millán,7,327.28519061107164,PLAZOLETA
1006,Don Orione,4,1071.8946551267436,PLAZOLETA
1007,Plaza Cmte. A. Guacurari Artigas,14,5254.589206888509,PLAZA
1008,Dr. Carlos A. Erro,1,1690.7127331391193,PLAZOLETA
1009,Héctor Greslebin,6,588.1524140392121,PLAZOLETA
1010,Gral. Francisco Morazán,13,110.44374833457626,PLAZOLETA
1011,Clemente Onelli,4,745.8672272025595,CANTERO CENTRAL
1012,Florencio Sánchez,14,54151.09074346613,PLAZOLETA
1013,Julián Besteiro,15,1189.1252500082287,PLAZOLETA
1014,Carlos De La Púa,15,283.8070384625991,PLAZOLETA
1015,Julio Cortázar,14,372.19480984047067,PLAZOLETA
1016,Plaza República De Honduras,13,1971.868605426922,PLAZA
1017,Plazoleta Maimónides,2,1484.4197797469058,PLAZOLETA
1018,Agustín Comastri,15,316.64407255552675,PLAZOLETA
1019,Cesáreo B. De Quirós,14,707.0901450950162,PLAZOLETA
1020,Plazoleta De La Amistad,15,149.39463486118106,PLAZOLETA
1021,Plazoleta De La Policía Fed.,11,78.80394691930987,PLAZOLETA
1022,Estado Del Vaticano,1,324.6679263632259,PLAZA
1023,Enrique G. Velloso,14,5155.272051617294,PLAZOLETA
1024,Enrique Banchs,12,510.2995758008436,PLAZOLETA
1025,La Patagonia Rebelde,10,301.3913597577781,CANTERO CENTRAL
1026,César Tiempo,13,733.1843916825346,PLAZOLETA
1027,La Historia Oficial,10,179.5789725070694,CANTERO CENTRAL
1028,Ceferino Namuncurá,10,627.2452975077058,PLAZOLETA
1029,Virreinato Del Río De La Plata,14,1256.3164271524124,PLAZOLETA
1030,Forja,4,6465.369451790131,CANTERO CENTRAL
1031,Federico Früebel,6,1495.9953309033144,PLAZOLETA
1032,Plaza Del Correo,1,1984.633783269659,PLAZA
1033,Plaza Ramón J. Carcano,2,1727.9454634911085,PLAZA
1034,Ciudad De Lakewood,4,1299.7044350123276,PLAZOLETA
1035,Plaza De Las Naciones Unidas,2,43853.0794737455,PLAZA
1036,Gaspar Xuarez,13,1312.7509885571994,PLAZOLETA
1037,Gral. Enrique Mosconi,13,1014.9641317122436,PLAZOLETA
1038,Plazoleta Dr. Carlos S. Lamas,9,1199.1260818050275,PLAZOLETA
1039,Presb. Virgilio Filipo,12,418.82842961059976,CANTERO CENTRAL
1040,Prisioneros De La Tierra,10,1091.261409439633,CANTERO CENTRAL
1041,Herminio Masantonio,4,2752.9184980147197,PLAZA
1042,Tte. De Navío Cándido De Lasala,1,14.632011948954993,PLAZOLETA
1043,Jacinto Oddone,9,204.91765739829842,PLAZOLETA
1044,Homero Manzi,4,503.50749731848634,PLAZOLETA
1045,Horacio R. Molina,8,122.1456039404621,PLAZOLETA
1046,Plazoleta Del Mercado Modelo,1,54.16998124099456,PLAZOLETA
1047,Oliverio Girondo,12,371.4393221698696,CANTERO CENTRAL
1048,Regis Martínez,12,718.3769476625125,CANTERO CENTRAL
1049,Organiz. De Estados Americanos,2,491.8193904442657,PLAZOLETA
1050,Arturo E. Sampay,12,1987.5497376743622,CANTERO CENTRAL
1051,Arturo Marasso,12,628.1693363743564,PLAZOLETA
1052,Reino De Tailandia,2,184.89959848541184,PLAZOLETA
1053,Crucero Gral. Belgrano,6,803.0500713371385,PLAZOLETA
1054,Plaza Armenia,14,68679.61860466808,PLAZA
1055,Scholem Aleijem,5,79.84274171430859,PLAZOLETA
1056,Pascual Contursi,12,47.36561247978641,PLAZOLETA
1057,Ignacio Corsini,9,1717.579389961916,PLAZOLETA
1058,Bernardo B. Delom,8,1075.6478468792488,PLAZOLETA
1059,Paseo De Los Ombúes,14,9179.198692910182,CANTERO CENTRAL
1060,Eduardo Arolas,12,2716.236263007314,CANTERO CENTRAL
1061,Paseo Del Ballet Argentino (E/ Pareja Y Habana),11,416.4636390374868,CANTERO CENTRAL
1062,Reserva Ecológica,1,2325105.316211709,PARQUE SEMIPÚBLICO
1063,Parque España,4,42333.33088245332,PARQUE
1064,Plaza Bruno Giordano,6,8641.768022085153,PLAZA
1065,Juan Xxiii,2,7169.118070806943,PLAZOLETA
1066,Plaza Gendarmería Nacional,4,2367.517401057868,PLAZA
1067,Plaza Campaña Del Chaco,1,9343.905030684287,PLAZA
1068,Plaza República Islámica De Irán,14,14708.802515240966,PLAZA
1069,Plaza Juan F. Quiroga,14,60890.16284874638,PLAZA
1070,Adán Quiroga,13,1499.5183953034793,PLAZOLETA
1071,Plaza Martín De Alzaga,14,5005.46280744075,PLAZA
1072,Mujeres Argentinas,1,67694.99290683697,PARQUE
1073,Plaza Estado Plurinacional De Bolivia,14,5910.0018932041685,PLAZA
1074,Parque De San Benito,13,105663.6778459205,PARQUE
1075,Julio De Caro,2,2769.126718602834,PLAZOLETA
1076,Plaza Alberto Vaccarezza,10,2950.0522171764865,PLAZA
1077,Agustín R. Astengo,2,108.30584592855466,PLAZOLETA
1078,Paul Percy Harris,1,66.54452358496586,PLAZOLETA
1079,Andrés Chazarreta,15,665.5660642015093,PLAZOLETA
1080,Plaza Nstra. Sra. De Las Nieves,1,2324.984259197613,PLAZA
1081,Esc. La Banderita,4,839.3434246056513,CANTERO CENTRAL
1082,Prof. Ernesto Nelson,10,5052.81150997275,PLAZOLETA
1083,Rómulo Zabala,9,4309.348775578324,PLAZOLETA
1084,Plaza Henry Dunant,9,3161.573084526612,PLAZA
1085,"Regimiento 1º De Infanteria ""Patricios""",1,1074.2240817660077,PLAZOLETA
1086,11 De Junio De 1580,1,2164.805888103408,PLAZOLETA
1087,José Hernández,4,1586.0028962891374,PLAZOLETA
1088,Plaza Casa Cuna,4,4947.854131591616,PLAZA
1089,Pcia. De Córdoba,1,9422.221071472317,CANTERO CENTRAL
1090,Pcia. De Catamarca,1,580.9975111863102,CANTERO CENTRAL
1091,Plaza Concepción Del Alto De San Pedro,1,855.558115473945,PLAZA
1092,Alfonso R. Castelao,1,717.0826237434919,PLAZOLETA
1093,Pcia De Buenos Aires,1,2278.204083336909,PLAZOLETA
1094,La Cumparsita,1,310.8332861277464,PLAZOLETA
1095,Verano Porteño,1,611.8645865096911,PLAZOLETA
1096,Cnel. Toribio Tedin,1,1506.2621976954413,PLAZOLETA
1097,Pcia. De Mendoza,1,670.1548529106597,CANTERO CENTRAL
1098,Pcia. De Chaco,1,2360.436010882251,CANTERO CENTRAL
1099,Santa Francisca J. Cabrini,1,1398.968302901324,PLAZOLETA
1100,Parque De La Memoria,13,63642.97743810202,PARQUE
1101,Ciudad Universitaria,13,174083.28625400196,PARQUE
1102,Plaza Del Ángel Gris,7,10718.40100996949,PLAZA
1103,Pcia. De Corrientes,1,3914.84502122148,CANTERO CENTRAL
1104,Av. 9 De Julio,1,1037.0443783025348,CANTERO CENTRAL
1105,Pcia. De Chubut,1,3834.3609732789346,CANTERO CENTRAL
1106,Pcia. De Entre Ríos,1,3351.6107294523067,CANTERO CENTRAL
1107,Pcia. De Formosa,1,2729.407115766328,CANTERO CENTRAL
1108,Pcia. De Jujuy,1,1522.9560956053201,CANTERO CENTRAL
1109,Pcia. De San Juan,1,1699.4299361639826,CANTERO CENTRAL
1110,Pcia. De San Luis,1,2026.6440498411282,CANTERO CENTRAL
1111,Pcia. De Santa Cruz,1,1762.7856071800375,CANTERO CENTRAL
1112,Pcia. De Santa Fe,1,2710.460956364205,CANTERO CENTRAL
1113,Pcia. De Santiago Del Estero,1,2313.6079077705003,CANTERO CENTRAL
1114,Pcia. De Tucumán,1,2444.7287639384717,CANTERO CENTRAL
1115,Plaza Santos Dumont,14,1171.8113218059086,PLAZA
1116,Plaza Boedo,5,6126.725008937139,PLAZA
1117,Plaza Intendente Casares,14,4810.129728040788,PLAZA
1118,Carlos Thays (Jardín Botánico),14,49871.30962288933,JARDÍN BOTÁNICO
1119,Gral. Francisco Ramírez // Pita Y Pedernera,14,5544.478461957995,JARDÍN
1120,Plaza Jacarandá,14,368.2612799182369,PLAZA
1121,Patio Porteño Niceto Vega,14,72.45965686693388,PATIO RECREATIVO
1122,Madre Teresa De Calcuta,14,16671.30951882738,JARDÍN
1123,Bosque Alegre (Depvo. M. Belgrano),14,127628.179676936,PARQUE SEMIPÚBLICO
1124,Comod. Pedro Zanni,13,4795.981067491509,PLAZOLETA
1125,,1,611.0912058068878,PLAZOLETA
1126,Héctor Oesterheld,1,23378.620824161997,CANTERO CENTRAL
1127,Plaza De La Shoá,14,5901.863382198082,PLAZA
1128,Pque. Polidep. Pdte. Julio A. Roca,8,435881.09075256437,PARQUE
1129,Cantero Av 27 De Febrero (Y Au. Cámpora),8,20486.091423424536,CANTERO CENTRAL
1130,,8,477.5605514520174,CANTERO CENTRAL
1131,Cantero Av 27 De Febrero (Y Pergamino),8,1539.842656161953,CANTERO CENTRAL
1132,Barrio Municipal Soldati,8,91929.93176392253,BARRIO/COMPLEJO
1133,Parque Colón,1,13383.29758054083,PARQUE
1134,Plaza Israel,14,24253.64923879498,PLAZA
1135,Buenos Aires Polo Circo,4,13885.07665749829,PLAZA
1136,,9,12854.175760079119,CANTERO CENTRAL
1137,,8,806.1447789487033,CANTERO CENTRAL
1138,,8,7504.582606950489,CANTERO CENTRAL
1139,Monumento Al Gral. Urquiza,14,986.1837002193976,CANTERO CENTRAL
1140,Paseo De Versalles,10,7552.388073675287,JARDÍN
1141,Gral. Juan J. Valle,13,117.57130253903594,CANTERO CENTRAL
1142,Plaza Alexander Fleming / Luis Alberto Spinetta,13,537.0017396601079,PLAZA
1143,Plaza República De Haití,14,16077.480041397346,PLAZA
1144,Plaza República De Serbia,14,12556.667404515922,PLAZA
1145,,14,120.54389389918636,CANTERO CENTRAL
1146,,14,145.12863528315742,CANTERO CENTRAL
1147,,14,70.40382038140788,CANTERO CENTRAL
1148,,14,221.71793062194874,CANTERO CENTRAL
1149,,14,407.4916918508007,CANTERO CENTRAL
1150,,14,469.80153320024647,CANTERO CENTRAL
1151,,14,624.2357773151366,CANTERO CENTRAL
1152,,14,492.1409677523645,CANTERO CENTRAL
1153,,14,957.8285487739765,CANTERO CENTRAL
1154,Parque Agustín P. Justo,14,21978.91534653094,PARQUE
1155,,1,3091.283137932867,PLAZOLETA
1156,,1,4389.706836307389,PLAZOLETA
1157,,1,5559.865037941205,PLAZOLETA
1158,,1,906.6494666158969,PLAZOLETA
1159,,1,10123.674792904581,PLAZOLETA
1160,Parque Pioneros De La Antártida Argentina,12,40835.95930896829,PARQUE
1161,,14,68.34034532138581,PLAZOLETA
1162,,14,80.39615409449466,PLAZOLETA
1163,,14,13.464411657891795,PLAZOLETA
1164,,8,1955.7399089221192,CANTERO CENTRAL
1165,,8,1509.655631808894,CANTERO CENTRAL
1166,,8,285.37331774636556,CANTERO CENTRAL
1167,,8,10194.824782552547,CANTERO CENTRAL
1168,,8,13779.76735937092,PLAZOLETA
1169,,8,550.5672681542352,PLAZOLETA
1170,,8,1581.356589556886,PLAZOLETA
1171,Isla Deportiva Pque Centenario,6,428.3647503662584,PARQUE
1172,Parque De Flora Nativa Benito Quinquela Martin,4,24342.98678742455,PARQUE
1173,Patio Salguero,5,656.0247103555026,PATIO RECREATIVO
1174,Plaza Gumersindo González,4,19943.655988134145,PLAZA
1175,Plaza Poeta Ricardo E. Lleras,4,6215.492552084994,PLAZA
1176,,4,2815.6218825049395,PLAZA
1177,,4,2248.8787068154484,PLAZA
1178,Plaza Ángel Villoldo,4,5141.845413594522,PLAZA
1179,Plaza Sergio Karakachoff,4,7407.112671985876,PLAZA
1180,,11,1609.3356745882284,PLAZOLETA
1181,,8,1534.2017977798773,CANTERO CENTRAL
1182,Plazoleta Camila E. Arjona,8,574.2298169995184,PLAZOLETA
1183,Plaza José Martí,8,8755.557248919482,PLAZA
1184,Plaza Nunca Más,12,4409.945020866819,PLAZA
1185,,8,3880.3486110740255,CANTERO CENTRAL
1186,,7,3392.300016632137,CANTERO CENTRAL
1187,,8,4883.474616661743,CANTERO CENTRAL
1188,,8,5224.533814290252,CANTERO CENTRAL
1189,,8,254.61925507203563,CANTERO CENTRAL
1190,,8,3756.5467535758735,CANTERO CENTRAL
1191,Plaza Jorge Casal,12,714.5478548828995,PLAZA
1192,,13,3311.252597818409,CANTERO CENTRAL
1193,,12,5589.034334567902,JARDÍN
1194,Plazoleta Héroes De La Reconquista,15,129.72185867751864,CANTERO CENTRAL
1195,,15,1621.4156294946624,CANTERO CENTRAL
1196,,15,1166.3542403110325,CANTERO CENTRAL
1197,Parque Santojanni,9,17015.471564970456,PARQUE
1198,Pque. Depvo. Onega,11,8224.764710819554,PARQUE
1199,Parque Eva Duarte De Perón,1,23067.92023750109,PARQUE
1200,Osvaldo Soriano,5,246.0209062331135,CANTERO CENTRAL
1201,Dr. Samuel Bender,9,152.60971934974316,PLAZOLETA
1202,,9,57.30460996896667,PLAZOLETA
1203,Buque Principessa Mafalda,1,2073.30392763938,PLAZOLETA
1204,Isidoro Gil - Paseo De Los Vecinos Destacados De Villa Devoto Comuna 11,11,160.0871779068034,CANTERO CENTRAL
1205,María Isabel Aveleyra - Paseo De Los Vecinos Destacados De Villa Devoto Comuna 11,11,169.7507669532639,CANTERO CENTRAL
1206,Onorio Stoppani - Paseo De Los Vecinos Destacados De Villa Devoto Comuna 11,11,151.0500681971243,CANTERO CENTRAL
1207,Angélica Rojas - Paseo De Los Vecinos Destacados De Villa Devoto Comuna 11,11,112.9087376326352,CANTERO CENTRAL
1208,Lorenzo Stanchina - Paseo De Los Vecinos Destacados De Villa Devoto Comuna 11,11,240.55934650526333,CANTERO CENTRAL
1209,Filomena Devoto De Devoto - Paseo De Los Vecinos Destacados De Villa Devoto Comuna 11,11,206.3936944354432,CANTERO CENTRAL
1210,13 De Abril De 1889 - Paseo De Los Vecinos Destacados De Villa Devoto Comuna 11,11,383.2764232092093,CANTERO CENTRAL
1211,,12,155.03711030107013,CANTERO CENTRAL
1212,,12,228.5248394051927,CANTERO CENTRAL
1213,,12,148.10325450029245,CANTERO CENTRAL
1214,,12,181.3662680593528,CANTERO CENTRAL
1215,,12,163.32153536814621,CANTERO CENTRAL
1216,,12,156.7775352118264,CANTERO CENTRAL
1217,,12,147.4671285884806,CANTERO CENTRAL
1218,,12,206.77822121050076,CANTERO CENTRAL
1219,,12,162.33297397297494,CANTERO CENTRAL
1220,,12,166.59353574731594,CANTERO CENTRAL
1221,Jardín Japonés,14,13657.132428423885,PLAZA
1222,Plaza Sicilia,14,94972.14706758109,PLAZA
1223,,8,337.70494107072045,CANTERO CENTRAL
1224,,8,652.9505291814894,CANTERO CENTRAL
1225,,8,491.23042179840013,CANTERO CENTRAL
1226,,8,2054.105978524016,PLAZOLETA
1227,Plazoleta Padre Rodolfo Ricciardelli,7,2109.0246649184314,PLAZOLETA
1228,Corredor Saludable Perito Moreno,7,9728.623486785697,PLAZOLETA
1229,Plaza Delfo Cabrera,10,4963.334670095881,PLAZA
1230,Plazoleta Presidente Doctor Arturo Frondizi,10,1423.727707277839,PLAZOLETA
1231,Plaza Las Toscaneras De Villa Real,10,8234.174087392264,PLAZA
1232,Alcira De La Peña,1,681.245162677072,CANTERO CENTRAL
1233,Plazoleta Carlos Jáuregui,1,622.9282687558816,PLAZOLETA
1234,Plaza Chapatín - Patio Recreativo,7,67.85071283038246,PATIO RECREATIVO
1235,Anfiteatro Niní Marshall,1,2482.7494494887646,PATIO RECREATIVO
1236,María Luisa Bemberg,1,68.34019356274635,PATIO RECREATIVO
1237,Luca Prodan,14,17.62433352593892,PLAZOLETA
1238,Tomás Katari,4,515.7853562520679,PLAZOLETA
1239,Dúo Gardel-Razzano,7,354.99779111750365,PATIO RECREATIVO
1240,Plaza Lic. Carlos Campelo,12,5256.10522599417,PLAZA
1241,Plaza Estación Coghlan,12,11849.489638405268,PLAZA
1242,Plaza Julio César Fumarola,3,1207.0703829838599,PLAZA
1243,Plaza Dr. Esteban L. Maradona,14,690.4401896597805,PLAZOLETA
1244,Plaza Paseo De La Vida Dr. René Favaloro,6,2355.454873073805,PLAZA
1245,Tato Bores,14,391.80259824425923,PLAZOLETA
1246,Plaza Fray Mocho,14,26570.902408826467,PLAZA
1247,Higinio Cazón,12,225.72510756431706,CANTERO CENTRAL
1248,Carlos Carboni,12,197.76779812467515,CANTERO CENTRAL
1249,Pacífico Víctor Lambertucci,12,280.27908553530466,CANTERO CENTRAL
1250,Héctor Félix Arata,12,213.2611276805246,CANTERO CENTRAL
1251,Enrique Delfino,12,196.95911543821651,CANTERO CENTRAL
1252,Paseo Juan A. Pirker,7,2663.781974626829,CANTERO CENTRAL
1253,Elías Cárpena,7,599.959373019964,CANTERO CENTRAL
1254,Plaza Rosa Lamorte De Lombardo,4,6556.614980759989,PLAZA
1255,Itzhak Rabin,1,522.369361708482,CANTERO CENTRAL
1256,Ing. Carlos M. Della Paolera,1,724.0988623432396,PLAZOLETA
1257,,4,102.0064853625021,PLAZOLETA
1258,,4,165.81510154768435,PLAZOLETA
1259,Brigadier Estanislao López,4,17.103921566278956,PLAZOLETA
1260,Plaza Juan Tronconi,4,293.0716159457148,PLAZA
1261,Plaza Bosque Homenaje A Las Víctimas De Cromañón,14,8778.883037213713,PLAZA
1262,Plaza Monte Castro,10,8418.439722597517,PLAZA
1263,Plaza 29 De Diciembre De 2001,10,2715.8062322216265,PLAZA
1264,Plaza Holanda,14,27831.81716227691,PLAZA
1265,Jardín De Los Poetas (Plaza Holanda),14,2361.7217404151697,PLAZA
1266,El Rosedal (Plaza Holanda),14,60958.79293178228,PLAZA
1267,Región Basilicata,9,21.733502159048925,CANTERO CENTRAL
1268,Francisco Alejandro Mohr,9,21.733502132779027,CANTERO CENTRAL
1269,María Raggio De Battini,9,18.965075059462713,CANTERO CENTRAL
1270,Padre Fernando Endorcia,9,12.522445440991172,CANTERO CENTRAL
1271,José Damés,4,18.893475834252214,PLAZOLETA
1272,Dr. Florencio Escardó,2,17.03114094704415,PLAZOLETA
1273,Plaza San Cayetano De Liniers,10,331.6414526367417,PLAZA
1274,Aviso A.R.A. Alférez Sobral,13,263.62199532906595,PLAZOLETA
1275,Eduardo Olivera,13,482.5072975576419,PLAZOLETA
1276,Luis Perlotti,6,5.274245701592625,PLAZOLETA
1277,Plaza Abanderada De Los Humildes,8,640.8856000528453,PLAZA
1278,,4,248.7929632137582,CANTERO CENTRAL
1279,Patio Radioaficionados Voluntarios Veteranos De Guerra (P. Chacabuco),7,2013.5748606106702,PLAZA
1280,Plaza Catalinas Sur,4,2660.3145140628058,PLAZA
1281,Cooperadoras Escolares,9,1348.5283964853165,PLAZOLETA
1282,Plaza Jaime Yankelevich,4,422.3383173880959,PLAZA
1283,Plaza 18 De Diciembre De 1872,9,5922.375744196099,PLAZA
1284,,9,405.52697160847106,CANTERO CENTRAL
1285,,9,6872.889532725791,CANTERO CENTRAL
1286,,9,3913.906442948923,CANTERO CENTRAL
1287,,9,1324.2352719756077,CANTERO CENTRAL
1288,,9,4153.744635404382,CANTERO CENTRAL
1289,,7,1012.3215229974571,CANTERO CENTRAL
1290,Plaza Guillermo Y Alfredo Barbieri,4,4198.042561246535,PLAZA
1291,Mario Jorge De Lellis,5,13.302709007796444,PLAZOLETA
1292,Ramón Vázquez,7,1271.4757551901112,CANTERO CENTRAL
1293,Paseo Guardavidas Argentinos,1,1795.7876362818085,PLAZA
1294,Germán Rozenmacher - Paseo De Las Artes Latinoamericanas,11,705.5034263011767,CANTERO CENTRAL
1295,Pablo Neruda - Paseo De Las Artes Latinoamericanas,11,683.290287626261,CANTERO CENTRAL
1296,Hugo Del Carril - Paseo De Las Artes Latinoamericanas,11,666.7735317638796,CANTERO CENTRAL
1297,Ezequiel M. Estrada - Paseo De Las Artes Latinoamericanas,11,706.5794786968298,CANTERO CENTRAL
1298,César Vallejo - Paseo De Las Artes Latinoamericanas,11,1064.4520466287,CANTERO CENTRAL
1299,Diego Rivera - Paseo De Las Artes Latinoamericanas,11,352.59109134413166,CANTERO CENTRAL
1300,Leonie Mathis - Paseo De Las Artes Latinoamericanas,11,218.5168915331924,CANTERO CENTRAL
1301,Vinicius De Moraes - Paseo De Las Artes Latinoamericanas,11,238.9436556212861,CANTERO CENTRAL
1302,Victor Jara - Paseo De Las Artes Latinoamericanas,11,405.43441381140565,CANTERO CENTRAL
1303,Violeta Parra - Paseo De Las Artes Latinoamericanas,11,179.44751184837793,CANTERO CENTRAL
1304,Antoine Saint-Exupery,7,684.6553051276076,PATIO RECREATIVO
1305,Paseo Peatonal Costero Dip. Nac. Carlos Bello,4,1215.8631838552449,PLAZOLETA
1306,Paseo Alfredo Zitarrosa,14,6180.227296330659,PLAZOLETA
1307,Plazoleta John Malcolm,15,483.17140686713464,PLAZOLETA
1308,,14,249.70221211057327,PLAZOLETA
1309,,14,393.0912997387727,PLAZOLETA
1310,Plazoleta Blas Parera (No Oficial),2,377.38159368263837,PLAZOLETA
1311,Plaza República Árabe De Egipto,14,24696.981480165738,PLAZA
1312,Lago De Regatas Ernesto Jaimovich,14,55908.35078964148,PLAZA
1313,Plazoleta Nelly Nistal,4,76.55283649238109,PLAZOLETA
1314,Padre Jorge Vernazza,7,520.2788544515213,PLAZOLETA
1315,Plaza Pirillo,7,325.06754852173094,PLAZA
1316,Cancha De Fútbol Barrio Rivadavia,7,3310.759717565833,PLAZA
1317,Plaza Barrio Rivadavia,7,1230.7631161473237,PLAZA
1318,,7,1811.7136783228489,PLAZOLETA
1319,Centro Recreativo Deportivo Villa 15,8,6347.407336159504,PARQUE
1320,Plaza Villa Machete - Patio Inclusivo,8,218.070922529805,PATIO DE JUEGOS INCLUSIVO
1321,Lucio Demare,13,5404.343912265455,CANTERO CENTRAL
1322,Lucila Yaconis,13,151.08717655708412,CANTERO CENTRAL
1323,Plaza Barrio Nuevo - Patio Inclusivo,4,320.3595794222135,PATIO DE JUEGOS INCLUSIVO
1324,Plaza Espora,4,374.7008577440416,PATIO DE JUEGOS INCLUSIVO
1325,Cancha Nht Zavaleta,4,1652.5788078244825,PLAZA
1326,,4,245.88332797596513,PLAZOLETA
1327,Plaza Bichito De Luz,1,970.2259559529997,PLAZA
1328,Cancha 7,1,605.3727393840004,PLAZA
1329,Cancha 5 Guemes,1,2553.8850765024804,PLAZA
1330,Cancha Tucumanos,1,968.5702501174807,PLAZA
1331,Cancha Chica,1,304.6920803420113,PLAZA
1332,Plaza Triángulo,1,306.57298178554936,PLAZA
1333,Cancha 9,1,3133.586792766309,PLAZA
1334,Cancha Luján,1,1078.9896481055257,PLAZA
1335,Cancha De Fútbol Manzana 32,1,444.260778513394,PLAZA
1336,María Esther De Miguel,1,1648.789456233089,CANTERO CENTRAL
1337,Silvina Ocampo,1,785.4709136713798,CANTERO CENTRAL
1338,Sebastián Borro,9,4475.264018543308,PLAZA
1339,Dr. Emilio J. Hardoy,2,127.22038912027926,PLAZOLETA
1340,Plaza El Maestro - Ravignani,11,3685.206071110158,PLAZA
1341,Pque. Natural Lago Lugano,8,155732.8298479331,PARQUE
1342,Parque De Las Ciencias,14,8224.098432935705,PARQUE
1343,Plaza De La Ciencia,14,160.94984143262513,PLAZA
1344,Plaza Monroe,12,1378.574013035157,PLAZA
1345,Plaza República De México,13,7139.229067141292,PLAZA
1346,,1,11.731555677033256,PLAZOLETA
1347,Paseo Aníbal Troilo - Pichuco,1,42.86561040451891,PASEO
1348,Gabriela Laperriére De Coni,1,2591.247480436524,CANTERO CENTRAL
1349,,2,56.26567559051179,PLAZOLETA
1350,Plazoleta De Jae,2,7.181702853921026,PLAZOLETA
1351,Plazoleta D'Espósito - Maestro Quinquela (No Oficial),4,786.0126423433238,PLAZOLETA
1352,Centro Médico Boca Juniors,4,1535.907116386494,PLAZA
1353,,4,1778.795588214662,PLAZA
1354,Cancha Auxiliar Abierta - Club Atl. Boca Juniors,4,9622.267574671487,PLAZA
1355,Cancha Auxiliar Abierta Anexa - Club Atl. Boca Juniors,4,8171.9858215539325,PLAZA
1356,Plaza Canchita Catalinas,4,3793.584663478123,PLAZA
1357,,4,3898.8073683012685,PLAZA
1358,,4,2277.0710013887283,PLAZA
1359,,4,1459.6869627141134,PLAZA
1360,,4,512.0760510580903,PLAZA
1361,,4,162.9728943454639,PLAZA
1362,,4,516.0460917326632,PLAZA
1363,,4,35.54527625527185,PLAZA
1364,Plazoleta Terraplén,4,310.0985427876527,PLAZOLETA
1365,,4,23.436161964566644,PLAZOLETA
1366,,4,49.91021971327835,PLAZOLETA
1367,,4,32.561046911794335,PLAZOLETA
1368,,4,129.6914244884837,CANTERO CENTRAL
1369,,4,102.11291078773158,CANTERO CENTRAL
1370,,4,46.345467663873535,CANTERO CENTRAL
1371,,4,87.19711187350617,CANTERO CENTRAL
1372,,4,86.66905111217955,CANTERO CENTRAL
1373,,4,89.45053682004254,CANTERO CENTRAL
1374,Plazoleta 11 De Noviembre De 1859,7,2018.6154131015319,PLAZOLETA
1375,Plaza Madre Ana María Mogas - Sector Parque Santojanni,9,5424.37770778819,PLAZA
1376,Plazoleta Cafayate (No Oficial),8,2006.3173543684343,PLAZOLETA
1377,,4,23.931210479877663,PLAZOLETA
1378,,4,1.738559006404096,PLAZOLETA
1379,,4,2.498905055509415,PLAZOLETA
1380,Rivera 27 De Febrero,4,4714.819080148124,CANTERO CENTRAL
1381,,4,1210.818298602298,CANTERO CENTRAL
1382,Plaza Vespucio,4,1124.1295511904777,PLAZA
1383,Plazoleta Paseo De La Victoria,5,81.9323588453098,PLAZOLETA
1384,Parque Lineal Medrano,5,473.3726679838722,PLAZOLETA
1385,Jardín De Colombres,5,147.46532482006447,JARDÍN
1386,Plaza Del Caballito,6,5360.577944128732,PLAZA
1387,Patio De Los Lecheros,6,52.81367160214907,PATIO RECREATIVO
1388,Plazoleta Venancio Flores,7,3158.8220621338455,PLAZOLETA
1389,,7,596.2531448955706,CANTERO CENTRAL
1390,,7,14.198925064957724,PLAZOLETA
1391,Plaza Ana Díaz,8,3375.0970115208866,PLAZA
1392,Plaza Piedra Buena Y Saraza - De Los Vecinos (No Oficial),8,1520.1546571619074,PLAZA
1393,Descanso Del Peregrino,8,444.75308019836325,CANTERO CENTRAL
1394,Plaza Nuestra Señora De Fátima,8,4980.716232468649,PLAZA
1395,,8,555.8820950859155,PLAZOLETA
1396,,8,73.60300117518753,PLAZOLETA
1397,Auditorio Eva Perón - Anfiteatro Parque Centenario,6,78.49129008116824,PARQUE
1398,,8,571.921469265489,PLAZOLETA
1399,,8,622.6266728013654,CANTERO CENTRAL
1400,,8,153.380091002789,CANTERO CENTRAL
1401,,8,243.99282275996507,CANTERO CENTRAL
1402,,8,238.38171406801416,CANTERO CENTRAL
1403,,8,325.91564139722567,PLAZOLETA
1404,,8,3485.5115630067016,CANTERO CENTRAL
1405,,9,168.01091771553877,PLAZOLETA
1406,,9,547.1153803790787,PLAZOLETA
1407,,9,201.53271657791436,PLAZOLETA
1408,Plazoleta De La Amistad,10,531.0749065227415,PLAZOLETA
1409,,10,644.58240122833,PLAZOLETA
1410,,9,43.54351487417679,PLAZOLETA
1411,,10,218.81249536041958,PLAZOLETA
1412,,10,1918.8959237060076,PLAZOLETA
1413,,11,118.00328786620382,PLAZOLETA
1414,Plazoleta Martín Pescador,11,504.04025492852145,PLAZOLETA
1415,,11,264.608609760958,PLAZOLETA
1416,,12,536.4600301517373,PLAZOLETA
1417,,11,1381.2335334082459,PLAZOLETA
1418,Plaza 1 De Marzo De 1948,12,1194.740401129664,PLAZA
1419,,11,114.63981014396123,PLAZOLETA
1420,Plazoleta Arco Verde,11,297.41099456120384,PLAZOLETA
1421,Jardín De Villa Del Parque,11,1795.3953882580593,JARDÍN
1422,El Campito,11,12657.2053780885,CANTERO CENTRAL
1423,,11,738.4630336468967,PLAZOLETA
1424,,12,7629.549932523412,PLAZA
1425,,12,5492.44573720613,PLAZOLETA
1426,,12,153.53850631802962,PLAZOLETA
1427,Plazoleta Combatiente De Malvinas,12,122.62606386267917,PLAZOLETA
1428,,12,899.0387320973981,PLAZOLETA
1429,,12,151.7375906122481,PLAZOLETA
1430,,12,186.66023462352763,PLAZOLETA
1431,,12,123.05419320238661,PLAZOLETA
1432,,12,133.37836954541513,PLAZOLETA
1433,,12,270.9914024591293,PLAZOLETA
1434,,12,699.2421596888186,PLAZOLETA
1435,,12,1022.5023350743859,PLAZOLETA
1436,,12,981.4068552943984,PLAZOLETA
1437,Plaza Arquitecto Juan Kurchan,13,1501.8438532277146,PLAZA
1438,Plaza Ingeniero Antonio Vilar,13,689.535747673452,PLAZA
1439,Plaza Arquitecto Alberto H. Prebisch,13,402.54939649875143,PLAZA
1440,Plaza Ingeniero José Luis Delpini,13,296.839962946769,PLAZA
1441,Plaza Arquitecto Amancio Williams,13,229.18667283486272,PLAZA
1442,Plaza Arquitecto Wladimiro Acosta,13,801.5234293506086,PLAZA
1443,Plaza Arquitecto René Karman,13,217.64396816326928,PLAZA
1444,Plaza Arquitecto Alejandro Bustillo,13,607.225474667359,PLAZA
1445,,13,514.0943403838902,PLAZOLETA
1446,,13,536.4921425697682,PLAZOLETA
1447,Plazoleta Zuberbuhler,13,1270.7719216783019,PLAZOLETA
1448,,13,543.7453571167146,PLAZOLETA
1449,Patio Del Niño,13,758.7971631852585,PATIO
1450,,2,4341.739867042332,PLAZOLETA
1451,,2,547.2809264917544,PLAZOLETA
1452,,2,294.7372827245208,PLAZOLETA
1453,,2,140.2556936693651,PLAZOLETA
1454,,2,233.10227936292483,PLAZOLETA
1455,,2,1700.282898623665,PLAZOLETA
1456,,14,257.9189044663947,PLAZOLETA
1457,,14,511.2964528470541,PLAZOLETA
1458,,14,156.78991540965407,JARDÍN
1459,Patio Paraguay 5100 (No Oficial),14,138.80872651766776,PATIO
1460,,14,127.71804766265694,CANTERO CENTRAL
1461,Plazoleta Salvador Benedit,15,20.08032674317668,PLAZOLETA
1462,,15,212.4583127799656,PLAZOLETA
1463,,15,2.928601801673047,PLAZOLETA
1464,,15,100.53463017133599,PLAZOLETA
1465,Patio Rincón De Las Artes Ernesto Urfeig,15,24.054242673647654,PATIO
1466,,15,104.45776480328068,PATIO
1467,Plazoleta Colectora (No Oficial),11,8.482496667383108,PLAZOLETA
1468,,8,3380.8207732083365,PLAZOLETA
1469,Cancha Benjamín Soria (No Oficial),8,787.1805390993968,PLAZA
1470,Plaza Barrio Gral Manuel Savio,8,15243.366194355947,PLAZA
1471,Parque Elcano De Chacarita (No Oficial),15,11878.471047730209,PARQUE
1472,Josefina Marpons,1,360.9193511063599,CANTERO CENTRAL
1473,,9,75.95785491613918,CANTERO CENTRAL
1474,,9,98.87581008927373,CANTERO CENTRAL
1475,,9,329.2396423930004,CANTERO CENTRAL
1476,,9,350.9218250966648,CANTERO CENTRAL
1477,,9,340.2492472963677,CANTERO CENTRAL
1478,Ernestina Zela De Ruiz (Denominación Propuesta),9,302.1649981133432,CANTERO CENTRAL
1479,Plazoleta Arq. Padre Andrés Bianchi,2,243.0712607403811,PLAZOLETA
1480,,4,702.0021155922179,PLAZOLETA
1481,Pompeya No Olvida - Plaza De La Memoria (No Oficial),4,314.24950980318755,PLAZA
1482,,8,3308.4059276777457,PLAZOLETA
1483,,8,636.7134499116161,PLAZOLETA
1484,,8,567.4802643854408,PLAZOLETA
1485,,8,2735.849150627796,PLAZOLETA
1486,,8,4691.68903179852,PLAZOLETA
1487,,8,842.5863653535316,PLAZOLETA
1488,Plaza Rumania,11,282.3362876869037,PLAZA
1489,,8,1814.3907896967016,PLAZOLETA
1490,,8,1474.901369376492,PLAZOLETA
1491,,8,1368.5052798670451,PLAZOLETA
1492,,8,2049.557270981203,PLAZOLETA
1493,,8,1151.25070314333,PLAZOLETA
1494,Plaza Paso Bajo Nivel Beiró,15,1487.733741565133,PLAZA
1495,Plaza Crámer (No Oficial),13,662.4973781234257,PLAZA
1496,,8,1204.6612439843861,PLAZOLETA
1497,,8,1498.5479814514724,PLAZOLETA
1498,,8,1030.7239133722887,PLAZOLETA
1499,,8,2292.09800026007,PLAZOLETA
1500,,8,2407.3425522255047,PLAZOLETA
1501,,8,1097.0104882255469,PLAZOLETA
1502,,8,2438.677075852987,PLAZOLETA
1503,,8,560.8656258859949,PLAZOLETA
1504,,8,873.6650760681576,PLAZOLETA
1505,,8,869.786793988885,PLAZOLETA
1506,,8,3029.929498511951,PLAZOLETA
1507,,8,1752.061033853473,PLAZOLETA
1508,,8,872.8385434423615,PLAZOLETA
1509,,8,1874.5891092012885,PLAZOLETA
1510,Estación De Ffcc Belgrano R,13,414.8592495364626,PLAZOLETA
1511,Plaza Clemente,13,4186.665020794404,PLAZA
1512,,15,1943.0580876239792,PLAZA
1513,Plaza Ramón Carrillo (No Oficial),8,6636.6328233385375,PLAZA
1514,,8,296.41736009058786,PLAZOLETA
1515,,8,315.350316153294,PLAZOLETA
1516,,8,256.02553239573047,PLAZOLETA
1517,,8,180.0360136766572,CANTERO CENTRAL
1518,,8,144.47096785989052,CANTERO CENTRAL
1519,,8,198.44116630451666,CANTERO CENTRAL
1520,,1,2146.394137829165,PLAZOLETA
1521,,1,135.13148377894396,PLAZOLETA
1522,,1,1038.4710637789015,PLAZOLETA
1523,,1,1483.0812814536503,PLAZOLETA
1524,,1,89.96980358007649,PLAZOLETA
1525,,1,58.124718529774135,PLAZOLETA
1526,,1,67.39987805286596,PLAZOLETA
1527,,1,3039.1257571381407,PLAZOLETA
1528,,1,174.4237028055739,PLAZOLETA
1529,,1,120.89186960245779,PLAZOLETA
1530,,1,866.3912673317529,PLAZOLETA
1531,,1,685.403143250376,PLAZOLETA
1532,,1,304.2274267056475,PLAZOLETA
1533,,1,86.7110226794193,PLAZOLETA
1534,,1,867.5952176919739,PLAZOLETA
1535,,1,1832.8075806149259,PLAZOLETA
1536,,1,958.9948072241443,PLAZOLETA
1537,,1,135.81680586493593,PLAZOLETA
1538,,14,18.903293731457172,PLAZOLETA
1539,,12,17.92354285536087,PLAZOLETA
1540,,12,37.103304889215224,PLAZOLETA
1541,,8,40.142835549739694,PLAZOLETA
1542,,8,32.156584274412914,PLAZOLETA
1543,,8,120.50343434360138,PLAZOLETA
1544,,8,42.67629933459118,PLAZOLETA
1545,,8,149.12283208158286,PLAZOLETA
1546,,10,194.6525730784743,PLAZOLETA
1547,,4,359.50850433077983,PLAZOLETA
1548,,4,273.5241025774,PLAZOLETA
1549,,8,369.6321196996824,PLAZOLETA
1550,,8,187.28607145241392,PLAZOLETA
1551,,8,320.0749861842606,PLAZOLETA
1552,,2,215.2281078985719,PLAZOLETA
1553,,12,82.36210266591499,CANTERO CENTRAL
1554,,10,92.17548467957978,PLAZOLETA
1555,,9,126.02166019044924,PLAZOLETA
1556,,9,108.45566487906066,PLAZOLETA
1557,,14,31.75945659886608,PLAZOLETA
1558,Complejo Habitacional Padre Mugica,8,6473.966175962578,PLAZOLETA
1559,,4,773.38223414332,PLAZOLETA
1560,Cancha De La Feria,1,888.1948246831485,PLAZA
1561,Cancha Del Galpón,1,270.8153216166799,PLAZA
1562,Plaza De Los Lápices,1,258.1532412943194,PLAZA
1563,Cancha Ledesma,1,323.9870486742789,PLAZA
1564,Plaza 103,1,211.33508454932425,PLAZA
1565,Plaza Manzana 99,1,891.4825832193292,PLAZA
1566,Patio De Juegos Manzana 32,1,223.5408773671189,PLAZA
1567,Cancha Playón,1,77.89867860954064,PLAZA
1568,Patio Playón Oeste,1,29.309198485097806,PLAZA
1569,Plaza Pichones,1,44.807009824000126,PLAZA
1570,Cancha Comunicaciones (Barrio 31),1,692.8439611146687,PLAZA
1571,,1,729.0813663287994,PLAZOLETA
1572,,1,1068.5707066267537,PLAZOLETA
1573,,1,717.434839634366,PLAZOLETA
1574,,7,4178.3767653959985,PLAZOLETA
1575,,7,3953.912301504644,PLAZOLETA
1576,Plazoleta Antonio Maceo,7,1172.328192250147,PLAZOLETA
1577,,7,242.38443049810095,PLAZOLETA
1578,Espacio Público Saldías,2,1998.0653278218924,PLAZA
1579,Patio Fray Cayetano,7,129.2921617240144,PLAZOLETA
1580,Patio Porteño Donato Álvarez,7,267.616375281689,PATIO
1581,,7,287.53068291154267,PLAZOLETA
1582,,7,359.5679706092744,PLAZOLETA
1583,,7,475.5857185751966,PLAZA
1584,,4,552.6086864176779,PLAZOLETA
1585,,8,589.5216337501848,PLAZA
1586,,9,423.1379106795092,PLAZOLETA
1587,,4,131.97505342106265,PLAZOLETA
1588,Plaza Del Corralón,10,3053.154268062534,PLAZA
1589,Padre Gaspar Cañada,15,631.5698481715492,CANTERO CENTRAL
1590,,1,187.57771487098876,CANTERO CENTRAL
1591,,1,335.3351637638989,CANTERO CENTRAL
1592,,12,64.33106443975852,PLAZOLETA
1593,,8,309.6878149790978,PLAZOLETA
1594,,8,185.6954432883192,PLAZOLETA
1595,,8,170.5545036181611,PLAZOLETA
1596,Boulevard Olímpico (No Oficial),8,1638.3420043739957,CANTERO CENTRAL
1597,Predio Villa Olímpica (Pascual Pérez Y Av Escalada),8,3456.277032333376,PLAZOLETA
1598,Predio Villa Olímpica (Delfo Cabrera Y Pascual Pérez),8,16873.64319196235,PLAZOLETA
1599,"Predio Villa Olímpica (Camet, 23 De Junio Y Demiddi)",8,3928.596102864173,PLAZOLETA
1600,"Predio Villa Olímpica (Demiddi, Boulevard Y Camet",8,2457.949544210924,PLAZOLETA
1601,Plaza De Proximidad Aguaribay 6768,10,224.0350479448323,PLAZA
1602,Parque De La Estación,3,4394.166374326971,PARQUE
1603,,14,78.23084792862542,PLAZOLETA
1604,Plaza Manzana 66,3,5487.515313803238,PLAZA
1605,Plaza República Del Líbano,2,5276.32864978235,PLAZA
1606,Plaza Australia,2,814.9799306920064,PLAZA
1607,Plaza Jardín De La Recoleta,2,9485.423383631713,PLAZA
1608,Felipe Varela,6,2187.106359368435,CANTERO CENTRAL
1609,,15,1559.050851797885,CANTERO CENTRAL
1610,,9,255.11861113860874,CANTERO CENTRAL
1611,Juan Carlos Chiappe - Paseo De Los Vecinos Destacados De La Comuna 10,10,303.1151338848199,CANTERO CENTRAL
1612,Ferruccio Cattelani - Paseo De Los Vecinos Destacados De La Comuna 10,10,188.62007783611097,CANTERO CENTRAL
1613,Juan José Ceselli - Paseo De Los Vecinos Destacados De La Comuna 10,10,91.73471515980299,CANTERO CENTRAL
1614,Enrique Dizeo - Paseo De Los Vecinos Destacados De La Comuna 10,10,89.66267746441156,CANTERO CENTRAL
1615,Enrique Cadícamo - Paseo De Los Vecinos Destacados De La Comuna 10,10,60.75137195673178,CANTERO CENTRAL
1616,Bruno Loatti - Paseo De Los Vecinos Destacados De La Comuna 10,10,70.22170235871421,CANTERO CENTRAL
1617,José Manuel Moreno - Paseo De Los Vecinos Destacados De La Comuna 10,10,103.6201109367568,CANTERO CENTRAL
1618,,4,588.0252169252402,CANTERO CENTRAL
1619,Padre Luis Cimino - Paseo De Los Vecinos Destacados De Mataderos Comuna 9,9,93.04965402579869,CANTERO CENTRAL
1620,Pedro Inchauspe - Paseo De Los Vecinos Destacados De Mataderos Comuna 9,9,256.4620616343793,CANTERO CENTRAL
1621,Adolfo García Grau - Paseo De Los Vecinos Destacados De Mataderos Comuna 9,9,206.47027384489581,CANTERO CENTRAL
1622,Plazoleta Maestro Alfredo Bravo,12,10.979231820070638,PLAZOLETA
1623,,2,292.0190675657593,PLAZOLETA
1624,,8,605.5135231747093,PLAZOLETA
1625,,8,199.5826255870678,PLAZOLETA
1626,,8,351.2884945472346,PLAZOLETA
1627,,8,188.9204502913286,PLAZOLETA
1628,,1,886.4337900231698,CANTERO CENTRAL
1629,,8,2279.5927434552614,CANTERO CENTRAL
1630,,8,1332.3610451078146,CANTERO CENTRAL
1631,,8,729.0559682353137,CANTERO CENTRAL
1632,,8,537.5395442616929,CANTERO CENTRAL
1633,,8,11972.968835476322,CANTERO CENTRAL
1634,,14,639.8149745989701,PLAZOLETA
1635,Parque Del Bajo,1,11138.628906940648,PARQUE
1636,,7,102.98928351848005,PLAZOLETA
1637,Plaza Usina Del Arte,4,1186.6886116422015,PLAZA
1638,Parque Elefante Blanco,8,3512.454361324932,PARQUE
1639,Ministerio Desarrollo Humano Y Hábitat,8,750.4199866131238,PLAZOLETA
1640,,8,1597.3475549142904,PLAZA
1641,Rosa Cirullo De Carnaghi,3,229.38310205045977,PLAZOLETA
1642,Irene Orlando,3,315.38441611241615,PLAZOLETA
1643,,13,186.8490558697384,CANTERO CENTRAL
1644,,8,1046.5451282943184,PLAZOLETA
1645,,8,90.18192625301108,PLAZOLETA
1646,Plazoleta Espora Y Martín Rodríguez (No Oficial),4,860.8335046898937,PLAZOLETA
1647,Patio Porteño Paysandú,6,57.9747430438822,PATIO
1648,Patio Urbano Carranza,14,115.7205116483865,PATIO RECREATIVO
1649,Patio Giribone Y Céspedes,15,27.476950652797004,PATIO RECREATIVO
1650,Puesto Libreros Plaza Italia (No Oficial),14,712.6998383826318,CANTERO CENTRAL
1651,Cantero Central Av Corrientes (No Oficial),1,508.5117752783496,CANTERO CENTRAL
1652,Plazoleta César Milstein,4,649.344515116871,PLAZOLETA
1653,Plazoleta Dr. Arturo Oñativia,4,2555.632409438697,PLAZOLETA
1654,Plaza Los Pibes De Zavaleta,4,535.0508924014919,PLAZA
1655,,4,102.73189806473601,PLAZOLETA
1656,,4,161.79128939280685,CANTERO CENTRAL
1657,,4,339.5286371346575,PLAZOLETA
1658,,4,177.1072014547769,PLAZOLETA
1659,,4,230.99245293379727,PLAZOLETA
1660,,4,505.18806170458333,CANTERO CENTRAL
1661,,4,734.5047334419618,CANTERO CENTRAL
1662,,4,16.53699264501913,PLAZOLETA
1663,,1,213.13736785640276,PLAZOLETA
1664,,4,165.0143007291175,CANTERO CENTRAL
1665,Paseo De La Ribera Río (No Oficial) (E/Reg De Patricios Y Rocha),4,9662.939482286178,PLAZOLETA
1666,Paseo De La Ribera Río (No Oficial) (E/Luzuriaga Y Villarino),4,21047.054351471597,PLAZOLETA
1667,,4,28260.74154860023,PLAZOLETA
1668,Camino De Sirga,4,22895.586208989225,PLAZOLETA
1669,Plaza San Blas (Denominación Propuesta),4,158.88402352465783,PLAZA
1670,,4,25.14408706234683,PLAZOLETA
1671,,4,501.0507163730714,PLAZOLETA
1672,Cancha Y Plaza Iriarte (No Oficial),4,38.550456956560474,PLAZOLETA
1673,Plazoleta Kevin (No Oficial),4,13.571441041855287,PLAZOLETA
1674,,4,1105.4185316494663,CANTERO CENTRAL
1675,,8,20038.78671764287,CANTERO CENTRAL
1676,,8,14014.33208590765,CANTERO CENTRAL
1677,,8,230.14890996604183,CANTERO CENTRAL
1678,,8,780.020945296608,CANTERO CENTRAL
1679,,8,7.600026639721382,CANTERO CENTRAL
1680,,8,125.42415954505145,CANTERO CENTRAL
1681,,8,4812.992989211719,CANTERO CENTRAL
1682,,8,19.458205970368937,CANTERO CENTRAL
1683,Paseo Ástor Piazzolla,1,25.540849667104165,PLAZOLETA
1684,,1,413.184904638742,PLAZOLETA
1685,,1,2258.5657094947155,PLAZOLETA
1686,,1,31.38314517822323,CANTERO CENTRAL
1687,,1,451.0975600841484,PLAZOLETA
1688,,1,258.0676984305112,PLAZOLETA
1689,,1,454.78352060900085,PLAZOLETA
1690,Plazoleta Pasaje De Las Almas,3,848.5402766928366,PLAZOLETA
1691,,8,376.26879953930785,CANTERO CENTRAL
1692,Plazoleta Lacarra Y Somellera,8,95.9169583534694,PLAZOLETA
1693,,8,834.4897274111908,PLAZOLETA
1694,Patio De Juegos Ramón Carrillo,8,737.3458991066021,PLAZA
1695,Plaza Seca Ramón Carrillo,8,166.50317393098726,PLAZA
1696,Plazoleta Gauchito Gil,8,77.58328995260302,PLAZOLETA
1697,,8,829.1877082978083,PLAZOLETA
1698,Plaza La Jaulita,8,23.373270920109736,PLAZA
1699,Plaza Mondonguito,8,459.77766915650136,PLAZA
1700,,8,591.7854149187874,CANTERO CENTRAL
1701,,8,251.65258764568736,PLAZOLETA
1702,,8,255.20280864733502,CANTERO CENTRAL
1703,Cancha De Los Huérfanos,8,4899.493497599442,PLAZA
1704,,8,1258.4907585350338,PLAZOLETA
1705,,8,6802.30834882407,CANTERO CENTRAL
1706,Conector Paseo Vecinal Dellepiane,8,304.25553880862674,PLAZOLETA
1707,,8,149.6855274078817,PLAZOLETA
1708,Cancha De Lorenza,8,438.3451619296145,PLAZA
1709,,8,2964.258322296823,PLAZA
1710,Patio De Juegos Plaza Cinthia,4,51.172495083231155,PATIO RECREATIVO
1711,,9,515.7423918299609,PLAZOLETA
1712,,9,6081.031813585686,CANTERO CENTRAL
1713,Plaza Bailecito,1,159.71205433737165,PLAZA
1714,Plaza Ranchera,1,2154.146283767559,PLAZA
1715,Plaza Rumba,1,914.1094453990462,PLAZA
1716,Plaza Folklore,1,919.0713693259522,PLAZA
1717,,1,603.8426078867902,PLAZA
1718,Plaza Huayno,1,179.03061590226963,PLAZA
1719,Plaza Cueca,1,136.44737097909115,PLAZA
1720,,1,1380.119304794066,PLAZA
1721,,12,81.93697485441353,PLAZOLETA
1722,,9,814.9336016326615,PLAZOLETA
1723,,9,282.67914362024635,PLAZOLETA
1724,,9,83.96315446507674,PLAZOLETA
1725,,9,592.4148720920941,PLAZOLETA
1726,,9,74.14238684382282,PLAZOLETA
1727,,5,9.3805395325513,PLAZOLETA
1728,,5,8.722133311852996,PLAZOLETA
1729,,5,7.444125660588912,PLAZOLETA
1730,,5,56.33480850814823,PLAZOLETA
1731,,5,429.86999681391495,PLAZOLETA
1732,,5,362.3848778690634,PLAZOLETA
1733,,6,55.503619346458805,PLAZOLETA
1734,,6,865.1700916596774,PLAZOLETA
1735,Patio Albarracín,7,56.26746436052496,PLAZA
1736,,7,846.7789521715579,CANTERO CENTRAL
1737,Plaza Cesac N° 20 (No Oficial),7,199.0297058038782,PLAZA
1738,Plaza Manzana 7 (No Oficial),7,208.44320227377608,PLAZOLETA
1739,Cancha Manzana 7 (No Oficial),7,590.6567185983968,PLAZA
1740,,7,1045.1621758831473,PLAZOLETA
1741,,7,698.1340642364252,CANTERO CENTRAL
1742,Plaza Mujeres Latinoamericanas En Lucha,15,839.2516351882591,PLAZA
1743,Plaza Ni Una Menos,15,929.2817842432221,PLAZA
1744,Plaza María Elena Moyano,15,557.9149636843258,PLAZA
1745,Plaza Blanca Varela,15,1968.966747229217,PLAZA
1746,Plaza Mercedes Sosa,1,1232.6826082990372,PLAZA
1747,Plaza Juana Azurduy,1,871.7269154636932,PLAZA
1748,Parque Estación Buenos Aires,4,13552.97924354786,PARQUE
1749,,7,4686.74326364883,PLAZOLETA
1750,Plaza Barrio Balbastro,7,351.3345018374211,PLAZA
1751,Corredor Verde Eva Perón (No Oficial),7,1139.499300544903,PLAZOLETA
1752,,7,353.32558565831823,PLAZOLETA
1753,Plazoleta Simón Wiesenthal,4,1881.1084905910088,PLAZOLETA
1754,Plaza Ana Frank,13,45.73292261887123,PLAZA
1755,,4,5090.704141362494,PLAZOLETA
1756,,4,1435.1119420231976,PLAZOLETA
1757,,4,1319.0197699580892,PLAZOLETA
1758,,4,1303.2458410186528,PLAZOLETA
1759,,4,1399.1818101653855,PLAZOLETA
1760,Plazoleta Edmundo Rivero,12,2563.7524811355843,PLAZOLETA
1761,Paseo Del Ballet Argentino (E/ Gutenberg Y Mistral),11,154.2834419066397,CANTERO CENTRAL
1762,,13,465.9109735806102,CANTERO CENTRAL
1763,,9,137.77710114213914,PLAZOLETA
1764,,9,102.0436270685617,PLAZOLETA
1765,,9,60.553891191001256,PLAZOLETA
1766,Plazoleta María Elena Walsh,8,2606.007686990101,PLAZOLETA
1767,Plazoleta Norma Colombatto,8,518.8277233669984,PLAZOLETA
1768,Plazoleta Alicia Moreau De Justo,8,684.2833182866132,PLAZOLETA
1769,Plazoleta Marie Curie,8,428.7260980993604,PLAZOLETA
1770,Plazoleta Bartolina Sisa,8,605.546132573996,PLAZOLETA
1771,,1,1340.8894205195897,PLAZOLETA
1772,,1,5321.166052701146,PLAZOLETA
1773,,1,199.05795138978434,PLAZOLETA
1774,,4,301.776345655697,PLAZOLETA
1775,,1,595.2865729769205,PLAZOLETA
1776,,1,634.5091568958442,PLAZOLETA
1777,,1,199.85589866283587,PLAZOLETA
1778,,1,409.6955046177007,PLAZOLETA
1779,,1,1623.2305879614419,PLAZOLETA
1780,,1,223.44861327493967,CANTERO CENTRAL
1781,,1,565.2977730769747,PLAZOLETA
1782,,1,517.2589263625596,CANTERO CENTRAL
1783,,1,651.0789031113759,CANTERO CENTRAL
1784,,1,493.1723147469055,CANTERO CENTRAL
1785,,1,243.5272429955092,CANTERO CENTRAL
1786,,1,235.27351218271747,PLAZOLETA
1787,,1,154.18276752019594,PLAZOLETA
1788,,1,101.74336241041276,PLAZOLETA
1789,,1,287.15125352683464,CANTERO CENTRAL
1790,,1,26.601383893209924,PLAZOLETA
1791,,1,222.78860114825082,PLAZOLETA
1792,,1,516.38854538241,PLAZOLETA
1793,,1,224.31278962418935,CANTERO CENTRAL
1794,,1,234.51230988918476,CANTERO CENTRAL
1795,,1,56.908703127809346,CANTERO CENTRAL
1796,,1,53.89410834313455,CANTERO CENTRAL
1797,,1,150.9616463920286,CANTERO CENTRAL
1798,,1,204.9848342327039,CANTERO CENTRAL
1799,,1,153.1282562046187,CANTERO CENTRAL
1800,,1,85.38729623149159,CANTERO CENTRAL
1801,,1,158.08822942352256,CANTERO CENTRAL
1802,,1,174.0937646641495,CANTERO CENTRAL
1803,,1,592.0836264406394,PLAZOLETA
1804,,1,1578.8576527186938,PLAZOLETA
1805,,1,737.4034534065652,PLAZOLETA
1806,,1,1294.7506400686523,PLAZOLETA
1807,,1,201.63233010231636,CANTERO CENTRAL
1808,,1,161.1017163179255,CANTERO CENTRAL
1809,,1,181.2607830560294,CANTERO CENTRAL
1810,,1,191.23700449037582,CANTERO CENTRAL
1811,,1,146.5626069914638,CANTERO CENTRAL
1812,,1,182.44861386867072,CANTERO CENTRAL
1813,,1,198.6384919757559,CANTERO CENTRAL
1814,,1,156.9625765662466,CANTERO CENTRAL
1815,,1,552.6183209129908,CANTERO CENTRAL
1816,,1,455.92139057378125,CANTERO CENTRAL
1817,,1,360.6229035789205,CANTERO CENTRAL
1818,,1,137.26450848555433,CANTERO CENTRAL
1819,,1,200.91271228843183,CANTERO CENTRAL
1820,,1,180.401119752654,CANTERO CENTRAL
1821,,1,88.14584799776571,CANTERO CENTRAL
1822,,1,193.14642554258364,CANTERO CENTRAL
1823,,1,286.49830088142824,CANTERO CENTRAL
1824,,1,181.7493690586349,CANTERO CENTRAL
1825,,1,146.5990344733884,CANTERO CENTRAL
1826,,1,36.37308781490965,CANTERO CENTRAL
1827,,1,25.777375369301573,CANTERO CENTRAL
1828,,1,72.5623140865662,CANTERO CENTRAL
1829,,1,72.78083006007407,CANTERO CENTRAL
1830,Plaza Colonia Express,4,596.8282339584412,PLAZA
1831,,4,700.4193805758199,PLAZA
1832,,4,217.95307747879883,PLAZOLETA
1833,,1,2732.335747507948,PLAZOLETA
1834,,1,150.3250927689028,CANTERO CENTRAL
1835,,1,206.86331094407387,CANTERO CENTRAL
1836,,1,193.64577921836155,CANTERO CENTRAL
1837,,1,203.79631380454816,CANTERO CENTRAL
1838,,1,199.51515224310393,CANTERO CENTRAL
1839,,1,106.95614046982949,CANTERO CENTRAL
1840,,1,502.02073646106817,CANTERO CENTRAL
1841,,1,230.3574502968264,CANTERO CENTRAL
1842,,1,100.39805124962785,PLAZOLETA
1843,,1,139.02095440704883,CANTERO CENTRAL
1844,,1,143.6219705568749,CANTERO CENTRAL
1845,,1,445.6175708812696,CANTERO CENTRAL
1846,,1,566.6252982013448,CANTERO CENTRAL
1847,,1,288.3405775783491,PLAZOLETA
1848,,1,395.5804644043038,PLAZOLETA
1849,,1,593.7477451488819,PLAZOLETA
1850,,1,638.6222196266584,PLAZOLETA
1851,,1,229.87058859282806,PLAZOLETA
1852,,1,250.16067918603184,PLAZOLETA
1853,,1,161.45630464892793,PLAZOLETA
1854,,1,395.01334124171274,PLAZOLETA
1855,,1,615.3592409262643,PLAZOLETA
1856,,1,294.25991815685416,PLAZOLETA
1857,,1,1844.7318133666333,CANTERO CENTRAL
1858,,1,562.5113463245974,PLAZOLETA
1859,,1,203.75391611456112,PLAZOLETA
1860,,1,78.49754758732004,PLAZOLETA
1861,,12,95.92375505253801,PLAZOLETA
1862,,12,171.53461423960394,PLAZOLETA
1863,,12,222.21137301089814,PLAZOLETA
1864,,12,360.7781367084773,PLAZOLETA
1865,,12,564.4808885099598,PLAZOLETA
1866,,12,789.2223531058714,PLAZOLETA
1867,,12,337.0474485762625,PLAZOLETA
1868,,12,316.5578205626403,PLAZOLETA
1869,,12,216.99620456808836,PLAZOLETA
1870,,15,858.3935794033863,PLAZOLETA
1871,,8,313.2595293600888,PLAZA
1872,,8,372.8380772977142,PLAZOLETA
1873,Bo. Cardenal Santiago Copello,8,24491.087140562136,PLAZA
1874,,8,2843.4444604338714,PLAZA
1875,,8,421.7629083044806,PLAZOLETA
1876,,8,197.88205054089644,PLAZOLETA
1877,,8,987.8536244932757,PLAZA
1878,,8,903.1351261165219,PLAZOLETA
1879,,8,205.0737558983938,PLAZOLETA
1880,,8,88.80383495779006,PLAZOLETA
1881,,8,340.4557957807059,PLAZOLETA
1882,,8,332.5392810457014,PLAZA
1883,,8,1531.0478771798562,PLAZOLETA
1884,,8,576.2595366383263,PLAZOLETA
1885,,8,575.8717160884909,PLAZOLETA
1886,,8,369.3806462295351,PLAZOLETA
1887,,8,145.6890882632338,PLAZOLETA
1888,,8,922.5680046263527,PLAZOLETA
1889,,8,752.9878552666557,PLAZOLETA
1890,Bo. Los Perales (Ex Manuel Dorrego),9,99486.70236403838,PLAZA
1891,,8,747.8263038563462,PLAZA
1892,,8,2058.106138677074,PLAZA
1893,,8,1006.5276489193285,PLAZA
1894,,8,1197.1883680167914,PLAZA
1895,,8,2141.2637494027995,PLAZA
1896,,8,1774.520729863898,PLAZA
1897,,8,1062.4716736589944,PLAZA
1898,,8,2187.7483661926262,PLAZA
1899,,8,1205.1885486690342,PLAZOLETA
1900,,8,399.47081541382494,PLAZOLETA
1901,,8,3771.256895336839,PLAZA
1902,Barrio Juan José Nágera,8,48324.458764442694,PLAZOLETA
1903,,8,139.6315424818244,PLAZOLETA
1904,Parque Barrio Piletones (No Oficial),8,5599.156983712395,PARQUE
1905,,9,579.796704516186,PLAZOLETA
1906,,9,502.75055969172894,PLAZOLETA
1907,,8,2025.9914545442398,PLAZOLETA
1908,,8,1024.5054943213966,PLAZOLETA
1909,Plazoleta María Josefa Ramos De Garmendia,11,53.806245306631965,PLAZOLETA
1910,,8,48.48165061908259,CANTERO CENTRAL
1911,,7,2141.5695994922767,PLAZOLETA
1912,,8,429.4079021970217,PLAZOLETA
1913,,8,162.66753512168148,PLAZOLETA
1914,,7,2450.008698597136,PLAZOLETA
1915,Plaza 18 De Diciembre De 2022,5,506.848116535055,PLAZA
1916,Parque De La Innovación (Ex Tiro Federal Argentino),13,72607.35965616869,PARQUE
1917,Plazoleta Adelia María Harilaos De Olmos,2,18.40786024277825,PLAZOLETA
1918,Salón De Usos Múltiples Julio Cortázar,11,14.498600451609022,PLAZOLETA
1919,,14,64.81454822667354,CANTERO CENTRAL
1920,Parque Costero Ba,13,1408.6096474915114,PARQUE
1921,,13,3845.0726304973778,PLAZOLETA
1922,,4,188.39905594800507,PLAZOLETA
1923,,4,1433.3443525382397,CANTERO CENTRAL
1924,,4,544.4722685579845,PLAZOLETA
1925,,4,70.87476056984389,PLAZOLETA
1926,,4,100.94529985039925,PLAZOLETA
1927,,4,117.6965453229966,PLAZOLETA
1928,,4,1381.9356399646545,PLAZOLETA
1929,,4,610.2158351353469,CANTERO CENTRAL
1930,,4,683.1436886699757,CANTERO CENTRAL
1931,,4,124.08416784790715,PLAZOLETA
1932,,4,126.97311801971787,PLAZOLETA
1933,,4,273.6519394763663,PLAZOLETA
1934,,4,53.2586441976083,PLAZOLETA
1935,,4,167.07102418229573,PLAZOLETA
1936,,4,52.5331319384306,PLAZOLETA
1937,,4,50.43557468696947,PLAZOLETA
1938,,4,105.0515940608103,PLAZOLETA
1939,,4,13.083313944786585,PLAZOLETA
1940,,4,91.91531167034404,PLAZOLETA
1941,,4,79.96845671418599,PLAZOLETA
1942,,4,94.3852424070636,PLAZOLETA
1943,,4,100.98024749561257,PLAZOLETA
1944,,4,796.80365101449,PLAZOLETA
1945,,4,30.631589248860923,PLAZOLETA
1946,,4,69.07094208873505,PLAZOLETA
1947,,4,3299.1121978493848,PLAZOLETA
1948,,4,141.20040349064163,PLAZOLETA
1949,,4,73.6389176076753,PLAZOLETA
1950,,8,550.8861162910621,PLAZOLETA
1951,,8,471.1957000319823,PLAZOLETA
1952,,4,248.4028246540507,PLAZOLETA
1953,,4,879.2461253551552,PLAZOLETA
1954,,4,604.4119912295056,PLAZOLETA
1955,,7,269.80996344045064,PLAZOLETA
1956,,7,325.4312729688099,PLAZOLETA
1957,,9,546.9570383486376,PLAZOLETA
1958,,9,1966.6872966702383,PLAZOLETA
1959,,9,75.34106922821046,PLAZOLETA
1960,,10,356.98741457894107,PLAZOLETA
1961,,10,169.24462886526607,PLAZOLETA
1962,Corredor Verde Emilio Castro,9,1177.672614399693,PLAZOLETA
1963,,8,858.0492495552086,PLAZOLETA
1964,,9,563.6865965826513,PLAZOLETA
1965,,9,265.3496063718611,PLAZOLETA
1966,,7,130.2832209979545,PLAZOLETA
1967,,10,872.4362398877015,PLAZOLETA
1968,,10,1615.8483306553169,PLAZOLETA
1969,,10,758.0138463958447,PLAZOLETA
1970,,10,290.4978299852405,PLAZOLETA
1971,,11,15.400880757337513,PLAZOLETA
1972,,11,177.46387214994735,PLAZOLETA
1973,,11,77.83242890392461,PLAZOLETA
1974,,15,229.35188568402418,PLAZOLETA
1975,,11,72.23621704674426,PLAZOLETA
1976,Plaza Educativa,12,214.8830683951504,PLAZA
1977,Corredor Verde Av Triunvirato,12,2057.1035481211698,PLAZOLETA
1978,,12,81.38410019246159,PLAZOLETA
1979,,12,203.42212104288853,PLAZOLETA
1980,Plaza San Isidro Labrador,12,2074.452516836436,PLAZA
1981,,13,76.64647820183299,PLAZOLETA
1982,,13,1235.0876695974648,PLAZOLETA
1983,,13,1827.9355765108987,PLAZOLETA
1984,Plaza Nodo Libertador,13,1063.9553351905029,PLAZA
1985,,13,112.20870947667882,PLAZOLETA
1986,Plazoleta Paseo Beijing,13,846.3922190788992,PLAZOLETA
1987,,13,33.86693278402172,CANTERO CENTRAL
1988,,13,312.4526868782392,PLAZOLETA
1989,,13,33.31856997953646,PLAZOLETA
1990,Parque Ferroviario Colegiales,13,14199.59679262234,PARQUE
1991,,15,1871.118357014371,PLAZOLETA
1992,,15,1161.4171470291105,PLAZOLETA
1993,,15,1627.7351954835979,PLAZOLETA
1994,,15,49.40798405833287,PLAZOLETA
1995,,15,51.1255411048929,PLAZOLETA
1996,,15,62.77434087317831,PLAZOLETA
1997,,15,34.11276445053126,PLAZOLETA
1998,,15,155.92203172978114,PLAZOLETA
1999,,15,23.061019011736168,CANTERO CENTRAL
2000,,15,34.591528540872034,CANTERO CENTRAL
2001,,15,34.59152854114366,CANTERO CENTRAL
2002,,15,51.887292829567734,CANTERO CENTRAL
2003,,15,28.82627380922601,CANTERO CENTRAL
2004,,15,46.12203813041579,CANTERO CENTRAL
2005,,15,214.60692964301757,PLAZOLETA
2006,,15,44.449704597952234,PLAZOLETA
2007,Plaza Fitz Roy,15,189.94523390401207,PLAZA
2008,,14,1105.1469904809694,PLAZOLETA
2009,,3,283.16937133877894,PLAZOLETA
2010,Plazoleta Cinco Esquinas,1,123.81029880229372,PLAZOLETA
2011,,1,602.8305043667615,PLAZOLETA
2012,,1,94.0564828228992,PLAZOLETA
2013,,1,155.24469852036688,PLAZOLETA
2014,,1,106.52260374914513,PLAZOLETA
2015,,1,290.50704978381657,PLAZOLETA
2016,,1,930.2601448486249,PLAZOLETA
2017,,1,125.91778776908866,PLAZOLETA
2018,,1,194.86339204559192,PLAZOLETA
2019,,1,265.4016204456302,PLAZOLETA
2020,,1,17.01222799385254,CANTERO CENTRAL
2021,,1,34.93782351009493,CANTERO CENTRAL
2022,,1,37.84930875070845,CANTERO CENTRAL
2023,,1,37.84930867231933,CANTERO CENTRAL
2024,,1,29.11485280540608,CANTERO CENTRAL
2025,,1,40.76079388793247,CANTERO CENTRAL
2026,,1,32.02633798293201,CANTERO CENTRAL
2027,,1,34.937823220828946,CANTERO CENTRAL
2028,,1,34.93782318048429,CANTERO CENTRAL
2029,,1,26.20336734134982,CANTERO CENTRAL
2030,Plazoleta Alberto Ginastera,1,29.52724011159913,PLAZOLETA
2031,,1,262.19680874666926,PLAZOLETA
2032,,1,567.2109241044611,PLAZOLETA
2033,,1,740.3787598507525,PLAZOLETA
2034,Plazoleta Paseo Agustín Bardi (No Oficial),4,336.2766993082362,PLAZOLETA
2035,,4,1832.1679596666213,PLAZOLETA
2036,,8,290.17086433112866,PLAZOLETA
2037,,8,428.9003375624724,PLAZOLETA
2038,,8,176.67383512267452,CANTERO CENTRAL
2039,,8,384.70319895905754,CANTERO CENTRAL
2040,,8,599.1174182053669,CANTERO CENTRAL
2041,,8,2149.823683620563,CANTERO CENTRAL
2042,,8,387.1104633692636,PLAZOLETA
2043,,9,111.09787201569199,PLAZOLETA
2044,,9,2.676713574026864,PLAZOLETA
2045,,9,8.497845817481217,PLAZOLETA
2046,,9,18.00601827472399,PLAZOLETA
2047,,9,85.81086228076636,PLAZOLETA
2048,,9,33.264417030519425,PLAZOLETA
2049,,9,85.9329024557157,PLAZOLETA
2050,,12,37.64392649051564,PLAZOLETA
2051,,12,284.70823197327326,CANTERO CENTRAL
2052,,12,144.85497470823645,CANTERO CENTRAL
2053,,12,26.597884338198458,CANTERO CENTRAL
2054,,12,27.604715651209865,CANTERO CENTRAL
2055,,12,26.38738179099761,CANTERO CENTRAL
2056,,12,20.530624103690254,CANTERO CENTRAL
2057,,12,25.580307149747334,CANTERO CENTRAL
2058,,12,19.869828238636387,CANTERO CENTRAL
2059,,12,27.985080339564277,CANTERO CENTRAL
2060,,12,26.314664236772344,CANTERO CENTRAL
2061,,12,20.472174376532543,CANTERO CENTRAL
2062,,12,30.154844610767224,CANTERO CENTRAL
2063,,12,25.722290361386015,CANTERO CENTRAL
2064,,12,143.97809408037583,PLAZOLETA
2065,Plaza Barrio Presidente Roque Sáenz Peña,12,20096.885056923533,PLAZA
2066,,12,291.6711016062436,PLAZOLETA
2067,,12,287.31179678073397,PLAZOLETA
2068,,12,90.63377331860704,PLAZOLETA
2069,,12,3066.26706398849,PLAZA
2070,,12,126.42456681986243,CANTERO CENTRAL
2071,,13,61.23647119721548,CANTERO CENTRAL
2072,,12,43.31924421561031,CANTERO CENTRAL
2073,,13,88.11279146972086,CANTERO CENTRAL
2074,,13,54.80740093098676,CANTERO CENTRAL
2075,,13,82.91937846849035,CANTERO CENTRAL
2076,,13,152.90893808845118,CANTERO CENTRAL
2077,,13,108.56891590094763,CANTERO CENTRAL
2078,,13,78.73859187290549,CANTERO CENTRAL
2079,,13,19.45143346313354,CANTERO CENTRAL
2080,,14,67.46846146253417,CANTERO CENTRAL
2081,,14,485.4385264562986,PLAZOLETA
2082,,14,775.2367771371989,PLAZOLETA
2083,,14,3329.857952136089,PLAZOLETA
2084,,14,770.3184718629092,PLAZOLETA
2085,Plaza Las Cañitas,14,4888.661927309909,PLAZA
2086,,14,109.48033747189827,PLAZOLETA
2087,,14,518.8342593149382,PLAZOLETA
2088,,14,102.46871901683906,CANTERO CENTRAL
2089,,14,536.0793554726296,CANTERO CENTRAL
2090,,14,646.702077583491,CANTERO CENTRAL
2091,,14,239.57208337134608,CANTERO CENTRAL
2092,,14,78.13524135501063,CANTERO CENTRAL
2093,,14,804.4209875038378,CANTERO CENTRAL
2094,,14,489.38681846871145,PLAZOLETA
2095,,14,337.88012563977156,PLAZOLETA
2096,,14,421.2372523337221,PLAZOLETA
2097,,14,184.58688127761673,PLAZOLETA
2098,,14,59.389338960087656,PLAZOLETA
2099,,14,124.25755158802264,PLAZOLETA
2100,,14,129.44154338204027,PLAZOLETA
2101,,14,80.5521903695365,PLAZOLETA
2102,,14,93.03919805367289,PLAZOLETA
2103,,14,110.71968679833532,PLAZOLETA
2104,,14,52.03038079018644,PLAZOLETA
2105,,14,139.29319685254254,PLAZOLETA
2106,,14,112.61683336725594,PLAZOLETA
2107,,15,780.4853817555648,CANTERO CENTRAL
2108,,15,60.820860209774594,CANTERO CENTRAL
2109,,15,203.47748396008294,CANTERO CENTRAL
2110,,15,287.0922722690976,CANTERO CENTRAL
2111,,15,445.2300483169252,CANTERO CENTRAL
2112,,15,189.74111405684602,CANTERO CENTRAL
2113,,11,959.9469936369328,CANTERO CENTRAL
2114,,11,35.0811794761497,PLAZOLETA
2115,,11,23.525120105653453,PLAZOLETA
2116,Parque Ferroviario Palermo,14,3666.0415041812194,PARQUE
2117,,14,1050.6761807470184,PLAZOLETA
2118,,14,89.11854810852498,CANTERO CENTRAL
2119,,14,1126.076057911342,PLAZOLETA
2120,,14,99.89915375953473,CANTERO CENTRAL
2121,,15,92.71722406583879,CANTERO CENTRAL
2122,,15,101.10600358366294,CANTERO CENTRAL
2123,,15,97.96810554152475,CANTERO CENTRAL
2124,,15,79.35501266930339,CANTERO CENTRAL
2125,,15,40.76878922534668,CANTERO CENTRAL
2126,,6,51.14457719460255,CANTERO CENTRAL
2127,,11,95.16987815677874,CANTERO CENTRAL
2128,,11,105.31818661951047,CANTERO CENTRAL
2129,,11,105.65508180472605,CANTERO CENTRAL
2130,,11,104.75794069166481,CANTERO CENTRAL
2131,,11,108.40000652386446,CANTERO CENTRAL
2132,,10,103.05437394233695,CANTERO CENTRAL
2133,,10,47.45632545286627,CANTERO CENTRAL
2134,,10,104.81664697668853,CANTERO CENTRAL
2135,,10,48.1655233772098,CANTERO CENTRAL
2136,,10,99.17574481640972,CANTERO CENTRAL
2137,,10,105.016250071553,CANTERO CENTRAL
2138,,10,51.868761913751264,CANTERO CENTRAL
2139,,10,51.50011590315957,CANTERO CENTRAL
2140,,4,8.205041527343656,CANTERO CENTRAL
2141,,4,18.830106826344725,CANTERO CENTRAL
2142,,4,105.29873021970226,CANTERO CENTRAL
2143,,4,49.31876708659236,CANTERO CENTRAL
2144,,4,49.81762114501738,CANTERO CENTRAL
2145,Plaza Villa Santa Rita,11,1177.7466392553265,PLAZA
2146,,8,378.4107831587009,PLAZOLETA
2147,,8,195.49116185119703,PLAZOLETA
2148,,8,444.69458558190126,PLAZOLETA
2149,,8,253.1365084229171,PLAZOLETA
2150,,8,494.7196700706013,PLAZOLETA
2151,,9,433.1444325591778,PLAZOLETA
2152,,14,396.72424799216924,PLAZOLETA
2153,,14,1916.4711787027575,PLAZOLETA
2154,,14,6919.405425809017,PLAZOLETA
2155,Plazoleta Joseph Kessel - Monumento Jean Mermoz,14,4439.737191558365,PLAZOLETA
2156,Parque Salguero,14,66450.0576615182,PARQUE
2157,,14,3050.4714200009403,PLAZOLETA
2158,,14,3073.8577569699146,CANTERO CENTRAL
2159,Espigón Puerto Argentino,14,288.77263648479766,PLAZOLETA
2160,Plaza Memoria Amia,13,19586.97714211938,PLAZA
2161,Reserva Ecológica Ciudad Universitaria Costanera Norte,13,132531.05415626196,PARQUE SEMIPÚBLICO
2162,,8,7482.517465863072,PLAZA
2163,,8,8640.799996776163,PLAZA
2164,,8,7350.568349800669,PLAZA
2165,Plazoleta Barrio Papa Francisco,8,2605.4898098927624,PLAZOLETA
2166,,1,250.31818066458783,PLAZOLETA
2167,,1,258.07550289809024,PLAZOLETA
2168,Centro De Cuidado Integral Rodrigo Bueno,1,179.98032023350652,PLAZOLETA
2169,,1,926.3158309269495,PLAZOLETA
2170,,1,173.3874458098973,PLAZOLETA
2171,,1,103.20883103204334,PLAZOLETA
2172,,1,224.6856798791902,PLAZOLETA
2173,,1,562.0014122150743,PLAZOLETA
2174,,1,218.70839760296911,PLAZOLETA
2175,,1,98.50508990563256,PLAZOLETA
2176,,1,474.8371949631967,PLAZOLETA
